Player,Team,Season,Age,Pos,MP65,xrapm_off,xrapm_def,darko_off,darko_def,epm_off,epm_def,xrapm_off_scaled,darko_off_scaled,epm_off_scaled,xrapm_def_scaled,darko_def_scaled,epm_def_scaled,combined_off,combined_def,combined_tot,Multi-Year WAR,Multi-Year PV,Y1_off,Y1_def,Y1_tot,Y1_war,Y1_PV,Y2_off,Y2_def,Y2_tot,Y2_war,Y2_PV,Y3_off,Y3_def,Y3_tot,Y3_war,Y3_PV,Y4_off,Y4_def,Y4_tot,Y4_war,Y4_PV,Y5_off,Y5_def,Y5_tot,Y5_war,Y5_PV
Jayson Kent,POR,2025,25,G,30,-3.5,-1.5,-1.7962602376937866,-0.40419846773147583,-2.46321,-0.540409,-3.3463946721020594,-2.209484189909226,-2.46321,-1.0000611670702426,-0.7023195519331586,-0.540409,-2.6730296206704285,-0.7475965730011338,-3.4206261936715623,-0.31071849359783904,-1864310.9615870342,-2.574929620670429,-0.6989965730011339,-3.2739261936715627,-0.22756245661175856,-1460950.9714474902,-2.544329620670429,-0.676496573001134,-3.220826193671563,-0.19619197541031524,-1385507.7303476464,-2.5812296206704293,-0.680096573001134,-3.261326193671563,-0.22017975010630653,-1710400.3347758108,-2.6856296206704293,-0.7097965730011341,-3.3954261936715633,-0.296800839935734,-2536169.113267646,-2.8575296206704297,-0.7655965730011342,-3.6231261936715637,-0.41703266325779775,-3919907.693010263
Shai Gilgeous-alexander,OKC,2025,25,G,30,7.0,2.3,5.026902198791504,0.5904256701469421,5.70517,1.37327,7.193368958647721,6.587164144553925,5.70517,1.5468795589865914,0.46106163241747233,1.37327,6.4952343677338815,1.1270703971346878,7.622304764868569,20.364597841145617,122187587.0468737,6.593334367733882,1.1756703971346878,7.76900476486857,20.83592159211105,133766616.62135294,6.623934367733883,1.198170397134688,7.822104764868571,21.007794497390915,148357044.7405747,6.587034367733882,1.194570397134688,7.78160476486857,20.8766438568724,162173944.8089562,6.482634367733882,1.1648703971346879,7.64750476486857,20.44519461131952,174704596.8576176,6.310734367733881,1.1090703971346878,7.4198047648685685,19.72246934237306,185381784.47796115
Victor Wembanyama,SAS,2025,25,G,30,3.1,7.1,3.9676015377044678,2.3944129943847656,3.80691,3.99316,3.278599610083517,5.221478440485156,3.80691,4.764067844532066,2.5711299787397404,3.99316,4.1023293501895575,3.7761192744239356,7.878448624613493,21.19090583240247,127145434.99441482,4.200429350189558,3.824719274423935,8.025148624613493,21.671233241623153,139129317.41122064,4.231029350189559,3.847219274423935,8.078248624613494,21.84636513976841,154279030.6170445,4.194129350189558,3.843619274423935,8.037748624613492,21.712728826725442,168668820.07176864,4.0897293501895575,3.8139192744239354,7.903648624613493,21.273049243258246,181778631.2446266,3.9178293501895567,3.7581192744239353,7.675948624613492,20.53634897100763,193031863.95266366
Nikola Jokic,DEN,2025,25,G,30,5.3,2.8,5.1255621910095215,1.900164008140564,6.50069,1.08688,5.486931037478709,6.714359893490225,6.50069,1.8820033387309119,1.9930221799411094,1.08688,6.233993643656311,1.6539685062240073,7.887962149880319,21.22189880325107,127331392.8195064,6.332093643656312,1.7025685062240072,8.034662149880319,21.702560620372022,139330439.1827884,6.362693643656312,1.7250685062240074,8.08776214988032,21.877813561867686,154501119.37390962,6.325793643656311,1.7214685062240074,8.047262149880318,21.744084927625252,168912400.53477854,6.221393643656311,1.6917685062240073,7.913162149880319,21.30409965840873,182043957.6630958,6.0494936436563105,1.6359685062240072,7.685462149880317,20.566880335858915,193318844.18827337
Giannis Antetokounmpo,MIL,2025,25,G,30,4.2,1.5,3.7726614475250244,1.369978666305542,5.65006,1.25115,4.382765323781113,4.970155181577014,5.65006,1.010681511395679,1.3728807341231415,1.25115,5.000993501786042,1.2115707485062737,6.212564250292316,16.09819935030263,96589196.10181578,5.099093501786043,1.2601707485062736,6.359264250292316,16.51996961271492,106058204.9136298,5.129693501786043,1.2826707485062738,6.412364250292317,16.67390597919334,117751124.02506338,5.092793501786042,1.2790707485062738,6.371864250292316,16.55643574962508,128613704.19023758,4.988393501786042,1.2493707485062737,6.237764250292316,16.170283864774145,138175399.0301724,4.8164935017860415,1.1935707485062736,6.010064250292315,15.524472906281337,145922624.6209954
Kawhi Leonard,LAC,2025,25,G,30,4.1,0.9,5.385987758636475,0.4950486123561859,6.23946,1.32141,4.282386622535877,7.050109211646179,6.23946,0.6085329757024948,0.34950202891823345,1.32141,5.857318611394018,0.7598150015402427,6.617133612934261,17.27385645674842,103643138.74049051,5.955418611394019,0.8084150015402425,6.7638336129342616,17.709847650653664,113697221.91719654,5.9860186113940195,0.8309150015402426,6.816933612934262,17.868931470862663,126190394.04723214,5.949118611394018,0.8273150015402425,6.776433612934261,17.747535217262598,137866403.07473937,5.844718611394018,0.7976150015402425,6.6423336129342605,17.3483838306175,148242286.8003032,5.6728186113940176,0.7418150015402424,6.41463361293426,16.680499892568143,156788725.71119195
Luka Doncic,LAL,2025,25,G,30,5.3,0.7,4.527519702911377,-0.07024790346622467,5.96381,0.51914,5.486931037478709,5.943343593374608,5.96381,0.4744834638047667,-0.31170787444241915,0.51914,5.798028210284439,0.22730519645411587,6.025333406738555,15.567391234647303,93404347.40788382,5.896128210284439,0.2759051964541157,6.172033406738555,15.982580185558005,102608164.7912824,5.926728210284439,0.2984051964541158,6.225133406738555,16.13413435952971,113939256.84699884,5.889828210284438,0.29480519645411574,6.184633406738554,16.01848105644962,124434764.54271196,5.785428210284438,0.2651051964541157,6.050533406738554,15.638345217081735,133629972.64686783,5.6135282102844375,0.2093051964541156,5.822833406738553,15.002749423066852,141018673.26260424
Ty Jerome,MEM,2025,25,G,30,3.7,-1.0,2.5118167400360107,-0.20770268142223358,5.17108,-0.11212,3.880871817554933,3.3446321782197694,5.17108,-0.6649373873259222,-0.47248448973170365,-0.11212,4.1321946652582335,-0.4165139590192086,3.715680706239025,9.71032633163945,58261957.9898367,4.230294665258234,-0.36791395901920876,3.8623807062390254,10.04432917243092,64484593.28700651,4.260894665258235,-0.3454139590192088,3.915480706239026,10.166496962985237,71795801.55260175,4.223994665258234,-0.34901395901920884,3.874980706239025,10.073257003189594,78251075.05217743,4.119594665258234,-0.3787139590192089,3.740880706239025,9.767334233808004,83462066.3745741,3.9476946652582328,-0.434513959019209,3.513180706239024,9.257751236481258,87018436.41783284
Chet Holmgren,OKC,2025,25,G,30,1.7,3.6,1.0216346979141235,2.2687876224517822,1.81344,2.78321,1.8732977926502128,1.4234398424220551,1.81344,2.4182013863218246,2.4241898549100207,2.78321,1.7033925450240892,2.541867080410615,4.245259625434704,10.940350402133673,65642102.41280203,1.8014925450240893,2.5904670804106145,4.391959625434704,11.292968358713479,72500856.86294053,1.8320925450240888,2.6129670804106144,4.445059625434704,11.421874135964183,80661275.14817907,1.7951925450240886,2.6093670804106144,4.404559625434703,11.323495033772993,87963174.12135538,1.6907925450240886,2.5796670804106143,4.270459625434703,11.000555992903902,93999970.97048372,1.5188925450240882,2.5238670804106142,4.0427596254347025,10.46207959499771,98338547.31893212
Donovan Mitchell,CLE,2025,25,G,30,3.7,0.3,4.522792339324951,-0.6516621708869934,3.67537,0.0681592,3.880871817554933,5.937248918741542,3.67537,0.2063844400093105,-0.991770214848853,0.0681592,4.497830245432159,-0.23907552494651418,4.258754720485644,10.972572754468038,65835436.526808225,4.595930245432158,-0.19047552494651432,4.405454720485644,11.325665074259524,72710769.77674615,4.626530245432159,-0.16797552494651435,4.458554720485645,11.454742553531636,80893391.91304044,4.589630245432158,-0.1715755249465144,4.418054720485643,11.356232492171571,88217485.24568722,4.485230245432158,-0.20127552494651446,4.283954720485643,11.03285983094334,94276007.91260746,4.313330245432157,-0.25707552494651453,4.056254720485643,10.493647151487732,98635267.26064628
Stephen Curry,GSW,2025,25,G,30,4.9,-1.3,3.7877068519592285,-1.7973672151565552,5.51048,-0.686049,5.085416232497765,4.989552218228195,5.51048,-0.8660116551725144,-2.331866076750956,-0.686049,5.195149483575321,-1.2946422439744902,3.900507239600831,10.131978938260799,60791873.62956479,5.2932494835753205,-1.2460422439744905,4.04720723960083,10.472478577158412,67233312.465357,5.323849483575321,-1.2235422439744905,4.100307239600831,10.596997969481214,74835999.66047634,5.28694948357532,-1.2271422439744906,4.059807239600829,10.501964415116388,81581359.96950716,5.18254948357532,-1.2568422439744906,3.9257072396008295,10.190102854827948,87074632.69656193,5.010649483575319,-1.3126422439744907,3.6980072396008286,9.67043587025669,90897474.71206693
Jalen Duren,DET,2025,25,G,30,2.4,-1.0,1.062613844871521,0.6920797228813171,1.99969,0.163638,2.5759487013668645,1.4762715239459967,1.99969,-0.6649373873259222,0.5799632433480276,0.163638,2.0173034084376202,0.0262212853407018,2.043524693778322,6.267580162663608,37605480.975981645,2.1154034084376203,0.07482128534070165,2.190224693778322,6.542805403630299,42004810.691306524,2.14600340843762,0.09732128534070161,2.2433246937783218,6.643697866640676,46917794.33421646,2.10910340843762,0.09372128534070157,2.2028246937783216,6.566684851581939,51011321.26405882,2.00470340843762,0.0640212853407015,2.0687246937783215,6.314491299218087,53957454.441644564,1.8328034084376195,0.008221285340701434,1.841024693778321,5.89613979118992,55420895.68236509
Lamelo Ball,CHA,2025,25,G,30,4.7,-2.0,3.2102253437042236,-0.6244479417800903,6.10638,-0.676422,4.884658830007293,4.245043818338571,6.10638,-1.3351849468145627,-0.9599385702266826,-0.676422,5.078694216115288,-0.9905151723470818,4.088179043768206,10.568497842057994,63410987.052347966,5.176794216115288,-0.9419151723470819,4.234879043768205,10.9155942925698,70078115.35829812,5.207394216115288,-0.9194151723470819,4.287979043768206,11.042501487869517,77982145.50733455,5.170494216115287,-0.923015172347082,4.247479043768205,10.945646727844336,85027972.9112404,5.066094216115287,-0.952715172347082,4.113379043768205,10.62775495325826,90814378.63069092,4.894194216115286,-1.008515172347082,3.8856790437682043,10.097848745752085,94914951.43836917
Cade Cunningham,DET,2025,25,G,30,3.6,0.1,3.260249137878418,0.37742191553115845,2.80845,1.08052,3.780493116309697,4.309536160387022,2.80845,0.07233492811158238,0.21191770871919885,1.08052,3.632826425565573,0.45492421227692703,4.0877506378425,10.567491772615794,63404950.635694765,3.730926425565573,0.503524212276927,4.2344506378425,10.914573164322158,70071559.71494827,3.7615264255655734,0.5260242122769271,4.2875506378425,11.041474908888615,77974895.80657141,3.724626425565573,0.522424212276927,4.2470506378425,10.94462430620236,85020030.5354412,3.620226425565573,0.492724212276927,4.1129506378425,10.626746297027395,90805759.64302506,3.448326425565573,0.4369242122769269,3.8852506378425,10.09686346300452,94905690.25150722
Derrick White,BOS,2025,25,G,30,1.1,3.3,0.7486152052879333,0.790077805519104,0.864167,2.19175,1.2710255851787966,1.0714540165762796,0.864167,2.217127118475232,0.6945885787902446,2.19175,1.0688822005850254,1.7011552324218255,2.770037433006851,7.681064321173536,46086385.92704122,1.1669822005850252,1.7497552324218255,2.9167374330068507,7.981827056689635,51243329.70394746,1.1975822005850252,1.7722552324218257,2.969837433006851,8.091963152696424,57145443.784342155,1.160682200585025,1.7686552324218257,2.9293374330068507,8.007899909081102,62206968.07372384,1.056282200585025,1.7389552324218256,2.7952374330068506,7.732362266607669,66073190.21540787,0.8843822005850246,1.6831552324218255,2.56753743300685,7.274372806916922,68375627.23481739
Jimmy Butler III,GSW,2025,25,G,30,2.9,1.5,1.3001153469085693,0.6158745884895325,3.30516,1.36279,3.0778422075930454,1.7824663730023655,3.30516,1.010681511395679,0.4908284474728539,1.36279,2.72182286019847,0.9547666529561777,3.676589513154648,9.622194613965943,57733167.68379566,2.81992286019847,1.0033666529561776,3.8232895131546476,9.954823368555724,63909966.02612775,2.85052286019847,1.0258666529561777,3.8763895131546477,10.07649379048489,71160199.1484043,2.81362286019847,1.0222666529561777,3.8358895131546475,9.983633179640636,77554859.2660844,2.70922286019847,0.9925666529561775,3.7017895131546474,9.678966476786965,82706962.12347417,2.5373228601984694,0.9367666529561774,3.474089513154647,9.171516263564676,86207868.892734
Joel Embiid,PHI,2025,25,G,30,1.1,1.0,2.0761895179748535,0.5140194296836853,3.62168,0.838736,1.2710255851787966,2.7830070501266686,3.62168,0.6755577316513589,0.3716916089717025,0.838736,2.5585708784351553,0.6286617802076871,3.1872326586428423,8.549913322220688,51299479.93332413,2.656670878435155,0.677261780207687,3.333932658642842,8.865340798250536,56915487.92476845,2.687270878435155,0.6997617802076869,3.387032658642842,8.980784990516902,63422303.60303037,2.650370878435155,0.6961617802076868,3.346532658642842,8.892673198906987,69080063.94374926,2.545970878435155,0.6664617802076868,3.2124326586428418,8.603730364184791,73519048.03656635,2.3740708784351545,0.6106617802076867,2.9847326586428413,8.12297906799111,76352120.45512198
Kevin Durant,HOU,2025,25,G,30,2.6,-0.4,2.843010663986206,0.32881879806518555,2.85151,-0.0802944,2.776706103857337,3.771618419075195,2.85151,-0.26278885163273796,0.15506814092034427,-0.0802944,3.133278174310844,-0.06267170357079789,3.0706064707400462,8.302828448777927,49816970.69266756,3.2313781743108443,-0.014071703570798011,3.2173064707400463,8.614156422518183,55302884.232566744,3.2619781743108436,0.008428296429201954,3.2704064707400455,8.728116745857639,61637960.45924665,3.2250781743108434,0.004828296429201906,3.2299064707400453,8.6411367186835,67126078.25807719,3.1206781743108434,-0.024871703570798154,3.0958064707400452,8.355941281759765,71401685.37146284,2.948778174310843,-0.08067170357079823,2.8681064707400448,7.881553016727234,74082830.97489403
Isaiah Hartenstein,OKC,2025,25,G,30,1.0,2.3,-0.4716767370700836,2.900031089782715,1.09461,2.1205,1.1706468839335606,-0.5017870109130116,1.09461,1.5468795589865914,3.1625358739434226,2.1205,0.5878232910068497,2.276638477643338,2.8644617686501874,7.874060692527048,47244364.15516229,0.6859232910068493,2.325238477643338,3.0111617686501875,8.178142517752963,52503674.96397402,0.7165232910068489,2.347738477643338,3.0642617686501867,8.289480002059625,58540307.77454507,0.6796232910068487,2.344138477643338,3.0237617686501865,8.20450044533423,63734200.35944538,0.5752232910068487,2.3144384776433378,2.8896617686501864,7.92592878834078,67727220.01494776,0.4033232910068483,2.2586384776433377,2.661961768650186,7.462787612720075,70146636.34708986
Zach Edey,MEM,2025,25,G,30,1.7,3.1,-1.3297722339630127,1.359011173248291,0.423591,1.21104,1.8732977926502128,-1.6080723139259334,0.423591,2.083077606577504,1.3600523956821318,1.21104,0.22960549290809315,1.551390000753212,1.780995493661305,5.787917880888635,34727507.28533181,0.32770549290809314,1.599990000753212,1.927695493661305,6.053915013860733,38866134.38898591,0.3583054929080931,1.6224900007532121,1.9807954936613053,6.151467241462026,43441661.65920483,0.32140549290809295,1.618890000753212,1.940295493661305,6.077001863579709,47207365.87665991,0.2170054929080929,1.589190000753212,1.806195493661305,5.833243820977787,49845185.115131624,0.045105492908092515,1.533390000753212,1.5784954936613045,5.429215695297056,51032032.37068998
Lauri Markkanen,UTA,2025,25,G,30,2.0,1.7,1.858458161354065,-0.24632364511489868,3.52094,0.469345,2.1744338963859207,2.5023005312056172,3.52094,1.1447310232934071,-0.517658240066554,0.469345,2.7325581425305128,0.365472594408951,3.0980307369394637,8.36063656906081,50163819.41436486,2.8306581425305124,0.41407259440895094,3.2447307369394633,8.672928527340872,55680201.1455284,2.8612581425305126,0.4365725944089508,3.2978307369394635,8.787237777599648,62055473.18540872,2.8243581425305124,0.43297259440895075,3.2573307369394633,8.699991619724337,67583274.9003426,2.7199581425305124,0.4032725944089507,3.123230736939463,8.413914994478937,71897071.90612243,2.548058142530512,0.3474725944089506,2.8955307369394627,7.93803048350425,74613692.16636887
Paul Reed,DET,2025,25,G,30,-0.2,2.4,0.26070860028266907,1.263480305671692,1.56176,1.99787,-0.03389753100927151,0.44242856624507354,1.56176,1.6139043149354555,1.248312885619193,1.99787,0.6567636784119341,1.6200290668515496,2.2767927452634837,6.7076358235711835,40245814.941427104,0.7548636784119338,1.6686290668515495,2.4234927452634834,6.991060620129535,44882609.18123162,0.7854636784119333,1.6911290668515497,2.476592745263483,7.094921020439959,50104332.246346995,0.7485636784119332,1.6875290668515497,2.436092745263483,7.015644324389661,54498928.24072378,0.6441636784119331,1.6578290668515496,2.3019927452634827,6.755955472742635,57729774.6336953,0.47226367841193273,1.6020290668515496,2.0742927452634823,6.324877047139683,59450820.951884516
Tyrese Maxey,PHI,2025,25,G,30,3.2,0.3,2.6999709606170654,-0.9144220352172852,2.31398,-0.114761,3.378978311328753,3.5872068679627747,2.31398,0.2063844400093105,-1.2991123258260082,-0.114761,3.0933883930971757,-0.40249629527223263,2.690892097824943,7.520942887632488,45125657.32579493,3.191488393097176,-0.35389629527223276,2.837592097824943,7.818923602329566,50197489.52695581,3.222088393097175,-0.3313962952722328,2.8906920978249424,7.9280527092055415,55987908.232409544,3.185188393097175,-0.33499629527223285,2.850192097824942,7.844757508147617,60939645.274792336,3.080788393097175,-0.3646962952722329,2.716092097824942,7.571762939919794,64700865.75687345,2.9088883930971745,-0.420496295272233,2.4883920978249416,7.118091586162868,66906658.4621528
Bam Adebayo,MIA,2025,25,G,30,0.3,2.4,1.4814298152923584,0.7767241597175598,2.34975,1.99723,0.4679959752169085,2.0162230263386034,2.34975,1.6139043149354555,0.6789692310624315,1.99723,1.6113230005185037,1.430034515332629,3.041357515851133,8.241372625962631,49448235.75577579,1.7094230005185034,1.4786345153326288,3.188057515851132,8.551672475919613,54901737.29540392,1.740023000518503,1.501134515332629,3.241157515851132,8.66526065629457,61194070.75475227,1.7031230005185027,1.497534515332629,3.2006575158511317,8.578564466974711,66640004.49235298,1.5987230005185027,1.4678345153326289,3.0665575158511316,8.29430884872403,70875034.99852385,1.4268230005185023,1.4120345153326288,2.838857515851131,7.821516383183327,73518515.31709214
Brandon Miller,CHA,2025,25,G,30,1.9,1.9,1.192613124847412,-0.47763797640800476,2.29828,0.772346,2.0740551951406845,1.6438709267634384,2.29828,1.2787805351911352,-0.7882194806886305,0.772346,2.0054020406347077,0.4209690181675016,2.4263710588022094,6.996673109707193,41980038.65824316,2.103502040634708,0.4695690181675014,2.573071058802209,7.285355701704564,46771983.604943305,2.1341020406347075,0.4920690181675015,2.626171058802209,7.391119230425433,52196084.005264424,2.0972020406347074,0.48846901816750143,2.585671058802209,7.310390995756999,56788579.33323953,1.9928020406347073,0.4587690181675014,2.451571058802209,7.0458959384632625,60207321.712087356,1.820902040634707,0.4029690181675013,2.2238710588022084,6.606656640185023,62099414.43586524
Karl-anthony Towns,NYK,2025,25,G,30,2.6,0.3,2.3691747188568115,1.2040483951568604,2.8901,1.73574,2.776706103857337,3.1607333322358517,2.8901,0.2063844400093105,1.178797212502262,1.73574,2.942513145364396,1.0403072175038577,3.982820362868254,10.32239776025191,61934386.56151146,3.0406131453643956,1.0889072175038577,4.129520362868253,10.665790770212803,68474376.7447662,3.071213145364396,1.1114072175038578,4.182620362868254,10.791357456356053,76208566.35678646,3.0343131453643957,1.1078072175038578,4.142120362868253,10.695525118568852,83084978.22606657,2.9299131453643956,1.0781072175038577,4.008020362868253,10.38101869761521,88706012.39149593,2.7580131453643952,1.0223072175038577,3.780320362868253,9.85686077513592,92649779.7068272
Alex Morales,ORL,2025,25,G,30,-3.6,-1.7,-2.0162835121154785,-0.734976589679718,-3.05522,-0.211963,-3.4467733733472956,-2.493145525617026,-3.05522,-1.1341106789679705,-1.089220521469516,-0.211963,-2.9983796329881076,-0.8117647334791621,-3.8101443664672696,-0.5064913139110742,-3038947.883466445,-2.9002796329881075,-0.7631647334791622,-3.66344436646727,-0.4370271472495654,-2805714.28534221,-2.869679632988108,-0.7406647334791623,-3.6103443664672703,-0.41061261911038927,-2899746.3161575696,-2.906579632988108,-0.7442647334791623,-3.65084436646727,-0.43082042960634565,-3346699.261268015,-3.010979632988108,-0.7739647334791624,-3.78494436646727,-0.49492563797343514,-4229149.474995764,-3.1828796329881084,-0.8297647334791625,-4.012644366467271,-0.5939056625708569,-5582429.341259347
Chris Livingston,CLE,2025,25,G,30,-2.6,-1.1,-1.3031980991363525,-0.4336760342121124,-2.71992,-0.15701,-2.4429863608949356,-1.5738120539601521,-2.71992,-0.7319621432747864,-0.736798552490261,-0.15701,-2.245572804951696,-0.5419235652550158,-2.787496370206712,0.08506417641674294,510385.0585004576,-2.147472804951696,-0.49332356525501597,-2.640796370206712,0.19047522497078337,1222850.9443124293,-2.1168728049516963,-0.470823565255016,-2.587696370206712,0.22990120115694956,1623562.282570378,-2.1537728049516964,-0.47442356525501606,-2.6281963702067124,0.1997694048624413,1551848.6908524167,-2.2581728049516965,-0.5041235652550161,-2.7622963702067125,0.10280477685125883,878468.874289544,-2.430072804951697,-0.5599235652550162,-2.989996370206713,-0.051970101235798885,-488494.1099081189
Grant Nelson,BKN,2025,25,G,30,-3.3,-1.9,-2.2708778381347656,-0.4796096980571747,-3.04115,0.387981,-3.145637269611588,-2.821377012817992,-3.04115,-1.2681601908656988,-0.7905257427026552,0.387981,-3.0027214274765264,-0.5569016445227847,-3.559623071999311,-0.38475048784946864,-2308502.9270968116,-2.9046214274765267,-0.5083016445227848,-3.4129230719993116,-0.30648030052715186,-1967603.529384315,-2.874021427476527,-0.48580164452278485,-3.359823071999312,-0.2768783170567635,-1955314.6750548643,-2.910921427476527,-0.4894016445227849,-3.400323071999312,-0.29951723755110243,-2326709.8047444746,-3.015321427476527,-0.519101644522785,-3.534423071999312,-0.3716721212461697,-3175945.709490946,-3.1872214274765276,-0.574901644522785,-3.7621230719993126,-0.4843203865011636,-4552380.127966193
Tosan Evbuomwan,CHA,2025,25,G,30,-2.0,-0.2,-1.9464322328567505,-0.2519475221633911,-2.04168,-0.350557,-1.8407141534235196,-2.4030909292225826,-2.04168,-0.12873933973500984,-0.5242363156351537,-0.350557,-2.0951616942153675,-0.33451088512338784,-2.4296725793387552,0.3512285671424004,2107371.4028544025,-1.9970616942153676,-0.28591088512338797,-2.2829725793387556,0.4692174035527725,3012375.7308088,-1.9664616942153679,-0.263410885123388,-2.229872579338756,0.513196075956875,3624190.688407452,-2.003361694215368,-0.26701088512338805,-2.2703725793387557,0.4795918842419076,3725565.675167987,-2.107761694215368,-0.2967108851233881,-2.404472579338756,0.3711297691718692,3171311.3001690065,-2.2796616942153682,-0.3525108851233882,-2.6321725793387563,0.19683231238756008,1850129.650597744
Dillon Jones,NYK,2025,25,G,30,-1.9,-0.3,-1.7083898782730103,-0.12122759968042374,-3.31559,-1.30016,-1.7403354521782834,-2.0961987950439065,-3.31559,-0.19576409568387387,-0.37133725312009624,-1.30016,-2.38404141574073,-0.6224204496013234,-3.0064618653420534,-0.06268056533284763,-376083.39199708577,-2.28594141574073,-0.5738204496013235,-2.859761865342054,0.03503367374134141,224916.1854194119,-2.2553414157407303,-0.5513204496013235,-2.806661865342054,0.0716736882139417,506159.58616685634,-2.2922414157407305,-0.5549204496013236,-2.847161865342054,0.043666777972152994,339212.26464327896,-2.3966414157407305,-0.5846204496013236,-2.981261865342054,-0.04626211622002392,-395310.70834242884,-2.568541415740731,-0.6404204496013237,-3.2089618653420544,-0.18909041272178917,-1777359.4943675378
Emanuel Miller,SAS,2025,25,G,30,-3.5,-1.8,-1.4250675439834595,-0.4962283968925476,-1.86553,-1.56598,-3.3463946721020594,-1.7309302024749451,-1.86553,-1.2011354349168348,-0.8099641222846173,-1.56598,-2.3142849581923346,-1.1923598524004841,-3.5066448105928187,-0.3570793710058391,-2142476.2260350343,-2.2161849581923345,-1.1437598524004842,-3.3599448105928187,-0.27694695610119235,-1777999.458169655,-2.185584958192335,-1.1212598524004842,-3.306844810592819,-0.24667091479425504,-1741990.0002770294,-2.222484958192335,-1.1248598524004843,-3.347344810592819,-0.2698239471978265,-2096046.3866221565,-2.326884958192335,-1.1545598524004843,-3.4814448105928193,-0.3436811125479054,-2936761.9803441036,-2.4987849581923354,-1.2103598524004844,-3.7091448105928198,-0.45921982920369475,-4316446.887436373
Tristen Newton,HOU,2025,25,G,30,-3.4,-1.7,-0.7711822390556335,-0.4830645024776459,-1.83844,-0.299892,-3.246015970856824,-0.8879194824361256,-1.83844,-1.1341106789679705,-0.7945667209026824,-0.299892,-1.9907918177643167,-0.742856466623551,-2.7336482843878676,0.1231576189302877,738945.7135817262,-1.8926918177643168,-0.6942564666235511,-2.586948284387868,0.2304614700793039,1479562.6379091311,-1.862091817764317,-0.6717564666235512,-2.5338482843878682,0.27057257113113664,1910783.4973280872,-1.8989918177643172,-0.6753564666235512,-2.5743482843878684,0.23991822197298435,1863732.7319305376,-2.0033918177643173,-0.7050564666235513,-2.7084482843878686,0.1412233633688482,1206756.4644540756,-2.1752918177643177,-0.7608564666235513,-2.936148284387869,-0.01648942304047236,-154992.69463622692
Olivier Sarr,CLE,2025,25,G,30,-3.3,-1.5,-2.5605390071868896,0.48177391290664673,-2.07546,-1.79715,-3.145637269611588,-3.1948178423482867,-2.07546,-1.0000611670702426,0.333975022304011,-1.79715,-2.805305037319958,-0.8210787149220772,-3.626383752242035,-0.4186626069929486,-2511975.6419576914,-2.707205037319958,-0.7724787149220773,-3.4796837522420354,-0.34273911012181874,-2200385.0869820765,-2.676605037319958,-0.7499787149220773,-3.4265837522420357,-0.3139865422135164,-2217372.9611118534,-2.7135050373199583,-0.7535787149220774,-3.4670837522420355,-0.3359776033808403,-2609941.218583044,-2.8179050373199583,-0.7832787149220775,-3.6011837522420356,-0.40598735285979115,-3469170.0499339732,-2.9898050373199587,-0.8390787149220775,-3.828883752242036,-0.5149932090095696,-4840689.9979360495
Orlando Robinson,ORL,2025,25,G,30,-1.7,-1.2,-2.4605648517608643,-0.7245773673057556,-1.59878,-0.868483,-1.5395780496878113,-3.065927830421395,-1.59878,-0.7989868992236504,-1.0770568717238422,-0.868483,-2.068095293369735,-0.9148422569824975,-2.982937550352233,-0.04735859080146452,-284151.5448087871,-1.9699952933697353,-0.8662422569824977,-2.836237550352233,0.05118254645825209,328591.94826197845,-1.9393952933697356,-0.8437422569824977,-2.783137550352233,0.08812186763604304,622316.629245736,-1.9762952933697358,-0.8473422569824978,-2.8236375503522337,0.05988667261910905,465211.650239763,-2.080695293369736,-0.8770422569824978,-2.957737550352234,-0.03079809782855052,-263170.36190692085,-2.2525952933697364,-0.9328422569824979,-3.1854375503522343,-0.1749098620661358,-1644069.0965076094
Harrison Ingram,SAS,2025,25,G,30,-2.9,-1.6,-1.0091443061828613,-0.5809240937232971,-3.72182,-1.26349,-2.7441224646306437,-1.1947081073509986,-3.72182,-1.0670859230191065,-0.9090300672339687,-1.26349,-2.553550190660548,-1.0798686634176917,-3.6334188540782395,-0.42217399761533164,-2533043.98569199,-2.4554501906605477,-1.0312686634176917,-3.4867188540782394,-0.3464977901103704,-2224515.8125085784,-2.424850190660548,-1.0087686634176918,-3.4336188540782397,-0.3178347318499447,-2244548.87632431,-2.461750190660548,-1.0123686634176918,-3.47411885407824,-0.33975752294685435,-2639304.3897557543,-2.566150190660548,-1.0420686634176919,-3.60821885407824,-0.40954122263710047,-3499537.9382584775,-2.7380501906605486,-1.097868663417692,-3.8359188540782405,-0.5181632492798817,-4870486.861197734
Buddy Boeheim,OKC,2025,25,G,30,-3.5,-1.4,-1.0959395170211792,-1.1115061044692993,-0.775969,-0.382321,-3.3463946721020594,-1.306607384844026,-0.775969,-0.9330364111213785,-1.5296354844456286,-0.382321,-1.8096570189820287,-0.9483309651890024,-2.757987984171031,0.10585307773228997,635118.4663937398,-1.7115570189820288,-0.8997309651890025,-2.6112879841710313,0.21230136927858453,1362974.7907685128,-1.680957018982029,-0.8772309651890026,-2.5581879841710315,0.2521027892472234,1780349.897663892,-1.7178570189820292,-0.8808309651890026,-2.5986879841710318,0.22168463752540546,1722090.601224855,-1.8222570189820293,-0.9105309651890027,-2.732787984171032,0.12377185487713192,1057632.9753621903,-1.9941570189820297,-0.9663309651890027,-2.9604879841710323,-0.03261297705679829,-306546.3953308709
Trevor Keels,MIA,2025,25,G,30,-3.8,-1.4,-1.3843481540679932,-0.7405928373336792,-1.2453,-0.494199,-3.647530775837767,-1.67843340838356,-1.2453,-0.9330364111213785,-1.0957896731705885,-0.494199,-2.1904213947404423,-0.8410083614306556,-3.031429756171098,-0.07879772322581334,-472786.33935488004,-2.092321394740442,-0.7924083614306557,-2.884729756171098,0.018038874836004904,115809.57644715148,-2.0617213947404425,-0.7699083614306558,-2.831629756171098,0.05436121556793072,383898.90434072673,-2.0986213947404426,-0.7735083614306558,-2.8721297561710983,0.026596598857164835,206607.6992422279,-2.2030213947404427,-0.8032083614306559,-3.0062297561710984,-0.06253003453229247,-534320.39567913,-2.374921394740443,-0.859008361430656,-3.233929756171099,-0.20399610295964177,-1917465.8576834186
Mouhamadou Gueye,CHI,2025,25,G,30,-3.9,-2.2,-2.9181528091430664,0.014503289945423603,-4.22059,-0.715467,-3.747909477083004,-3.6558654701370346,-4.22059,-1.469234458712291,-0.21257701685365502,-0.715467,-3.8747883157400125,-0.7990928251886485,-4.673881140928661,-0.8109208024160063,-4865524.814496038,-3.776688315740013,-0.7504928251886487,-4.527181140928661,-0.7718176631376568,-4955069.397343757,-3.746088315740013,-0.7279928251886487,-4.474081140928662,-0.7563927093273545,-5341645.313269778,-3.7829883157400133,-0.7315928251886488,-4.514581140928662,-0.7682186410978983,-5967676.047776695,-3.8873883157400133,-0.7612928251886488,-4.648681140928662,-0.8045705176852901,-6875071.165031159,-4.059288315740014,-0.8170928251886489,-4.876381140928663,-0.8564257574487288,-8049992.748505995
Hunter Dickinson,NOP,2025,25,G,30,-3.6,-2.3,-2.553032159805298,-0.09174924343824387,-3.37813,-1.24692,-3.4467733733472956,-3.185139764604858,-3.37813,-1.536259214661155,-0.33685732880326935,-1.24692,-3.3366810459840512,-1.0400121811548082,-4.376693227138859,-0.7263467871968722,-4358080.723181233,-3.238581045984051,-0.9914121811548083,-4.229993227138859,-0.6767972588619232,-4345038.401893547,-3.2079810459840514,-0.9689121811548084,-4.1768932271388595,-0.65759109674279,-4643908.325197584,-3.2448810459840516,-0.9725121811548084,-4.21739322713886,-0.6723010009522731,-5222568.635597449,-3.3492810459840516,-1.0022121811548086,-4.35149322713886,-0.718202030726372,-6137050.716597466,-3.521181045984052,-1.0580121811548087,-4.579193227138861,-0.7862716044242879,-7390577.243761394
Stanley Umude,SAS,2025,25,G,30,-3.8,-1.7,-1.6645697355270386,-0.007260402198880911,-2.82955,-0.30653,-3.647530775837767,-2.039704407098359,-2.82955,-1.1341106789679705,-0.23803333646066874,-0.30653,-2.838928394312042,-0.5595580051428798,-3.3984863994549217,-0.29849907145666155,-1790994.4287399694,-2.740828394312042,-0.5109580051428799,-3.251786399454922,-0.21456480327984795,-1377506.037056624,-2.7102283943120424,-0.48845800514287996,-3.1986863994549224,-0.18291263103390518,-1291729.0003614384,-2.7471283943120426,-0.49205800514288,-3.2391863994549226,-0.20711525483163348,-1608912.7225830958,-2.8515283943120426,-0.5217580051428801,-3.3732863994549227,-0.2844477339090311,-2430611.57520735,-3.023428394312043,-0.5775580051428801,-3.600986399454923,-0.4058874866253001,-3815148.360059215
Colin Castleton,ORL,2025,25,G,30,-2.4,-0.7,-2.7180094718933105,-0.7581374049186707,-2.40802,-0.448246,-2.2422289584044637,-3.3978340117538064,-2.40802,-0.46386311947933007,-1.11631101287936,-0.448246,-2.6826943233860905,-0.6761400441195634,-3.358834367505654,-0.2763207309826503,-1657924.3858959018,-2.5845943233860904,-0.6275400441195635,-3.212134367505654,-0.19099266267667164,-1226172.894384232,-2.5539943233860907,-0.6050400441195636,-3.1590343675056545,-0.15883598608949678,-1121699.7337640263,-2.590894323386091,-0.6086400441195636,-3.1995343675056542,-0.18342340133392737,-1424869.666242215,-2.695294323386091,-0.6383400441195637,-3.3336343675056543,-0.26202996764596026,-2239051.314134084,-2.8671943233860913,-0.6941400441195638,-3.561334367505655,-0.38563310338479984,-3624766.839193702
Alex Antetokounmpo,MIL,2025,25,G,30,-3.7,-1.5,-0.9114705324172974,-0.2981627881526947,-1.01854,-1.0237,-3.547152074592532,-1.0687838241005818,-1.01854,-1.0000611670702426,-0.5782928871923259,-1.0237,-1.8781586328977042,-0.8673513514208562,-2.74550998431856,0.11470669810580703,688240.1886348422,-1.7800586328977044,-0.8187513514208563,-2.5988099843185606,0.2215936011671011,1422630.919492789,-1.7494586328977046,-0.7962513514208563,-2.545709984318561,0.2615537823589606,1847092.8110189799,-1.7863586328977048,-0.7998513514208564,-2.586209984318561,0.2310145415685849,1794567.1618130817,-1.8907586328977048,-0.8295513514208565,-2.720309984318561,0.13270081955997326,1133931.1571563631,-2.0626586328977052,-0.8853513514208565,-2.9480099843185616,-0.02436480202607343,-229017.49266972183
Dario Saric,DET,2025,25,G,30,-3.9,-1.0,-1.8569589853286743,0.15298807621002197,-1.81461,-0.0467814,-3.747909477083004,-2.2877390376073086,-1.81461,-0.6649373873259222,-0.05059563260662758,-0.0467814,-2.6167528382301044,-0.2541048066441833,-2.8708576448742877,0.0274627112468965,164776.267481379,-2.5186528382301043,-0.2055048066441834,-2.7241576448742877,0.12994354539104855,834237.5614105318,-2.4880528382301046,-0.1830048066441835,-2.671057644874288,0.16830889182148817,1188597.3940433497,-2.5249528382301047,-0.18660480664418355,-2.711557644874288,0.1389860504254151,1079671.4369147096,-2.629352838230105,-0.2163048066441836,-2.8456576448742883,0.04469996196683059,381962.0690058068,-2.801252838230105,-0.2721048066441837,-3.0733576448742888,-0.10552679191346735,-991901.4021800589
Skal Labissiere,WAS,2025,25,G,30,-3.8,-1.6,-1.6567721366882324,0.4572647511959076,-3.12608,-1.10489,-3.647530775837767,-2.0296514828895766,-3.12608,-1.0670859230191065,0.30530741160304664,-1.10489,-2.9344207529091144,-0.6222228371386866,-3.556643590047801,-0.3832121197244042,-2299272.7183464253,-2.8363207529091143,-0.5736228371386868,-3.409943590047801,-0.3048372012666399,-1957054.832131828,-2.8057207529091146,-0.5511228371386868,-3.3568435900478013,-0.2751973089803518,-1943443.3960192446,-2.8426207529091148,-0.5547228371386869,-3.3973435900478015,-0.29786514297834243,-2313876.00368436,-2.947020752909115,-0.5844228371386869,-3.5314435900478016,-0.3701157624966102,-3162646.5928487857,-3.118920752909115,-0.640222837138687,-3.759143590047802,-0.4829265858943557,-4539279.068498888
Markelle Fultz,TOR,2025,25,G,30,-3.3,-0.9,-2.056928873062134,-0.13944363594055176,-4.53548,-0.244505,-3.145637269611588,-2.545546879095461,-4.53548,-0.5979126313770582,-0.3926439890331073,-0.244505,-3.408888049569016,-0.4116872068033885,-3.8205752563724045,-0.511234100148204,-3067404.600889224,-3.310788049569016,-0.36308720680338863,-3.673875256372405,-0.4421365874759717,-2838516.8915957385,-3.2801880495690163,-0.34058720680338866,-3.620775256372405,-0.4158547745844476,-2936766.4181153695,-3.3170880495690165,-0.3441872068033887,-3.6612752563724054,-0.4359613615864325,-3386635.0490757264,-3.4214880495690165,-0.37388720680338877,-3.7953752563724055,-0.4997314077179261,-4270214.873577834,-3.593388049569017,-0.42968720680338884,-4.0230752563724055,-0.5981423313381286,-5622252.002544031
Mo Bamba,UTA,2025,25,G,30,-3.1,-0.8,-2.5834975242614746,0.7779760956764221,-2.1256,-0.914463,-2.9448798671211156,-3.2244167274497118,-2.1256,-0.5308878754281942,0.6804335819494501,-0.914463,-2.7649655315236092,-0.25497243115958135,-3.0199379626831906,-0.07139814716616631,-428388.88299699785,-2.6668655315236096,-0.20637243115958148,-2.873237962683191,0.025842396480792562,165908.18540668825,-2.63626553152361,-0.18387243115958152,-2.8201379626831913,0.062310950645376756,440039.9334576507,-2.67316553152361,-0.18747243115958157,-2.8606379626831915,0.034434815214786973,267496.53155150823,-2.77756553152361,-0.21717243115958162,-2.9947379626831916,-0.05506106904697741,-470497.93622780306,-2.9494655315236105,-0.2729724311595817,-3.222437962683192,-0.19715412049911746,-1853154.4930221061
Brandon Clarke,MEM,2025,25,G,30,-0.2,1.0,-0.10565276443958282,1.2670114040374756,-0.46603,0.548876,-0.03389753100927151,-0.029896710896610612,-0.46603,0.6755577316513589,1.2524431024944909,0.548876,-0.176608080635294,0.8256256113819499,0.6490175307466559,3.908820074569847,23452920.447419085,-0.07850808063529424,0.8742256113819498,0.7957175307466555,4.135027291278838,26546875.210010145,-0.0479080806352945,0.8967256113819498,0.8488175307466553,4.218177033852379,29788766.21306551,-0.08480808063529466,0.8931256113819498,0.8083175307466551,4.15469660217767,32274514.145036582,-0.1892080806352947,0.8634256113819497,0.674217530746655,3.9473109370187096,33729850.90304362,-0.3611080806352951,0.8076256113819497,0.44651753074665457,3.605042620016299,33885677.41778085
Julian Champagnie,SAS,2025,25,G,30,2.0,0.4,1.113345742225647,0.7311908602714539,1.5618,0.345292,2.1744338963859207,1.5416767762052717,1.5618,0.2734091959581746,0.625710334742063,0.345292,1.7593035575303972,0.4148038435667458,2.1741074010971433,6.512315453848165,39073892.723088995,1.8574035575303973,0.4634038435667456,2.320807401097143,6.792130779745703,43605479.60596742,1.8880035575303968,0.48590384356674565,2.3739074010971426,6.894684684540866,48690263.24222759,1.8511035575303967,0.4823038435667456,2.3334074010971424,6.816404468120852,52951193.18925642,1.7467035575303966,0.45260384356674555,2.1993074010971423,6.56001507124966,56055459.98412979,1.5748035575303962,0.3968038435667455,1.9716074010971418,6.134539075568093,57661735.00066198
Sam Merrill,CLE,2025,25,G,30,1.7,0.9,0.81513512134552,-0.7538743019104004,1.08814,-0.970245,1.8732977926502128,1.157213708543692,1.08814,0.6085329757024948,-1.1113245927454698,-0.970245,1.3728838337313016,-0.49101220568099163,0.88187162805031,4.270277900741032,25621667.404446192,1.4709838337313015,-0.44241220568099177,1.0285716280503097,4.50467012222642,28919982.18469362,1.5015838337313014,-0.4199122056809918,1.0816716280503096,4.590782535240498,32420106.263868403,1.4646838337313013,-0.42351220568099185,1.0411716280503094,4.525042439670464,35151434.679848105,1.3602838337313012,-0.4532122056809919,0.9070716280503093,4.310174776280317,36830529.666810855,1.1883838337313009,-0.509012205680992,0.6793716280503088,3.9552021267108595,37177009.40446552
Moussa Diabate,CHA,2025,25,G,30,0.5,0.2,-0.11499439924955368,1.218951940536499,0.653675,1.15165,0.6687533777073806,-0.041940257720716856,0.653675,0.1393596840604464,1.1962294299746545,1.15165,0.42682937332888793,0.829079704678367,1.2559090780072548,4.878089436730103,29268536.620380618,0.5249293733288878,0.8776797046783669,1.4026090780072547,5.125629368948951,32906540.54865227,0.5555293733288873,0.9001797046783667,1.4557090780072541,5.216500769283728,36838928.43268169,0.5186293733288871,0.8965797046783667,1.415209078007254,5.147130937621634,39983942.549632385,0.4142293733288871,0.8668797046783666,1.2811090780072538,4.9202448147266695,42043590.3467357,0.2423293733288867,0.8110797046783665,1.0534090780072534,4.544864982239633,42719558.38759106
Kevin Porter Jr.,MIL,2025,25,G,30,-0.4,1.5,-0.12195924669504166,0.5745794773101807,0.0281564,0.675254,-0.23465493349974342,-0.05091957108918199,0.0281564,1.010681511395679,0.44252682928148257,0.675254,-0.08580603486297513,0.7094874468923873,0.6236814120294122,3.8702746993429784,23221648.19605787,0.012293965137024632,0.758087446892387,0.7703814120294117,4.095591331539533,26293696.348483805,0.04289396513702437,0.7805874468923871,0.8234814120294115,4.178418715301824,29507992.96746148,0.005993965137024215,0.7769874468923871,0.7829814120294113,4.1151841505170506,31967573.518046565,-0.09840603486297583,0.747287446892387,0.6488814120294112,3.9086125779492136,33399172.650827598,-0.2703060348629762,0.691487446892387,0.42118141202941073,3.5677265792391117,33534924.47154279
LeBron James,LAL,2025,25,G,30,0.4,0.1,1.5803197622299194,-0.27114295959472656,1.64795,0.635728,0.5683746764621447,2.143715240560539,1.64795,0.07233492811158238,-0.546688626897808,0.635728,1.4533466390075611,0.0537914337379248,1.507138072745486,5.30515658544027,31830939.51264162,1.5514466390075607,0.1023914337379247,1.6538380727454856,5.561527414541387,35705006.00135571,1.5820466390075603,0.12489143373792466,1.7069380727454848,5.655595274483855,39939813.828404985,1.54514663900756,0.12129143373792461,1.6664380727454846,5.583787465154877,43375977.78681613,1.44074663900756,0.09159143373792455,1.5323380727454845,5.348828927318453,45705850.16051475,1.2688466390075597,0.03579143373792448,1.304638072745484,4.959742242615381,46619206.32379263
Darius Garland,LAC,2025,25,G,30,2.9,-1.3,2.2203032970428467,-1.26507568359375,2.94401,-0.636377,3.0778422075930454,2.9688033354140915,2.94401,-0.8660116551725144,-1.709261085753799,-0.636377,2.9968851810023787,-1.0705499136421046,1.926335267360274,6.051424960258943,36308549.76155366,3.0949851810023787,-1.0219499136421049,2.073035267360274,6.322530900658962,40590648.38223054,3.125585181002378,-0.9994499136421049,2.126135267360273,6.421932328494897,45351686.10383096,3.088685181002378,-1.003049913642105,2.085635267360273,6.346056543653954,49297436.44241266,2.984285181002378,-1.032749913642105,1.9515352673602728,6.097628486900128,52104357.373131335,2.8123851810023774,-1.088549913642105,1.7238352673602724,5.685670739874221,53442587.20420403
Mitchell Robinson,NYK,2025,25,G,30,-0.3,1.4,0.12496019899845123,2.7256016731262207,0.293798,1.51265,-0.13427623225450747,0.26741720469848174,0.293798,0.9436567554468152,2.9585111638973975,1.51265,0.1423129908146581,1.8049393064480708,1.9472522972627289,6.0897650426975956,36538590.25618558,0.24041299081465795,1.8535393064480707,2.093952297262729,6.361606233160388,40841512.01688969,0.2710129908146577,1.876039306448071,2.1470522972627286,6.4612737944546295,45629515.5364386,0.23411299081465753,1.8724393064480709,2.1065522972627284,6.385195026467522,49601472.00460501,0.12971299081465748,1.8427393064480708,1.9724522972627283,6.1360948699630615,52433053.38573177,-0.042187009185342905,1.7869393064480708,1.7447522972627278,5.72299590658205,53793425.929827936
Matisse Thybulle,POR,2025,25,G,30,-2.3,1.9,-1.0444039106369019,1.8216475248336792,-2.79486,2.46774,-2.1418502571592275,-1.2401659641266078,-2.79486,1.2787805351911352,1.9011838705115265,2.46774,-2.058958740428612,1.8825681352342205,-0.17639060519439131,2.732194116719685,16393164.70031811,-1.960858740428612,1.9311681352342205,-0.029690605194391484,2.929387587854145,18806668.314023614,-1.9302587404286122,1.9536681352342207,0.02340939480560844,3.002035422520341,21200374.153838657,-1.9671587404286124,1.9500681352342206,-0.01709060519439176,2.9465649206054714,22889505.616247427,-2.071558740428612,1.9203681352342206,-0.15119060519439165,2.7657010228735364,23632970.55447483,-2.2434587404286126,1.8645681352342205,-0.3788906051943921,2.468466310965336,23202403.396177527
Clint Capela,HOU,2025,25,G,30,-1.9,3.3,-1.9840996265411377,2.882513999938965,-1.36393,0.43239,-1.7403354521782834,-2.4516529880921665,-1.36393,2.217127118475232,3.142046674101292,0.43239,-1.8519728134234832,1.9305212641921745,0.07854845076869132,3.0781879760021518,18469127.85601291,-1.7538728134234833,1.9791212641921743,0.22524845076869093,3.2843427555907514,21085480.490892623,-1.7232728134234836,2.0016212641921745,0.27834845076869086,3.3602342540532306,23729974.30212392,-1.7601728134234838,1.9980212641921744,0.23784845076869066,3.3022897712767887,25652847.401232354,-1.8645728134234838,1.9683212641921743,0.10374845076869055,3.1132342480254254,26602648.91406223,-2.036472813423484,1.9125212641921743,-0.12395154923130969,2.8020902659399414,26338309.100688346
Dejounte Murray,NOP,2025,25,G,30,-0.8,-1.7,0.3842458128929138,0.011516580358147621,1.08184,0.329671,-0.6361697384806875,0.6016968565236664,1.08184,-1.1341106789679705,-0.21607047896122883,0.329671,0.34912237268099294,-0.34017005264306643,0.008952320037926509,2.982189298271118,17893135.789626706,0.44722237268099296,-0.29157005264306657,0.1556523200379264,3.185897719092377,20453463.356573064,0.4778223726809929,-0.2690700526430666,0.20875232003792632,3.260903725731094,23028502.11111299,0.44092237268099277,-0.27267005264306665,0.16825232003792612,3.2036346180744704,24886474.440126106,0.3365223726809927,-0.3023700526430667,0.03415232003792601,3.0168153368865056,25778747.390001938,0.16462237268099233,-0.3581700526430668,-0.19354767996207445,2.7094684638079984,25467708.433869496
Blake Hinson,UTA,2025,25,G,30,-2.5,-0.4,0.05328263342380524,-1.205421805381775,-0.140048,-1.62334,-2.3426076596496994,0.1750080991407701,-0.140048,-0.26278885163273796,-1.6394857838660026,-1.62334,-0.7692158535029764,-1.1752048784995803,-1.9444207320025568,0.7611920137009501,4567152.082205701,-0.6711158535029764,-1.1266048784995806,-1.797720732002557,0.8962378344383937,5753846.897094488,-0.6405158535029767,-1.1041048784995806,-1.7446207320025573,0.946390507304442,6683409.76258397,-0.6774158535029768,-1.1077048784995807,-1.7851207320025575,0.9080773321862946,7054126.331889574,-0.7818158535029769,-1.1374048784995807,-1.9192207320025576,0.7840232498479519,6699494.350415748,-0.9537158535029773,-1.1932048784995808,-2.146920732002558,0.5832508419302134,5482279.120241565
Grayson Allen,PHX,2025,25,G,30,1.4,-1.1,0.9377663135528564,-0.5358428955078125,2.62217,-0.583264,1.5721616889145043,1.3153139271337648,2.62217,-0.7319621432747864,-0.8562999797822936,-0.583264,1.8365485386827565,-0.7238420410190267,1.1127064976637298,4.641424691476346,27848548.148858078,1.934648538682756,-0.6752420410190269,1.2594064976637291,4.88393094029569,31354836.636698328,1.9652485386827556,-0.6527420410190269,1.3125064976637288,4.972980332528805,35119187.108318426,1.9283485386827555,-0.6563420410190269,1.2720064976637286,4.9050001680628945,38103022.30554619,1.8239485386827554,-0.686042041019027,1.1379064976637285,4.682715387661955,40013896.64187917,1.652048538682755,-0.7418420410190271,0.910206497663728,4.315148572966789,40560333.94486996
Walker Kessler,UTA,2025,25,G,30,1.3,1.7,-0.4214511811733246,1.0574620962142944,-0.214793,0.730691,1.4717829876692685,-0.43703455092991067,-0.214793,1.1447310232934071,1.0073397386899543,0.730691,0.2733184789131193,0.9609205873277871,1.2342390662409064,4.841960820423246,29051764.922539476,0.37141847891311897,1.0095205873277868,1.3809390662409058,5.088739034674209,32669704.60260842,0.4020184789131185,1.032020587327787,1.4340390662409055,5.179334721143309,36576461.80071406,0.3651184789131183,1.028420587327787,1.3935390662409053,5.110175179717749,39696862.831083424,0.2607184789131183,0.9987205873277868,1.2594390662409052,4.8839853511615265,41733752.505382285,0.0888184789131179,0.9429205873277867,1.0317390662409047,4.509787817115442,42389849.80230859
Jalen Smith,CHI,2025,25,G,30,1.9,0.5,0.4343288242816925,0.745291531085968,1.07614,0.0465403,2.0740551951406845,0.6662655433780482,1.07614,0.3404339519070386,0.6422034545926624,0.0465403,1.2721535795062444,0.3430592354999003,1.6152128150061447,5.493526348875533,32961158.0932532,1.3702535795062445,0.3916592354999002,1.7619128150061447,5.753696090221934,36938728.89922482,1.400853579506244,0.4141592354999001,1.8150128150061442,5.849139016559936,41306619.73494627,1.3639535795062439,0.41055923549990003,1.774512815006144,5.776282427776738,44871317.15545527,1.2595535795062438,0.3808592354999,1.6404128150061439,5.537851264636341,47321049.81334285,1.0876535795062434,0.3250592354998999,1.4127128150061434,5.142868108779546,48340501.93157175
Norman Powell,MIA,2025,25,G,30,0.8,0.6,1.3644541501998901,-0.8537365794181824,1.72643,0.457372,0.9698894814430887,1.865414101725278,1.72643,0.40745870785590266,-1.228130419443752,0.457372,1.520577861056122,-0.12109990386261642,1.3994779571935057,5.120292094735523,30721752.568413135,1.618677861056122,-0.07249990386261651,1.5461779571935055,5.372878586046476,34493880.52241838,1.6492778610561216,-0.049999903862616546,1.5992779571935052,5.465576655009683,38597902.33767839,1.6123778610561215,-0.053599903862616594,1.558777957193505,5.394813601512347,41907991.01926822,1.5079778610561214,-0.08329990386261665,1.4246779571935049,5.163314366318465,44120624.526478626,1.336077861056121,-0.13909990386261673,1.1969779571935044,4.780101531068835,44930669.50351523
Jalen Johnson,ATL,2025,25,G,30,0.2,0.5,0.9303745031356812,-0.5259730815887451,1.05114,0.627156,0.36761727397167276,1.305784158877448,1.05114,0.3404339519070386,-0.8447555627817395,0.627156,0.9081804776163734,0.040944796375099735,0.9491252739914732,4.377093341412128,26262560.04847277,1.0062804776163732,0.0895447963750996,1.0958252739914727,4.6138495814809675,29620914.313107815,1.0368804776163727,0.11204479637509956,1.1489252739914724,4.700817682203166,33197174.471718762,0.9999804776163725,0.10844479637509952,1.1084252739914722,4.634424943465921,36001139.845831975,0.8955804776163725,0.07874479637509946,0.974325273991472,4.4173963060332335,37746739.782980114,0.7236804776163721,0.022944796375099386,0.7466252739914715,4.058754351545902,38150350.81995146
Duncan Robinson,DET,2025,25,G,30,1.6,-0.3,0.8466950058937073,-0.2728979289531708,1.0026,-0.446122,1.7729190914049766,1.1979017631563373,1.0026,-0.19576409568387387,-0.5487413604410345,-0.446122,1.3244736181871046,-0.3968758187083028,0.9275977994788018,4.342784449704158,26056706.69822495,1.4225736181871047,-0.34827581870830293,1.0742977994788019,4.578783982101757,29395793.16509328,1.4531736181871042,-0.32577581870830297,1.1273977994788011,4.665478182501234,32947606.92482372,1.416273618187104,-0.329375818708303,1.086897799478801,4.599294350789791,35728238.375805266,1.311873618187104,-0.3590758187083031,0.9527977994788009,4.382957427731432,37452458.87911365,1.1399736181871036,-0.41487581870830315,0.7250977994788005,4.02548999496695,37837681.768471755
Cason Wallace,OKC,2025,25,G,30,-0.1,2.6,0.19837912917137146,1.3525896072387695,-0.957658,3.03163,0.06648117023596467,0.36207133551181303,-0.957658,1.747953826833184,1.3525412879329488,3.03163,-0.1763684980840741,2.0440417049220443,1.8676732068379702,5.944459023021777,35666754.13813066,-0.07826849808407421,2.092641704922044,2.01437320683797,6.213502945827393,39890688.912211865,-0.04766849808407447,2.115141704922044,2.0674732068379695,6.312157999196646,44576459.79032672,-0.08456849808407463,2.1115417049220437,2.026973206837969,6.236851483016732,48449109.6903706,-0.18896849808407468,2.0818417049220437,1.892873206837969,5.990308338051653,51187304.55481815,-0.36086849808407506,2.0260417049220436,1.6651732068379685,5.581551145942208,52463912.79040901
Mikal Bridges,NYK,2025,25,G,30,0.3,1.3,0.4336470067501068,0.03282097727060318,0.143623,0.723202,0.4679959752169085,0.6653865215008086,0.143623,0.876631999497951,-0.19115138282431385,0.723202,0.4256684989059057,0.46956087222454573,0.8952293711304514,4.291407052984811,25748442.317908864,0.5237684989059057,0.5181608722245457,1.0419293711304514,4.526268809652011,29058645.757965915,0.5543684989059057,0.5406608722245457,1.0950293711304515,4.612551177118402,32573836.412810158,0.5174684989059055,0.5370608722245457,1.0545293711304513,4.54668145527118,35319530.88083759,0.41306849890590547,0.5073608722245456,0.9204293711304511,4.331384584874347,37011767.905443005,0.24116849890590508,0.45156087222454555,0.6927293711304506,3.9756831475687044,37369521.2106013
Julius Randle,MIN,2025,25,G,30,0.6,-0.8,0.03655726835131645,-0.6158691644668579,0.709052,0.182537,0.7691320789526166,0.15344520126493066,0.709052,-0.5308878754281942,-0.9499042389342234,0.182537,0.5438764267391824,-0.4327517047874725,0.11112472195170986,3.123521401471081,18741128.408826485,0.6419764267391821,-0.3841517047874726,0.25782472195170947,3.3308212626292897,21383872.506080043,0.6725764267391816,-0.36165170478747266,0.31092472195170895,3.4071272384697244,24061132.558073197,0.6356764267391815,-0.3652517047874727,0.27042472195170875,3.3488666288795867,26014665.746462412,0.5312764267391814,-0.39495170478747277,0.13632472195170864,3.1587643746228764,26991704.75643998,0.359376426739181,-0.45075170478747284,-0.09137527804829182,2.845843057340392,26749564.42601828
Payton Pritchard,BOS,2025,25,G,30,3.2,-0.8,1.9347013235092163,-1.4646767377853394,3.094,-0.431842,3.378978311328753,2.600595755982912,3.094,-0.5308878754281942,-1.942728284044769,-0.431842,3.024524689103888,-0.9684860531576543,2.056038635946234,6.29085651036756,37745139.06220536,3.122624689103888,-0.9198860531576545,2.2027386359462335,6.566521626249926,42157068.84052453,3.153224689103888,-0.8973860531576545,2.2558386359462332,6.6675733077880635,47086402.69959931,3.116324689103888,-0.9009860531576546,2.2153386359462335,6.590438854869171,51195847.1123947,3.0119246891038878,-0.9306860531576546,2.0812386359462334,6.337843208257248,54156996.97142236,2.8400246891038874,-0.9864860531576547,1.8535386359462327,5.918808949593095,55633974.93549722
Donte Divincenzo,MIN,2025,25,G,30,0.7,1.1,0.16448816657066345,1.2746859788894653,0.849611,0.571384,0.8695107801978528,0.31837797741136575,0.849611,0.7425824876002232,1.2614198160495633,0.571384,0.6791665858697394,0.8584621012165955,1.537628687086335,5.358017043958307,32148102.263749838,0.7772665858697392,0.9070621012165954,1.6843286870863345,5.6154596421496175,36051250.90260054,0.8078665858697387,0.9295621012165952,1.737428687086334,5.709915443051114,40323422.858826965,0.7709665858697385,0.9259621012165952,1.6969286870863338,5.637811746549996,43795649.20954969,0.6665665858697385,0.8962621012165951,1.5628286870863337,5.401873493410266,46159117.03866061,0.4946665858697381,0.840462101216595,1.3351286870863333,5.01112326527272,47102163.37664278
Devin Vassell,SAS,2025,25,G,30,1.1,0.2,0.5177177786827087,0.5916329622268677,0.547683,0.799045,1.2710255851787966,0.773773361588834,0.547683,0.1393596840604464,0.4624737647359146,0.799045,0.8641606489225436,0.46695948293212036,1.331120131854664,5.004355561588267,30026133.3695296,0.9622606489225436,0.5155594829321202,1.4778201318546638,5.254539221540951,33734141.80229291,0.9928606489225431,0.53805948293212,1.5309201318546632,5.346367554000246,37756047.666349754,0.955960648922543,0.53445948293212,1.490420131854663,5.27626785885335,40987103.98114461,0.8515606489225429,0.5047594829321199,1.356320131854663,5.046965076864266,43126417.521106705,0.6796606489225425,0.44895948293211985,1.1286201318546625,4.667481789673791,43872097.76663819
Rj Barrett,TOR,2025,25,G,30,1.9,-1.8,1.228769302368164,-0.6091914772987366,1.80193,-0.398748,2.0740551951406845,1.6904846754069942,1.80193,-1.2011354349168348,-0.9420935541634486,-0.398748,1.855489956849226,-0.8473256630267612,1.0081642938224649,4.47175521147734,26830531.268864036,1.9535899568492259,-0.7987256630267613,1.1548642938224645,4.710586719556948,30241966.73955561,1.9841899568492258,-0.7762256630267613,1.2079642938224646,4.798305990908811,33885636.90779803,1.9472899568492257,-0.7798256630267614,1.1674642938224644,4.731340325420128,36753997.91592864,1.8428899568492256,-0.8095256630267614,1.0333642938224643,4.512414663854898,38558673.55093338,1.6709899568492252,-0.8653256630267615,0.8056642938224637,4.150551587853921,39013200.96216788
Evan Mobley,CLE,2025,25,G,30,-0.4,2.5,0.8846446871757507,0.9220288991928101,0.323693,1.14541,-0.23465493349974342,1.2468277566015493,0.323693,1.6809290708843196,0.8489277042833383,1.14541,0.44528860770060197,1.2250889250558858,1.6703775327564878,5.590754999745006,33544529.99847004,0.5433886077006018,1.2736889250558858,1.8170775327564876,5.852863824334965,37575385.75223048,0.5739886077006013,1.296188925055886,1.8701775327564873,5.949008627429837,42011898.92690951,0.5370886077006012,1.292588925055886,1.8296775327564871,5.875616708916822,45642965.71820767,0.43268860770060114,1.262888925055886,1.695577532756487,5.635413009559923,48154716.87494975,0.26078860770060075,1.2070889250558858,1.4678775327564866,5.237420110999937,49229245.556586385
Deni Avdija,POR,2025,25,G,30,2.7,-1.8,1.6058858633041382,-0.6291434168815613,2.85783,-0.838343,2.877084805102573,2.1766759098288917,2.85783,-1.2011354349168348,-0.965430722665583,-0.838343,2.637196904977155,-1.001636385860806,1.635560519116349,5.52930461026236,33175827.661574163,2.7352969049771554,-0.9530363858608061,1.7822605191163494,5.790189589421879,37173017.164088465,2.7658969049771556,-0.9305363858608061,1.8353605191163496,5.885891405520458,41566165.10578548,2.7289969049771554,-0.9341363858608062,1.7948605191163494,5.812837358445297,45155283.16787476,2.6245969049771554,-0.9638363858608062,1.6607605191163493,5.573752388960395,47627825.63871437,2.452696904977155,-1.0196363858608062,1.4330605191163488,5.177659078706553,48667520.41880199
Rudy Gobert,MIN,2025,25,G,30,-2.2,4.4,-1.5826637744903564,3.510162115097046,-0.928107,3.60491,-2.0414715559139918,-1.9341085133404678,-0.928107,2.9543994339127373,3.876187320562566,3.60491,-1.6345623564181533,3.4784989181584347,1.8439365617402814,5.901411325666028,35408467.95399617,-1.5364623564181534,3.5270989181584342,1.9906365617402808,6.169620886715722,39608966.09271494,-1.5058623564181537,3.549598918158434,2.0437365617402805,6.267973931842033,44264431.90666844,-1.5427623564181538,3.545998918158434,2.0032365617402803,6.192897760932159,48107668.386473216,-1.647162356418154,3.5162989181584345,1.8691365617402806,5.947117314750104,50818236.396885954,-1.8190623564181543,3.4604989181584345,1.6414365617402802,5.539655174936662,52070110.68923103
Sandro Mamukelashvili,TOR,2025,25,G,30,1.4,0.8,0.9155391454696655,0.5357081294059753,0.944645,0.16505,1.5721616889145043,1.28665792151776,0.944645,0.5415082197536308,0.39706021225511423,0.16505,1.2678215368107548,0.36787281066958166,1.6356943474803365,5.529540254936431,33177241.529618587,1.365921536810755,0.41647281066958164,1.7823943474803365,5.790429938268266,37174560.20368227,1.3965215368107544,0.4389728106695817,1.8354943474803362,5.886133457104064,41567874.47406891,1.3596215368107543,0.43537281066958167,1.794994347480336,5.8130781113310235,45157153.38444166,1.2552215368107542,0.4056728106695816,1.660894347480336,5.573988841713145,47629846.13221567,1.0833215368107538,0.34987281066958154,1.4331943474803355,5.177888229891227,48669674.330403656
Anthony Davis,WAS,2025,25,G,30,-0.5,1.8,0.07394179701805115,1.517638921737671,0.81589,0.916676,-0.33503363474497944,0.20164258112979005,0.81589,1.2117557792422715,1.545594381725313,0.916676,0.22749964879493687,1.2246753869891949,1.4521750357841317,5.210431885600681,31262591.313604083,0.32559964879493664,1.2732753869891946,1.5988750357841313,5.4648707206966955,35084470.02687279,0.3561996487949366,1.2957753869891948,1.6519750357841314,5.558239269925663,39252285.72421504,0.31929964879493644,1.2921753869891948,1.6114750357841312,5.48696483317478,42623840.21706834,0.2148996487949364,1.2624753869891947,1.477375035784131,5.25377235120805,44893589.81651983,0.04299964879493601,1.2066753869891946,1.2496750357841306,4.867684405666271,45753906.66011706
Miles Mcbride,NYK,2025,25,G,30,2.5,1.7,0.804008960723877,0.3891778290271759,0.423419,0.567405,2.6763274026121007,1.1428694915896898,0.423419,1.1447310232934071,0.22566823823610083,0.567405,1.4142052980672635,0.6459347538431693,2.060140051910433,6.298493444456146,37790960.66673688,1.5123052980672635,0.6945347538431692,2.206840051910433,6.57430272833747,42207023.515926555,1.542905298067263,0.7170347538431691,2.2599400519104322,6.675406593384429,47141721.36248085,1.506005298067263,0.713434753843169,2.219440051910432,6.5982323394842295,51256388.459581405,1.4016052980672629,0.683734753843169,2.085340051910432,6.345504907400868,54222466.34383859,1.2297052980672625,0.6279347538431689,1.8576400519104315,5.926246878775146,55703887.91447835
Trey Murphy III,NOP,2025,25,G,30,0.7,-1.3,0.9561733603477478,-0.8842673301696777,1.97513,-0.385799,0.8695107801978528,1.3390449051132476,1.97513,-0.8660116551725144,-1.2638412971670214,-0.385799,1.3945618951037002,-0.8385506507798453,0.556011244323855,3.7680779886857643,22608467.932114586,1.4926618951037003,-0.7899506507798454,0.7027112443238549,3.9910159612310467,25622322.47110332,1.5232618951036998,-0.7674506507798454,0.7558112443238544,4.072982357757601,28763401.410484184,1.4863618951036996,-0.7710506507798455,0.7153112443238542,4.010404478152626,31153624.067185238,1.3819618951036996,-0.8007506507798455,0.5812112443238541,3.8060072631801245,32522408.184019435,1.2100618951036992,-0.8565506507798456,0.3535112443238536,3.4688132944808934,32605186.87536564
Desmond Bane,ORL,2025,25,G,30,1.4,0.3,0.8602480888366699,-0.13241678476333618,1.84965,0.0372053,1.5721616889145043,1.2153748492226373,1.84965,0.2063844400093105,-0.38442489788753936,0.0372053,1.545728846045714,-0.04694505262607629,1.4987837934196375,5.290711957377737,31744271.74426642,1.6438288460457138,0.0016549473739235765,1.6454837934196374,5.5467891269857335,35610386.19524841,1.6744288460457137,0.02415494737392354,1.6985837934196373,5.6407506930012445,39834981.39397479,1.6375288460457136,0.020554947373923493,1.658083793419637,5.569023955311472,43261291.88965059,1.5331288460457135,-0.009145052626076566,1.523983793419637,5.334333854680417,45581989.47492128,1.3612288460457131,-0.06494505262607664,1.2962837934196365,4.945702972748877,46487243.89781848
Tyler Herro,MIA,2025,25,G,30,1.5,-2.3,1.8278945684432983,-1.2796465158462524,1.81348,-0.562171,1.6725403901597409,2.462896928964514,1.81348,-1.536259214661155,-1.7263041389407536,-0.562171,1.982972439708085,-1.2749114512006363,0.7080609885074487,3.9992433465456845,23995460.079274107,2.081072439708085,-1.2263114512006363,0.8547609885074485,4.22752598726217,27140716.83822313,2.1116724397080846,-1.2038114512006364,0.9078609885074482,4.311426956930447,30447297.16984282,2.0747724397080844,-1.2074114512006364,0.867360988507448,4.247373555437717,32994447.253351282,1.9703724397080844,-1.2371114512006365,0.7332609885074479,4.038090723547981,34505565.99453198,1.798472439708084,-1.2929114512006366,0.5055609885074475,3.6926010429020386,34708684.73998067
Cameron Johnson,DEN,2025,25,G,30,1.8,0.1,0.8824030160903931,-0.1265597939491272,1.35929,-0.303906,1.973676493895449,1.2439377195545072,1.35929,0.07233492811158238,-0.377574156335359,-0.303906,1.5256347378166522,-0.20304840940792554,1.3225863284087267,4.989960636948783,29939763.821692694,1.6237347378166518,-0.1544484094079257,1.469286328408726,5.239844326994239,33639800.57930302,1.6543347378166513,-0.13194840940792574,1.5223863284087256,5.3315640813889535,37651505.54276879,1.6174347378166511,-0.13554840940792579,1.4818863284087254,5.261547200020128,40872750.95919637,1.513034737816651,-0.16524840940792584,1.3477863284087253,5.032518623651761,43002972.28947678,1.3411347378166507,-0.22104840940792592,1.1200863284087248,4.653500933924652,43740684.405445315
Jakob Poeltl,TOR,2025,25,G,30,-0.2,1.0,-0.17434363067150116,2.3822643756866455,0.176669,0.600138,-0.03389753100927151,-0.11845526415642327,0.176669,0.6755577316513589,2.5569201140571973,0.600138,0.008105401611435073,1.2775386152361854,1.2856440168476204,4.927847162864264,29567082.977185585,0.10620540161143488,1.3261386152361851,1.43234401684762,5.176432301584749,33232695.376174092,0.13680540161143462,1.3486386152361853,1.48544401684762,5.26768202819926,37200370.48314318,0.09990540161143446,1.3450386152361853,1.4449440168476197,5.198023642594997,40379287.260406464,-0.004494598388565585,1.3153386152361852,1.3108440168476196,4.97018208553596,42470305.32454651,-0.17639459838856597,1.2595386152361852,1.0831440168476192,4.593179938662949,43173695.88342106
Derrick Jones Jr.,LAC,2025,25,G,30,-0.9,1.2,0.1305694431066513,1.1533170938491821,-0.501689,1.34366,-0.7365484397259235,0.2746488290810627,-0.501689,0.8096072435490871,1.119458373687363,1.34366,-0.321196203548287,1.0909085390788167,0.7697123355305298,4.094551990828356,24567311.94497014,-0.22309620354828708,1.1395085390788167,0.9164123355305296,4.325001724912312,27766511.073937044,-0.19249620354828734,1.1620085390788168,0.9695123355305295,4.409687102609307,31141210.31862693,-0.2293962035482875,1.1584085390788168,0.9290123355305293,4.34503542380654,33753104.17921397,-0.33379620354828754,1.1287085390788167,0.7949123355305292,4.133771629268011,35323161.24752775,-0.5056962035482879,1.0729085390788167,0.5672123355305287,3.78491830063452,35576422.8350168
Gary Payton II,GSW,2025,25,G,30,-0.5,0.2,-0.198769673705101,0.14336057007312775,0.134131,0.869748,-0.33503363474497944,-0.14994613261649214,0.134131,0.1393596840604464,-0.06185662966605354,0.869748,-0.11694958912049053,0.31575035146479763,0.1988007623443071,3.2467952839948224,19480771.703968935,-0.01884958912049073,0.36435035146479744,0.3455007623443067,3.457177026973874,22195076.513172273,0.01175041087950901,0.3868503514647975,0.3986007623443065,3.534598530589952,24961334.823026244,-0.025149589120491145,0.38325035146479747,0.3581007623443063,3.4754870947302563,26998278.849283583,-0.1295495891204912,0.3535503514647974,0.22400076234430621,3.282567660158787,28049606.307410046,-0.3014495891204916,0.29775035146479734,-0.003699237655694243,2.964862808516343,27868293.195631165
Brook Lopez,LAC,2025,25,G,30,-2.3,1.1,-2.1081855297088623,1.145228624343872,-0.171306,1.00684,-2.1418502571592275,-2.6116286685177066,-0.171306,0.7425824876002232,1.1099975403189477,1.00684,-1.6415949752256447,0.9531400093063903,-0.6884549659192544,2.084293328592668,12505759.971556008,-1.5434949752256448,1.0017400093063902,-0.5417549659192546,2.2634873344529978,14531588.687188247,-1.512894975225645,1.0242400093063901,-0.48865496591925495,2.3296200252469617,16451776.618294045,-1.5497949752256452,1.02064000930639,-0.5291549659192551,2.27911870086176,17704649.89203433,-1.6541949752256453,0.9909400093063899,-0.6632549659192554,2.114708302061392,18070224.735280644,-1.8260949752256457,0.9351400093063899,-0.8909549659192558,1.8454114104866586,17345985.151920386
Luka Garza,BOS,2025,25,G,30,0.8,-0.5,1.0791927576065063,-0.17329803109169006,2.69687,-1.29396,0.9698894814430887,1.4976456105891025,2.69687,-0.329813607581602,-0.4322424311244253,-1.29396,1.7214683640107307,-0.6853386795686758,1.0361296844420549,4.51688580472432,27101314.82834592,1.8195683640107305,-0.6367386795686759,1.1828296844420545,4.756700318292969,30538016.043440863,1.8501683640107305,-0.614238679568676,1.2359296844420546,4.844775401447614,34213803.88502306,1.8132683640107303,-0.617838679568676,1.1954296844420544,4.777538354075453,37112873.44212894,1.7088683640107303,-0.6475386795686761,1.0613296844420543,4.557714116940486,38945758.283538796,1.53696836401073,-0.7033386795686761,0.8336296844420538,4.194325271683513,39424652.66634517
Sam Hauser,BOS,2025,25,G,30,1.2,-0.3,0.5690714120864868,-0.28292596340179443,1.2235,0.133134,1.3714042864240328,0.8399801766771573,1.2235,-0.19576409568387387,-0.5604708431162024,0.133134,1.1449614877003966,-0.20770031293335878,0.9372611747670379,4.358171484978663,26149028.909871977,1.2430614877003963,-0.1591003129333589,1.0839611747670372,4.594510692622718,29496758.646637853,1.2736614877003958,-0.13660031293335895,1.137061174767037,4.68132784295803,33059537.22696961,1.2367614877003956,-0.140200312933359,1.0965611747670367,4.6150502358717995,35850633.24229932,1.1323614877003956,-0.16990031293335905,0.9624611747670365,4.398402812128026,37584439.99769023,0.9604614877003952,-0.22570031293335913,0.7347611747670361,4.040408153367509,37977905.32655729
Goga Bitadze,ORL,2025,25,G,30,-0.1,1.8,-0.6522876620292664,1.6770342588424683,-0.543754,0.757181,0.06648117023596467,-0.7346366326269046,-0.543754,1.2117557792422715,1.732034192502975,0.757181,-0.40396982079697996,1.233656990581749,0.829687169784769,4.188142783119536,25128856.698717218,-0.3058698207969801,1.2822569905817487,0.9763871697847686,4.420700679827723,28380898.364493985,-0.27526982079698037,1.3047569905817489,1.0294871697847685,4.506149134793611,31822425.18991248,-0.3121698207969805,1.3011569905817488,0.9889871697847683,4.440915447904399,34497919.38241096,-0.41656982079698057,1.2714569905817488,0.8548871697847682,4.227724559924089,36125990.91904254,-0.588469820796981,1.2156569905817487,0.6271871697847677,3.8755990524934782,36428778.557091616
Wendell Carter Jr.,ORL,2025,25,G,30,-0.7,2.2,-0.9490559101104736,1.618439793586731,-0.342349,1.64073,-0.5357910372354514,-1.1172401452218415,-0.342349,1.4798548030377274,1.663498053282569,1.64073,-0.6651267274857643,1.5946942854400987,0.9295675579543344,4.345919089256726,26075514.535540354,-0.5670267274857645,1.6432942854400985,1.076267557954334,4.581987860214937,29416362.0625799,-0.5364267274857648,1.6657942854400987,1.1293675579543339,4.6687071224247,32970409.698563237,-0.573326727485765,1.6621942854400986,1.0888675579543337,4.602504175773211,35753172.93824147,-0.677726727485765,1.6324942854400986,0.9547675579543335,4.386103961024473,37479346.06903335,-0.8496267274857654,1.5766942854400985,0.7270675579543331,4.028529059819282,37866247.52541067
Marcus Smart,LAL,2025,25,G,30,0.3,3.3,-0.22618739306926727,1.2082198858261108,-0.459033,2.11495,0.4679959752169085,-0.18529396987299585,-0.459033,2.217127118475232,1.1836764765081125,2.11495,-0.05877699821869579,1.838584531661115,1.779807533442419,5.785784913751193,34714709.48250716,0.03932300178130399,1.8871845316611149,1.9265075334424189,6.0517402889866725,38852172.65529444,0.06992300178130373,1.909684531661115,1.9796075334424188,6.149277401824404,43426197.01168394,0.033023001781303574,1.906084531661115,1.9391075334424186,6.074823552151583,47190444.31782394,-0.07137699821869647,1.876384531661115,1.8050075334424185,5.831103680732213,49826897.5739304,-0.24327699821869686,1.820584531661115,1.577307533442418,5.427140369207094,51012525.297450215
Alex Caruso,OKC,2025,25,G,30,-0.3,4.7,0.016456427052617073,2.0227649211883545,-0.814927,3.48487,-0.13427623225450747,0.12753052698046574,-0.814927,3.155473701759329,2.1364246874735002,3.48487,-0.2738909017580139,2.925589463077609,2.6516985613195954,7.442204872798784,44653229.236792706,-0.17579090175801393,2.974189463077609,2.798398561319595,7.738807903842385,49683146.74266812,-0.1451909017580142,2.996689463077609,2.8514985613195947,7.847438339948084,55418609.55671338,-0.18209090175801435,2.993089463077609,2.810998561319595,7.764523481003085,60316371.30512817,-0.2864909017580144,2.963389463077609,2.676898561319595,7.492788267771384,64026025.60387184,-0.4583909017580148,2.907589463077609,2.4491985613195943,7.04125528189378,66184433.92977681
Haywood Highsmith,PHX,2025,25,G,30,-0.6,0.6,-0.8200189471244812,0.6216947436332703,-2.04899,0.240859,-0.4354123359902154,-0.9508813935284526,-2.04899,0.40745870785590266,0.49763610347713017,0.240859,-1.1450945765062226,0.38198460377767757,-0.7631099727285451,1.9950820689568738,11970492.413741242,-1.0469945765062227,0.4305846037776775,-0.6164099727285453,2.1716518925743666,13942005.150327433,-1.016394576506223,0.45308460377767756,-0.5633099727285454,2.236834725992089,15796526.834956137,-1.0532945765062232,0.4494846037776775,-0.6038099727285456,2.187057869097241,16989502.938721195,-1.1576945765062232,0.41978460377767746,-0.7379099727285457,2.025046262653823,17304060.815302175,-1.3295945765062236,0.3639846037776774,-0.9656099727285462,1.7598224883026334,16541490.194895351
T.j. Mcconnell,IND,2025,25,G,30,0.1,-0.5,-0.15745095908641815,-0.3155694007873535,0.507696,-0.190357,0.2672385727264366,-0.0966766691505423,0.507696,-0.329813607581602,-0.5986528652496022,-0.190357,0.22608596785863144,-0.3729411576104014,-0.14685518975176998,2.771480901730374,16628885.410382243,0.3241859678586312,-0.32434115761040155,-0.0001551897517703682,2.9697125659620145,19065554.673476137,0.3547859678586307,-0.3018411576104016,0.05294481024822911,3.042736188313692,21487802.961871292,0.31788596785863055,-0.30544115761040164,0.01244481024822891,2.986979068672607,23203450.80126255,0.2134859678586305,-0.3351411576104017,-0.1216551897517712,2.8051661478027587,23970200.836297538,0.04158596785863011,-0.39094115761040177,-0.34935518975177166,2.5063200073449474,23558210.048079006
Jaden Mcdaniels,MIN,2025,25,G,30,-0.1,1.0,-0.5537627339363098,0.8315276503562927,-0.0208012,1.141,0.06648117023596467,-0.6076150128604474,-0.0208012,0.6755577316513589,0.7430711841698991,1.141,-0.18731168087482755,0.853209638607086,0.6658979577322585,3.9345866697661904,23607520.01859714,-0.08921168087482778,0.9018096386070857,0.812597957732258,4.161387246768621,26716106.12425455,-0.05861168087482804,0.9243096386070858,0.8656979577322578,4.244751763926904,29976436.9568518,-0.0955116808748282,0.9207096386070858,0.8251979577322576,4.181107521128238,32479679.44562839,-0.19991168087482825,0.8910096386070857,0.6910979577322575,3.9731794591366247,33950897.94191165,-0.37181168087482863,0.8352096386070856,0.463397957732257,3.6299901595928623,34120172.364876635
Day'ron Sharpe,BKN,2025,25,G,30,-0.3,2.9,0.0654216855764389,1.1943368911743164,0.415487,1.00246,-0.13427623225450747,0.19065816960214876,0.415487,1.9490280946797758,1.1674379657528944,1.00246,0.1572896457825471,1.3729753534775568,1.5302649992601038,5.345230486028679,32071382.916172072,0.25538964578254686,1.4215753534775566,1.6769649992601035,5.602414244797674,35967499.45160107,0.2859896457825468,1.4440753534775568,1.7300649992601036,5.696776355356127,40230634.621524975,0.24908964578254666,1.4404753534775567,1.6895649992601034,5.624744117591232,43694137.254272215,0.14468964578254662,1.4107753534775567,1.5554649992601033,5.38904247226699,46049475.70637089,-0.02721035421745377,1.3549753534775566,1.3277649992601028,4.9986940010242025,46985334.23389503
Jaren Jackson Jr.,UTA,2025,25,G,30,-1.0,2.5,0.22320914268493652,1.190651535987854,0.0975219,1.4811,-0.8369271409711595,0.3940830161733848,0.0975219,1.6809290708843196,1.1631273194310339,1.4811,-0.1151074082659249,1.4417187967717844,1.3266113885058595,4.996747983622115,29980487.90173269,-0.01700740826592506,1.4903187967717841,1.473311388505859,5.246773157697708,33684283.672419295,0.013592591734074677,1.5128187967717843,1.526411388505859,5.338544124103333,37700798.60441774,-0.023307408265925478,1.5092187967717843,1.4859113885058588,5.268488182726186,40926669.90105356,-0.12770740826592553,1.4795187967717842,1.3518113885058587,5.039330274330271,43061177.98075766,-0.2996074082659259,1.4237187967717841,1.1241113885058582,4.660092980556385,43802646.49278533
Obi Toppin,IND,2025,25,G,30,2.1,-1.3,0.903477668762207,-1.1749264001846313,2.02677,-0.753629,2.274812597631157,1.2711078639048148,2.02677,-0.8660116551725144,-1.6038162487477607,-0.753629,1.8575634871786573,-1.0744856346400917,0.7830778525385655,4.115334260818613,24692005.564911675,1.9556634871786571,-1.0258856346400917,0.9297778525385654,4.346253803344062,27902949.41746888,1.986263487178657,-1.0033856346400918,0.9828778525385653,4.4311092344033165,31292493.413356226,1.949363487178657,-1.0069856346400918,0.9423778525385651,4.366327853883572,33918508.034538366,1.8449634871786569,-1.036685634640092,0.808277852538565,4.15463460254883,35501435.77147181,1.6730634871786565,-1.092485634640092,0.5805778525385645,3.8050520620398904,35765670.56828933
Javonte Green,DET,2025,25,G,30,-0.3,2.1,-0.770433783531189,1.297774076461792,-1.24741,1.83677,-0.13427623225450747,-0.8869545486383724,-1.24741,1.4128300470888635,1.2884252518470403,1.83677,-0.7562135936309599,1.5126750996453013,0.7564615060143415,4.073990304238254,24443941.825429525,-0.6581135936309599,1.5612750996453013,0.9031615060143414,4.303974261236314,27631514.757137135,-0.6275135936309602,1.5837750996453015,0.9562615060143413,4.3884910447733825,30991523.75818963,-0.6644135936309603,1.5801750996453015,0.9157615060143411,4.32396795473666,33589447.86598533,-0.7688135936309604,1.5504750996453014,0.781661506014341,4.113129931890147,35146777.53059995,-0.9407135936309607,1.4946750996453013,0.5539615060143406,3.764999557874644,35389196.174233
Jaylin Williams,OKC,2025,25,G,30,0.2,3.6,-0.41334596276283264,0.49892935156822205,-1.41566,1.7967,0.36761727397167276,-0.4265850333206185,-1.41566,2.4182013863218246,0.35404120991004495,1.7967,-0.49154258644964854,1.522980865410623,1.0314382789609744,4.509301725632167,27055810.353793,-0.3934425864496487,1.571580865410623,1.1781382789609742,4.74895133260602,30488267.55533065,-0.36284258644964895,1.594080865410623,1.2312382789609742,4.83696672564353,34158659.01649462,-0.3997425864496491,1.590480865410623,1.190738278960974,4.769775204631895,37052567.74462149,-0.5041425864496492,1.560780865410623,1.0566382789609738,4.550101710335116,38880710.11684778,-0.6760425864496495,1.504980865410623,0.8289382789609734,4.186968824393992,39355505.57820548
Tobias Harris,DET,2025,25,G,30,0.2,2.1,0.17588436603546143,0.454132080078125,1.20053,0.764985,0.36761727397167276,0.33307033743861214,1.20053,1.4128300470888635,0.3016432227940349,0.764985,0.6337392038034283,0.8264860899609662,1.4602252937643945,5.224260659988424,31345563.959930543,0.731839203803428,0.875086089960966,1.606925293764394,5.478982467987998,35175067.44448295,0.7624392038034276,0.8975860899609661,1.6600252937643938,5.572453442991872,39352666.21440861,0.7255392038034274,0.8939860899609661,1.6195252937643936,5.501100884887246,42733651.893981114,0.6211392038034274,0.864286089960966,1.4854252937643935,5.267649734438122,45012172.33376846,0.44923920380342697,0.8084860899609659,1.257725293764393,4.881122573285297,45880219.01229178
Ryan Rollins,MIL,2025,25,G,30,1.2,0.6,1.16147780418396,-0.005990716628730297,1.03523,-0.10356,1.3714042864240328,1.6037302340558177,1.03523,0.40745870785590266,-0.23654822440064424,-0.10356,1.3367881734932834,0.022450161151752804,1.3592383346450363,5.051909161638982,30311454.969833896,1.4348881734932835,0.07105016115175267,1.5059383346450361,5.3030811985487745,34045781.294683136,1.465488173493283,0.09355016115175263,1.5590383346450356,5.395267287084568,38101377.58139122,1.4285881734932828,0.08995016115175258,1.5185383346450354,5.324894727133564,41364847.21931896,1.3241881734932828,0.060250161151752524,1.3844383346450353,5.094688459459761,43534214.77985285,1.1522881734932824,0.004450161151752452,1.1567383346450348,4.713671065703959,44306254.88284783
Coby White,CHA,2025,25,G,30,1.8,-1.1,1.4453952312469482,-1.2294374704360962,3.11079,-0.795049,1.973676493895449,1.9697660400544816,3.11079,-0.7319621432747864,-1.6675761667451678,-0.795049,2.3514108446499766,-1.0648624366733181,1.2865484079766585,4.929363868854018,29576183.213124104,2.4495108446499767,-1.0162624366733182,1.4332484079766585,5.177980797634445,33242636.72081314,2.480110844649976,-0.9937624366733182,1.4863484079766578,5.269242031080467,37211387.22349026,2.443210844649976,-0.9973624366733183,1.4458484079766576,5.199574869079288,40391337.497981735,2.338810844649976,-1.0270624366733183,1.3117484079766575,4.971704252394906,42483312.27079953,2.1669108446499754,-1.0828624366733184,1.084048407976657,4.59465276266812,43187539.72505979
Jordan Goodwin,PHX,2025,25,G,30,0.8,1.6,-0.2950374484062195,0.8957570791244507,-0.675019,1.90294,0.9698894814430887,-0.2740577550305826,-0.675019,1.0777062673445434,0.8181983664539052,1.90294,0.0069375754708353625,1.2662815445994828,1.2732191200703182,4.9070298745520695,29442179.247312415,0.10503757547083525,1.3148815445994828,1.419919120070318,5.155178268372438,33096244.482951056,0.135637575470835,1.337381544599483,1.473019120070318,5.246269909409608,37049158.10025066,0.09873757547083484,1.333781544599483,1.4325191200703178,5.176732097550775,40213890.28019393,-0.005662424529165211,1.304081544599483,1.2984191200703177,4.949289773559943,42291780.10086519,-0.1775624245291656,1.2482815445994828,1.0707191200703172,4.572965519077909,42983690.00181424
Josh Minott,BKN,2025,25,G,30,-0.2,0.1,0.32893967628479004,0.8430083990097046,-0.578727,0.568786,-0.03389753100927151,0.5303943426222018,-0.578727,0.07233492811158238,0.756499861855249,0.568786,-0.027410062795689916,0.46587359665561046,0.43846353385992054,3.593163698208077,21558982.18924846,0.07068993720430994,0.5144735966556102,0.5851635338599201,3.811969776220504,24472845.963335633,0.10128993720430968,0.5369735966556103,0.63826353385992,3.8924405790204415,27488415.36904236,0.06438993720430952,0.5333735966556102,0.5977635338599198,3.8310034064950895,29760000.66233516,-0.040010062795690526,0.5036735966556102,0.46366353385991965,3.6303831994084494,31021697.046609197,-0.2119100627956909,0.4478735966556101,0.2359635338599192,3.2996025394013193,31014686.66035858
Grant Williams,CHA,2025,25,G,30,-0.2,0.9,0.21327820420265198,0.7892078757286072,-0.331056,0.165824,-0.03389753100927151,0.38127971942161576,-0.331056,0.6085329757024948,0.6935710487390145,0.165824,0.0054420628041147445,0.48930934148050304,0.4947514042846178,3.676508518403493,22059051.110420957,0.1035420628041146,0.537909341480503,0.6414514042846176,3.8972931593599025,25020622.083090577,0.13414206280411434,0.5604093414805028,0.6945514042846171,3.978480129115024,28096026.671810303,0.09724206280411418,0.5568093414805028,0.6540514042846169,3.9164967275560576,30424129.879000973,-0.007157937195885866,0.5271093414805027,0.5199514042846168,3.7140678954470037,31736784.44795257,-0.17905793719588625,0.47130934148050263,0.2922514042846164,3.3802162144286623,31772416.672278937
Pascal Siakam,IND,2025,25,G,30,0.9,1.0,1.5914092063903809,-0.5165460705757141,2.18219,0.876898,1.0702681826883247,2.158012121429535,2.18219,0.6755577316513589,-0.8337290786863303,0.876898,1.80349010137262,0.23957555098834285,2.043065652360963,6.26672704384932,37600362.26309592,1.90159010137262,0.2881755509883427,2.1897656523609625,6.541936149148926,41999230.077536106,1.9321901013726195,0.31067555098834265,2.2428656523609622,6.642822771641768,46911614.413334176,1.8952901013726193,0.3070755509883426,2.202365652360962,6.565814211215048,51004557.95556075,1.7908901013726193,0.27737555098834255,2.068265652360962,6.313635408632766,53950140.83947518,1.618990101372619,0.22157555098834247,1.8405656523609615,5.89530894553572,55413086.130359806
Zion Williamson,NOP,2025,25,G,30,1.1,-0.2,1.5109813213348389,-0.6286436319351196,0.848475,0.0997237,1.2710255851787966,2.054321812470297,0.848475,-0.12873933973500984,-0.9648461396248456,0.0997237,1.3912741325496978,-0.3312872597866185,1.0599868727630792,4.55553469420066,27333208.165203962,1.4893741325496979,-0.2826872597866186,1.2066868727630793,4.796187806714402,30791525.71910646,1.5199741325496974,-0.26018725978661866,1.2597868727630788,4.884566431818495,34494808.14150222,1.4830741325496972,-0.2637872597866187,1.2192868727630786,4.817097869400143,37420179.6690742,1.3786741325496972,-0.29348725978661877,1.0851868727630785,4.596507060223345,39277244.7597497,1.2067741325496968,-0.34928725978661884,0.857486872763078,4.231816585928899,39777053.099403605
Robert Williams III,POR,2025,25,G,30,-1.0,2.7,-0.06520248204469681,2.131922960281372,-0.172484,0.871725,-0.8369271409711595,0.022253140813622063,-0.172484,1.8149785827820475,2.26410347985864,0.871725,-0.32905266671917915,1.6502690208802289,1.3212163541610498,4.987651373038435,29925908.238230612,-0.23095266671917924,1.6988690208802286,1.4679163541610494,5.237486907410916,33624665.94557808,-0.2003526667191795,1.7213690208802288,1.5210163541610493,5.329189231224616,37634734.35090824,-0.23725266671917966,1.7177690208802288,1.480516354161049,5.259185644366735,40854405.92256968,-0.3416526667191797,1.6880690208802287,1.346416354161049,5.030201087601271,42983168.89757463,-0.5135526667191801,1.6322690208802286,1.1187163541610485,4.651258142569025,43719603.23875671
Isaiah Joe,OKC,2025,25,G,30,1.7,1.2,0.8812494277954102,-0.6328207850456238,1.03336,0.0440898,1.8732977926502128,1.2424504750915213,1.03336,0.8096072435490871,-0.9697320268136262,0.0440898,1.3830360892472449,-0.038678327754846385,1.3443577614923985,5.026719486177482,30160316.917064894,1.4811360892472447,0.009921672245153501,1.491057761492398,5.2773684592299475,33880705.508256264,1.5117360892472447,0.032421672245153466,1.5441577614923983,5.369365217903274,37918457.16883293,1.4748360892472445,0.028821672245153418,1.503657761492398,5.299137062084661,41164756.52568606,1.3704360892472445,-0.0008783277548466417,1.369557761492398,5.069408932538106,43318200.716716774,1.198536089247244,-0.056678327754846713,1.1418577614923975,4.689203410904414,44076270.6232711
Cj Mccollum,ATL,2025,25,G,30,0.9,0.1,1.3115460872650146,-0.16421525180339813,1.06049,-0.121027,1.0702681826883247,1.7972032642978923,1.06049,0.07233492811158238,-0.42161858426288834,-0.121027,1.309320482328739,-0.15677021871710198,1.152550263611637,4.706779388260687,28240676.32956412,1.4074204823287386,-0.10817021871710208,1.2992502636116365,4.950686176810143,31783405.25512112,1.4380204823287381,-0.08567021871710212,1.352350263611636,5.0402425128719495,35594192.625901714,1.401120482328738,-0.08927021871710217,1.3118502636116358,4.971875696333307,38622524.784256406,1.296720482328738,-0.11897021871710223,1.1777502636116357,4.748310667958218,40574409.62391634,1.1248204823287375,-0.1747702187171023,0.9500502636116352,4.378570009387477,41156465.131777816
Jonas Valanciunas,DEN,2025,25,G,30,-0.7,-1.3,-0.9030738472938538,-0.633354127407074,1.22869,-1.71293,-0.5357910372354514,-1.05795853789441,1.22869,-0.8660116551725144,-0.9703558609279398,-1.71293,-0.1216865250432871,-1.1830991720334847,-1.3047856970767717,1.3877873360781148,8326724.016468689,-0.023586525043287176,-1.1344991720334847,-1.158085697076772,1.5453168316859722,9920934.059423942,0.007013474956712562,-1.1119991720334848,-1.1049856970767722,1.6036077672351765,11324678.052214818,-0.029886525043287593,-1.1155991720334848,-1.1454856970767724,1.5590874426129269,12111303.07170574,-0.13428652504328764,-1.1452991720334849,-1.2795856970767725,1.4144807985832244,12086766.713509627,-0.306186525043288,-1.201099172033485,-1.507285697076773,1.1788104167868678,11080254.446417337
Nikola Vucevic,BOS,2025,25,G,30,-0.4,0.0,-1.268385648727417,-0.03900544345378876,0.233664,-0.527797,-0.23465493349974342,-1.5289306830769331,0.233664,0.005310172162718285,-0.27516453234253346,-0.527797,-0.5099738721922255,-0.26588378672660506,-0.7758576589188305,1.9799823201534115,11879893.920920469,-0.4118738721922257,-0.2172837867266052,-0.6291576589188309,2.156104052568887,13842188.017492255,-0.38127387219222597,-0.19478378672660523,-0.5760576589188312,2.221124693465633,15685582.585254302,-0.4181738721922261,-0.19838378672660528,-0.6165576589188314,2.1714715427308513,16868425.238241803,-0.5225738721922262,-0.22808378672660534,-0.7506576589188315,2.009869541128541,17174375.426334213,-0.6944738721922266,-0.2838837867266054,-0.978357658918832,1.745341270299502,16405373.667688122
Andrew Wiggins,MIA,2025,25,G,30,-0.9,-0.8,-0.3979586064815521,-0.09023135900497437,-0.585795,0.0486769,-0.7365484397259235,-0.4067471409556755,-0.585795,-0.5308878754281942,-0.335081906186389,0.0486769,-0.5763635268938664,-0.2724309605381944,-0.8487944874320608,1.8943367197430006,11366020.318458004,-0.47826352689386664,-0.2238309605381945,-0.7020944874320612,2.067894665234952,13275883.750808392,-0.4476635268938669,-0.20133096053819455,-0.6489944874320615,2.1319873096379074,15056094.380662903,-0.48456352689386706,-0.2049309605381946,-0.6894944874320617,2.083041952839068,16181486.49804445,-0.5889635268938671,-0.23463096053819466,-0.8235944874320618,1.9237835356024326,16438768.787393505,-0.7608635268938675,-0.2904309605381947,-1.0512944874320622,1.663234639568802,15633610.585789029
Luke Kornet,SAS,2025,25,G,30,-0.3,2.8,-1.2173115015029907,1.6446502208709717,-0.0886495,-0.0565254,-0.13427623225450747,-1.4630841908824272,-0.0886495,1.8820033387309119,1.6941555818654954,-0.0565254,-0.5620033077123116,1.1732111735321358,0.6112078658198242,3.8513544388958016,23108126.63337481,-0.4639033077123116,1.2218111735321358,0.7579078658198242,4.076232616126409,26169413.395531546,-0.43330330771231185,1.244311173532136,0.8110078658198241,4.158901295330472,29370160.947623797,-0.470203307712312,1.240711173532136,0.7705078658198239,4.095787776395195,31816898.604593158,-0.574603307712312,1.2110111735321358,0.6364078658198238,3.8896170000845736,33236855.05806269,-0.7465033077123124,1.1552111735321358,0.4087078658198233,3.5494115480394095,33362771.932850502
Keyonte George,UTA,2025,25,G,30,1.1,-4.5,0.8655023574829102,-1.9388060569763184,1.94852,-2.6103,1.2710255851787966,1.222148827413252,1.94852,-3.0108038455361643,-2.4973027286911003,-2.6103,1.4805648041973496,-2.7061355247424217,-1.225570720545072,1.4722095605332868,8833257.36319972,1.5786648041973492,-2.657535524742422,-1.078870720545073,1.6325235249084193,10480801.029912053,1.6092648041973487,-2.635035524742422,-1.0257707205450735,1.6918223356555941,11947649.334399808,1.5723648041973486,-2.6386355247424222,-1.0662707205450737,1.6465332926620113,12790599.924057039,1.4679648041973485,-2.6683355247424223,-1.2003707205450738,1.49938133669167,12812243.509657053,1.2960648041973482,-2.7241355247424224,-1.4280707205450742,1.2593890493853699,11837655.076256873
Paolo Banchero,ORL,2025,25,G,30,0.1,-1.4,0.823355495929718,-0.5314142107963562,1.03438,0.579725,0.2672385727264366,1.167811689328684,1.03438,-0.9330364111213785,-0.8511198838359799,0.579725,0.8231434206850402,-0.40147709831911943,0.4216663223659208,3.5684393306969393,21410635.984181635,0.92124342068504,-0.35287709831911956,0.5683663223659203,3.7866549735059465,24310324.92990818,0.9518434206850395,-0.3303770983191196,0.6214663223659198,3.866912060496057,27308132.971223157,0.9149434206850393,-0.33397709831911965,0.5809663223659196,3.805637891554472,29562956.269173454,0.8105434206850393,-0.3636770983191197,0.44686632236591955,3.6055574074451906,30809560.157767314,0.6386434206850389,-0.4194770983191198,0.2191663223659191,3.275693189809012,30789950.20286
Javon Small,MEM,2025,25,G,30,-0.6,-1.0,-0.09104017913341522,-0.3038036823272705,0.59047,-0.416233,-0.4354123359902154,-0.011057679085151428,0.59047,-0.6649373873259222,-0.5848908671685737,-0.416233,0.047999994974877745,-0.5553537514981653,-0.5073537565232876,2.306254798584934,13837528.791509606,0.14609999497487758,-0.5067537514981655,-0.3606537565232879,2.4918146544821838,15997450.08177562,0.17669999497487732,-0.4842537514981655,-0.3075537565232882,2.5602515486637447,18080496.436663367,0.13979999497487716,-0.48785375149816557,-0.3480537565232884,2.5079927810168163,19482589.52149484,0.035399994974877114,-0.5175537514981656,-0.4821537565232885,2.3377632923053993,19976234.08801549,-0.13650000502512327,-0.5733537514981657,-0.709853756523289,2.058585664170293,19349721.239253283
Jalen Green,PHX,2025,25,G,30,0.8,-0.7,1.0703071355819702,-1.0493788719177246,0.643802,-0.36339,0.9698894814430887,1.4861899706405584,0.643802,-0.46386311947933007,-1.4569671762539034,-0.36339,1.0332938173612156,-0.7614067652444111,0.27188705211680453,3.350963400728988,20105780.40437393,1.1313938173612155,-0.7128067652444112,0.41858705211680425,3.563914184312453,22880329.06328595,1.1619938173612154,-0.6903067652444113,0.4716870521168042,3.6422655860614173,25721679.568765733,1.1250938173612153,-0.6939067652444113,0.43118705211680397,3.58244490586308,27829148.51772558,1.0206938173612152,-0.7236067652444114,0.29708705211680386,3.3871770844814413,28943495.93043561,0.8487938173612148,-0.7794067652444114,0.0693870521168034,3.0654847035573005,28814090.911750335
Jordan Walsh,BOS,2025,25,G,30,0.8,0.4,-0.23732353746891022,0.806645929813385,-1.09536,0.786096,0.9698894814430887,-0.19965105824621676,-1.09536,0.2734091959581746,0.7139678028909825,0.786096,-0.10837385893437597,0.5911576662830523,0.4827838073486764,3.6587246860391587,21952348.11623495,-0.010273858934376046,0.6397576662830522,0.6294838073486761,3.879088656544771,24903749.17501743,0.020326141065623693,0.662257666283052,0.6825838073486757,3.9601233590815053,27966391.1618336,-0.016573858934376462,0.658657666283052,0.6420838073486755,3.898256093536563,30282432.98581073,-0.12097385893437651,0.6289576662830519,0.5079838073486754,3.6962118006739435,31584203.760994874,-0.2928738589343769,0.5731576662830519,0.280283807348675,3.3630130621344465,31610715.263820108
Cam Spencer,MEM,2025,25,G,30,2.1,-0.8,0.3746500015258789,-0.9581022262573242,1.31492,-1.12348,2.274812597631157,0.5893256168140149,1.31492,-0.5308878754281942,-1.3502036983853118,-1.12348,1.393019404815057,-1.0015238579378354,0.39149554687722166,3.52419974586516,21145198.47519096,1.4911194048150571,-0.9529238579378355,0.5381955468772216,3.74135486217134,24019498.215140004,1.5217194048150566,-0.9304238579378356,0.5912955468772211,3.821228077605212,26985512.684048012,1.4848194048150565,-0.9340238579378356,0.5507955468772209,3.760246692053978,29210348.353213716,1.3804194048150564,-0.9637238579378357,0.41669554687722077,3.5611356462816377,30429975.32018953,1.208519404815056,-1.0195238579378358,0.1889955468772202,3.23291752192899,30387879.371557035
Zach Collins,CHI,2025,25,G,30,-1.3,0.1,-1.2178826332092285,1.2243140935897827,-1.06471,-0.520279,-1.1380632447068675,-1.4638205129060053,-1.06471,0.07233492811158238,1.2025013750564468,-0.520279,-1.2221979192042909,0.2515191010560097,-0.9706788181482812,1.754059677792539,10524358.066755233,-1.124097919204291,0.3001191010560096,-0.8239788181482814,1.9233332931368468,12347799.741938557,-1.0934979192042913,0.32261910105600966,-0.7708788181482816,1.9858751677317599,14024250.43452169,-1.1303979192042914,0.3190191010560096,-0.8113788181482818,1.9381126014644785,15055646.310696367,-1.2347979192042915,0.28931910105600955,-0.9454788181482819,1.7827705350990022,15233809.87783168,-1.4066979192042919,0.23351910105600948,-1.1731788181482825,1.5288715502761308,14370661.771994602
Cormac Ryan,MIL,2025,25,G,30,-2.6,-1.8,0.03849204629659653,-0.1966295689344406,-1.31264,-1.20563,-2.4429863608949356,0.15593958145129339,-1.31264,-1.2011354349168348,-0.4595326114996161,-1.20563,-1.1998955931478807,-0.9554326821388169,-2.155328275286698,0.5760753899992298,3456452.3399953786,-1.101795593147881,-0.9068326821388171,-2.008628275286698,0.7037076446059988,4517803.078370512,-1.0711955931478812,-0.8843326821388171,-1.9555282752866983,0.7511768794247479,5304811.12249757,-1.1080955931478813,-0.8879326821388172,-1.9960282752866985,0.7149103943426766,5553566.925332782,-1.2124955931478814,-0.9176326821388172,-2.1301282752866983,0.5976331301237845,5106787.049570343,-1.3843955931478817,-0.9734326821388173,-2.357828275286699,0.40836766840887123,3838460.883297892
Tre Jones,CHI,2025,25,G,30,0.1,0.2,0.6066466569900513,-0.8608515858650208,1.43605,-0.290836,0.2672385727264366,0.8884234342684643,1.43605,0.1393596840604464,-1.2364526230898867,-0.290836,0.8639040023316337,-0.46264297967648016,0.4012610226551535,3.5384950469639525,21230970.281783715,0.9620040023316336,-0.4140429796764803,0.5479610226551533,3.7559934274291553,24113477.80409518,0.9926040023316332,-0.39154297967648033,0.6010610226551528,3.8359908918531036,27089767.678266622,0.955704002331633,-0.3951429796764804,0.5605610226551526,3.7749147401229983,29324292.68422348,0.851304002331633,-0.42484297967648044,0.4264610226551525,3.5754899130028384,30552632.816407524,0.6794040023316326,-0.4806429796764805,0.19876102265515205,3.2467389921334235,30517794.584815953
Cameron Payne,PHI,2025,25,G,30,-0.9,0.3,-1.0903310775756836,-0.19820258021354675,-0.520849,0.548795,-0.7365484397259235,-1.299376797859412,-0.520849,0.2063844400093105,-0.4613725142882081,0.548795,-0.8522580791951119,0.09793564190703415,-0.7543224372880777,2.0055136557042745,12033081.934225647,-0.7541580791951119,0.14653564190703405,-0.6076224372880779,2.1823923681082906,14010959.003255226,-0.7235580791951122,0.16903564190703402,-0.5545224372880782,2.247687007896595,15873165.649765756,-0.7604580791951123,0.16543564190703397,-0.5950224372880784,2.1978248749563876,17073143.193636216,-0.8648580791951124,0.1357356419070339,-0.7291224372880785,2.035530910051669,17393652.33700972,-1.0367580791951128,0.07993564190703384,-0.9568224372880789,1.769827694823239,16635534.353700327
Vj Edgecombe,PHI,2025,25,G,30,0.7,0.4,-0.2451382726430893,-0.23865583539009094,0.591587,0.807356,0.8695107801978528,-0.20972607518947795,0.591587,0.2734091959581746,-0.5086894394721404,0.807356,0.4171239016694583,0.19069191882867806,0.6078158204981363,3.846215727226359,23077294.363358155,0.5152239016694582,0.23929191882867795,0.7545158204981361,4.070974671394369,26135657.39035185,0.5458239016694582,0.2617919188286779,0.8076158204981361,4.15360019261872,29332724.560273405,0.508923901669458,0.25819191882867787,0.7671158204981359,4.090519590786613,31775974.285148572,0.40452390166945795,0.2284919188286778,0.6330158204981358,3.884457806662047,33192769.64708334,0.23262390166945757,0.17269191882867774,0.4053158204981353,3.5444374218858217,33316017.52463908
Trayce Jackson-davis,TOR,2025,25,G,30,-1.8,0.3,-1.3834282159805298,-0.01240901555866003,-1.76677,0.0172976,-1.6399567509330475,-1.677247393552428,-1.76677,0.2063844400093105,-0.2440555107475706,0.0172976,-1.6946580481618252,-0.006791156912753365,-1.7014492050745786,0.9876637213728524,5925982.3282371145,-1.5965580481618253,0.04180884308724653,-1.5547492050745788,1.1312501825004067,7262626.171652611,-1.5659580481618256,0.06430884308724649,-1.501649205074579,1.1844942528082738,8364898.41333203,-1.6028580481618258,0.060708843087246445,-1.5421492050745793,1.1438232321836546,8885447.632249067,-1.7072580481618258,0.031008843087246385,-1.6762492050745794,1.0119620613905485,8647236.053823467,-1.8791580481618262,-0.024791156912753687,-1.9039492050745799,0.7979333220697554,7500191.815327754
Alperen Sengun,HOU,2025,25,G,30,0.9,-0.6,0.5799445509910583,0.6079244017601013,1.14423,-0.169695,1.0702681826883247,0.8539981896038078,1.14423,-0.39683836353046603,0.4815293592033665,-0.169695,1.0228321240973777,-0.02833466810903319,0.9944974559883445,4.449767812924636,26698606.877547815,1.1209321240973773,0.020265331890966687,1.141197455988344,4.688118920898573,30097723.47216884,1.1515321240973768,0.04276533189096665,1.1942974559883435,4.7756643050956225,33725741.322585285,1.1146321240973767,0.039165331890966604,1.1537974559883433,4.708831265402982,36579143.035903454,1.0102321240973766,0.009465331890966544,1.0196974559883432,4.4903447425846545,38370085.63228073,0.8383321240973762,-0.04633466810903353,0.7919974559883427,4.129227318281436,38812763.02118738
Davion Mitchell,MIA,2025,25,G,30,0.8,1.0,-0.2486151158809662,0.06506584584712982,0.434138,0.404468,0.9698894814430887,-0.21420853732669975,0.434138,0.6755577316513589,-0.15343555433677358,0.404468,0.396606314705463,0.3088633924381951,0.7054697071436581,3.9952573519230286,23971544.11153817,0.49470631470546267,0.3574633924381949,0.8521697071436576,4.223448907060237,27114541.983326722,0.5253063147054626,0.37996339243819477,0.9052697071436574,4.30731690710166,30418271.997951925,0.4884063147054625,0.3763633924381947,0.8647697071436572,4.243288651934498,32962714.90595758,0.3840063147054624,0.34666339243819466,0.7306697071436571,4.03408908232275,34471371.89022956,0.21210631470546204,0.2908633924381946,0.5029697071436566,3.6887407799072163,34672400.113035046
Dylan Harper,SAS,2025,25,G,30,2.1,2.4,1.323228120803833,0.28102028369903564,0.453827,1.72012,2.274812597631157,1.8122641311362504,0.453827,1.6139043149354555,0.09915969255701934,1.72012,1.5136345762558026,1.1443946691641582,2.6580292454199608,7.4548980016610855,44729388.009966515,1.6117345762558022,1.1929946691641582,2.8047292454199604,7.751723561233064,49766065.26311627,1.6423345762558017,1.2154946691641584,2.85782924541996,7.860434544474802,55510388.75308106,1.6054345762558015,1.2118946691641583,2.81732924541996,7.7774582512735,60416851.18754282,1.5010345762558015,1.1821946691641583,2.6832292454199598,7.50551962239316,64134815.28374202,1.3291345762558011,1.1263946691641582,2.4555292454199593,7.05364123947458,66300856.01054862
Saddiq Bey,NOP,2025,25,G,30,1.0,-1.4,0.525043249130249,-0.9603272080421448,1.7788,-0.563996,1.1706468839335606,0.7832176021461068,1.7788,-0.9330364111213785,-1.352806190970606,-0.563996,1.2442214953598891,-0.9499462006973282,0.29427529466256097,3.3831289040199435,20298773.424119662,1.342321495359889,-0.9013462006973283,0.4409752946625607,3.5968666519484396,23091883.905508984,1.3729214953598885,-0.8788462006973283,0.49407529466256017,3.675502905822291,25956401.520917024,1.3360214953598883,-0.8824462006973284,0.45357529466255997,3.6154649655287,28085654.94522005,1.2316214953598883,-0.9121462006973284,0.31947529466255986,3.4194777718316653,29219505.949857026,1.059721495359888,-0.9679462006973285,0.0917752946625594,3.096563906371987,29106220.562349446
Onyeka Okongwu,ATL,2025,25,G,30,-0.4,0.5,0.3310438096523285,0.9902768731117249,0.0806528,0.349363,-0.23465493349974342,0.533107061461207,0.0806528,0.3404339519070386,0.9287552549163631,0.349363,0.12636830932048784,0.5395174022744672,0.665885711594955,3.9345679522881416,23607407.71372885,0.22446830932048778,0.5881174022744671,0.8125857115949549,4.161368098829209,26715983.194483526,0.2550683093204875,0.6106174022744669,0.8656857115949544,4.244732460176324,29976300.633765202,0.21816830932048736,0.6070174022744669,0.8251857115949542,4.181088336216685,32479530.413398452,0.11376830932048732,0.5773174022744668,0.6910857115949541,3.973160667714293,33950737.36883201,-0.05813169067951307,0.5215174022744667,0.4633857115949537,3.6299720363099484,34120002.01468017
Keldon Johnson,SAS,2025,25,G,30,0.1,-0.6,0.11938069015741348,-0.36002758145332336,-0.375099,-0.512596,0.2672385727264366,0.2602239160129909,-0.375099,-0.39683836353046603,-0.6506542282846633,-0.512596,0.05078782957980915,-0.5200295306050432,-0.46924170102523405,2.3539666703538726,14123800.022123236,0.14888782957980906,-0.47142953060504333,-0.3225417010252343,2.540866194996067,16312360.971874751,0.1794878295798088,-0.44892953060504337,-0.26944170102523457,2.6097879999503375,18430322.855649285,0.14258782957980864,-0.4525295306050434,-0.3099417010252348,2.5571593851038847,19864525.535364002,0.038187829579808596,-0.4822295306050435,-0.4440417010252349,2.385705291220709,20385899.42758679,-0.1337121704201918,-0.5380295306050435,-0.6717417010252353,2.1044482999416094,19780808.093163762
Reed Sheppard,HOU,2025,25,G,30,1.3,-1.2,-0.2620818018913269,0.2774619460105896,0.209827,-0.27683,1.4717829876692685,-0.23157023758907835,0.209827,-0.7989868992236504,0.09499761468594131,-0.27683,0.48334658336006336,-0.3269397615125697,0.15640682184749366,3.186958753291844,19121752.519751064,0.5814465833600633,-0.27833976151256984,0.30310682184749344,3.395850315898402,21801359.02806774,0.6120465833600632,-0.2558397615125699,0.35620682184749336,3.4727324290729027,24524436.414112844,0.5751465833600631,-0.2594397615125699,0.31570682184749316,3.4140323927025458,26520886.432991926,0.47074658336006303,-0.28913976151257,0.18160682184749305,3.222475147551332,27536114.585329086,0.29884658336006265,-0.34493976151257005,-0.04609317815250741,2.9070832752600597,27325193.201638997
Jabari Smith Jr.,HOU,2025,25,G,30,0.3,0.9,-0.1824938952922821,0.16228550672531128,0.470606,0.287323,0.4679959752169085,-0.12896285684078534,0.470606,0.6085329757024948,-0.03972071482374828,0.287323,0.2698797061253744,0.2853784202929155,0.5552581264182899,3.766946790057071,22601680.740342423,0.367979706125374,0.33397842029291547,0.7019581264182895,3.9898582899152686,25614890.221256025,0.3985797061253735,0.35647842029291554,0.7550581264182891,4.071815104303552,28755158.26659169,0.36167970612537337,0.3528784202929155,0.7145581264182889,4.009244533109124,31144613.3820983,0.2572797061253733,0.32317842029291544,0.5804581264182888,3.8048715170959806,32512703.211015504,0.08537970612537293,0.26737842029291536,0.3527581264182883,3.4677186379049236,32594897.62679737
Dillon Brooks,PHX,2025,25,G,30,0.0,0.2,0.755748987197876,-0.9674769043922424,0.555346,0.425913,0.16685987148120063,1.080651125884562,0.555346,0.1393596840604464,-1.3611689703269025,0.425913,0.6009523324552543,-0.26529876208881875,0.3356535703664355,3.442893766639763,20657362.599838577,0.6990523324552542,-0.21669876208881889,0.48235357036643534,3.6580859935239527,23484912.07842378,0.7296523324552537,-0.19419876208881892,0.5354535703664348,3.7372487152406633,26392450.42702957,0.6927523324552536,-0.19779876208881897,0.4949535703664346,3.6768092316770953,28562189.47351402,0.5883523324552535,-0.22749876208881903,0.3608535703664345,3.4794924835972485,29732332.86218817,0.41645233245525315,-0.2832987620888191,0.13315357036643405,3.1543210526419223,29649110.12937092
Jaylon Tyson,CLE,2025,25,G,30,0.7,-0.1,-0.7798519134521484,-0.7391293048858643,-0.0958771,-0.418832,0.8695107801978528,-0.899096715508086,-0.0958771,-0.06171458378614578,-1.0940778243951241,-0.418832,-0.04182101177007774,-0.5248748027270899,-0.5666958144971677,2.232658274403775,13395949.64642265,0.05627898822992217,-0.47627480272709,-0.41999581449716783,2.416132210261043,15511568.789875897,0.0868789882299219,-0.45377480272709003,-0.3668958144971681,2.483814078170463,17540695.02003981,0.04997898822992175,-0.4573748027270901,-0.40739581449716833,2.4321311780192354,18893281.41708903,-0.0544210117700783,-0.48707480272709014,-0.5414958144971684,2.26380845057136,19344288.486301288,-0.22632101177007868,-0.5428748027270902,-0.7691958144971689,1.9878684774676358,18685013.487063557
Cedric Coward,MEM,2025,25,G,30,0.6,0.3,0.7014648914337158,-0.948809027671814,1.18803,0.232883,0.7691320789526166,1.0106662610895778,1.18803,0.2063844400093105,-1.3393337305602013,0.232883,0.9892761133473981,-0.30002209685029696,0.689254016497101,3.9703503774191655,23822102.264514994,1.0873761133473978,-0.2514220968502971,0.8359540164971007,4.197971938268399,26950979.843683124,1.1179761133473973,-0.22892209685029713,0.8890540164971001,4.28163362135896,30236896.63403698,1.0810761133473972,-0.23252209685029718,0.8485540164970999,4.217762726578049,32764424.41260361,0.9766761133473971,-0.26222209685029724,0.7144540164970998,4.009084194689664,34257704.62530708,0.8047761133473967,-0.3180220968502973,0.48675401649709943,3.664620607334607,34445682.02029501
Collin Murray-boyles,TOR,2025,25,G,30,-0.3,0.9,0.08651106059551239,0.7102249264717102,0.110047,1.55002,-0.13427623225450747,0.21784729449303486,0.110047,0.6085329757024948,0.6011871284714101,1.55002,0.06453935407950913,0.9199133680579683,0.9844527221374775,4.433636240301413,26601817.44180848,0.16263935407950902,0.9685133680579681,1.131152722137477,4.671634267975288,29991892.00040135,0.19323935407950854,0.9910133680579681,1.1842527221374768,4.759051850100534,33608424.165409975,0.15633935407950839,0.9874133680579681,1.1437527221374766,4.6923162865643535,36450851.37728922,0.05193935407950834,0.957713368057968,1.0096527221374765,4.474152518130746,38231722.7504776,-0.11996064592049205,0.901913368057968,0.7819527221374759,4.113583126440511,38665715.095806375
Miles Bridges,CHA,2025,25,G,30,-0.4,-1.3,0.8586333394050598,-0.7168831825256348,0.697752,-0.338743,-0.23465493349974342,1.2132930604582082,0.697752,-0.8660116551725144,-1.0680572210405166,-0.338743,0.5587967089861549,-0.7576039587376769,-0.19880724975152209,2.702515949387441,16215095.696324646,0.6568967089861546,-0.7090039587376771,-0.05210724975152248,2.8989214578238194,18611075.75922892,0.6874967089861541,-0.6865039587376771,0.0009927502484770034,2.9712840789980706,20983208.16588438,0.650596708986154,-0.6901039587376772,-0.0395072497515232,2.9160311127973952,22652312.890432727,0.5461967089861539,-0.7198039587376772,-0.1736072497515233,2.735887499985793,23378213.405128613,0.3742967089861535,-0.7756039587376773,-0.40130724975152376,2.439875822204064,22933666.468075197
Toumani Camara,POR,2025,25,G,30,0.1,1.4,-0.07941288501024246,0.6505874991416931,-0.663972,1.28605,0.2672385727264366,0.003932615874850498,-0.663972,0.9436567554468152,0.5314310686729689,1.28605,-0.13093360379957097,0.9203792747065945,0.7894456709070236,4.125250744526096,24751504.467156578,-0.03283360379957112,0.9689792747065944,0.9361456709070233,4.3563941208786705,27968050.256041065,-0.002233603799571382,0.9914792747065942,0.9892456709070229,4.44133057154406,31364676.496244155,-0.03913360379957154,0.9878792747065942,0.9487456709070227,4.376487396409465,33997429.392788015,-0.14353360379957159,0.9581792747065941,0.8146456709070226,4.1645895362388865,35586500.87895202,-0.31543360379957197,0.9023792747065941,0.5869456709070221,3.814659572673122,35855976.57585163
Josh Hart,NYK,2025,25,G,30,0.6,0.7,-0.06985227763652802,0.6042960286140442,-0.0815115,1.05048,0.7691320789526166,0.01625846942345277,-0.0815115,0.4744834638047667,0.4772853630170987,1.05048,0.2346263494586898,0.6674162756072884,0.9020426250659782,4.302200658730753,25813203.952384517,0.33272634945868984,0.7160162756072883,1.0487426250659782,4.537301906635817,29129478.24060195,0.3633263494586898,0.7385162756072882,1.101842625065978,4.623670961114686,32652364.32739192,0.32642634945868965,0.7349162756072881,1.0613426250659779,4.557735122054556,35405397.97514421,0.2220263494586896,0.7052162756072881,0.9272426250659777,4.342219330219431,37104351.02111165,0.05012634945868921,0.649416275607288,0.6995426250659772,3.986146167250109,37467868.5942831
Kel'el Ware,MIA,2025,25,G,30,-0.1,-0.5,0.3056720197200775,-0.35429391264915466,0.297472,0.0361797,0.06648117023596467,0.500396904590773,0.297472,-0.329813607581602,-0.6439477326849321,0.0361797,0.28811669160891257,-0.31252721342217804,-0.024410521813265473,2.936581191481325,17619487.14888795,0.38621669160891225,-0.2639272134221782,0.12228947818673408,3.139116882154957,20153130.383434825,0.41681669160891177,-0.2414272134221782,0.17538947818673356,3.213698403648214,22695138.126563687,0.3799166916089116,-0.24502721342217826,0.13488947818673336,3.156753055848297,24522289.088440742,0.27551669160891157,-0.2747272134221783,0.0007894781867332501,2.9710057795192046,25387303.8061072,0.10361669160891118,-0.3305272134221784,-0.2269105218132672,2.665479156301737,25054229.970199622
Kris Dunn,LAC,2025,25,G,30,-0.6,2.0,-0.9452178478240967,1.2543118000030518,-1.43172,1.64078,-0.4354123359902154,-1.1122919874528736,-1.43172,1.3458052911399994,1.2375887672539783,1.64078,-0.9931414411476963,1.408058019464659,0.4149165783169627,3.5585232019703286,21351139.21182197,-0.8950414411476965,1.456658019464659,0.5616165783169625,3.776501585963967,24245140.18188867,-0.8644414411476967,1.4791580194646592,0.6147165783169625,3.856672793996368,27235823.271202352,-0.9013414411476969,1.4755580194646591,0.5742165783169623,3.7954641259547315,29483924.423241552,-1.005741441147697,1.445858019464659,0.44011657831696205,3.595600522603057,30724478.37765358,-1.1776414411476974,1.390058019464659,0.2124165783169616,3.2661045655821455,30699821.718489833
Cooper Flagg,DAL,2025,25,G,30,0.4,0.0,0.5538177490234375,-0.6848921775817871,1.18332,0.0519682,0.5683746764621447,0.8203146460632984,1.18332,0.005310172162718285,-1.0306383290161105,0.0519682,0.8573364408418144,-0.3244533189511308,0.5328831218906835,3.733401069838633,22400406.4190318,0.9554364408418141,-0.2758533189511309,0.6795831218906832,3.9555260706785567,25394477.373756338,0.9860364408418136,-0.25335331895113095,0.7326831218906826,4.037198201373109,28510693.698096905,0.9491364408418135,-0.256953318951131,0.6921831218906824,3.974844761809492,30877389.078688502,0.8447364408418134,-0.28665331895113105,0.5580831218906823,3.771190692751704,32224899.89337717,0.672836440841813,-0.3424533189511311,0.3303831218906819,3.4352585758405443,32289788.55930188
Jusuf Nurkic,UTA,2025,25,G,30,-2.3,2.8,-2.162652015686035,1.6123042106628418,-1.02071,1.28459,-2.1418502571592275,-2.6818486768518426,-1.02071,1.8820033387309119,1.656321451130221,1.28459,-1.9481363113370234,1.6076382632870443,-0.3404980480499791,2.5177123918926645,15106274.351355987,-1.8500363113370235,1.656238263287044,-0.19379804804997947,2.7091373572581934,17392661.833597604,-1.8194363113370238,1.6787382632870442,-0.14069804804997954,2.7796972051736715,19630221.66293647,-1.856336311337024,1.6751382632870442,-0.18119804804997974,2.725819235526298,21174708.98541539,-1.960736311337024,1.6454382632870441,-0.31529804804997985,2.550228389080073,21791752.589257013,-2.1326363113370244,1.589638263287044,-0.5429980480499803,2.2619472474757973,21261222.91548821
Dru Smith,MIA,2025,25,G,30,-1.6,2.8,-1.3258897066116333,0.715869665145874,-2.14183,1.62119,-1.4391993484425756,-1.6030668303137605,-2.14183,1.8820033387309119,0.607789605240279,1.62119,-1.7280320595854455,1.370327647990397,-0.3577044115950485,2.4955981393356748,14973588.83601405,-1.6299320595854456,1.4189276479903967,-0.2110044115950489,2.686418287481186,17246805.405629218,-1.5993320595854459,1.441427647990397,-0.15790441159504898,2.7567592138262285,19468233.56804083,-1.636232059585446,1.4378276479903969,-0.19840441159504918,2.7030482182580013,20997819.16907181,-1.740632059585446,1.4081276479903968,-0.3325044115950493,2.528010241540504,21601898.074168444,-1.9125320595854465,1.3523276479903967,-0.5602044115950497,2.2406678653145367,21061206.89471703
Marcus Sasser,DET,2025,25,G,30,-0.0,0.1,-0.5597521662712097,-0.7279348373413086,-0.421859,0.137853,0.16685987148120063,-0.6153367885712887,-0.421859,0.07233492811158238,-1.0809840008951843,0.137853,-0.29011197236336267,-0.290265357594534,-0.5803773299578967,2.215810036716271,13294860.220297627,-0.19201197236336287,-0.2416653575945341,-0.433677329957897,2.3988030565377425,15400315.622972308,-0.16141197236336313,-0.21916535759453415,-0.3805773299578973,2.4663108505446343,17417087.22654621,-0.1983119723633633,-0.2227653575945342,-0.4210773299578975,2.4147607186241484,18758344.214416116,-0.30271197236336334,-0.25246535759453426,-0.5551773299578976,2.2468776015402834,19199614.042713758,-0.4746119723633637,-0.30826535759453433,-0.782877329957898,1.9716840809338398,18532887.895787414
Collin Sexton,CHI,2025,25,G,30,0.2,-1.2,0.4698375165462494,-0.7686269283294678,0.24819,-0.970298,0.36761727397167276,0.7120445324576163,0.24819,-0.7989868992236504,-1.1285802849633426,-0.970298,0.442617268809763,-0.9659550613956643,-0.5233377925859013,2.2863482321370867,13718089.39282252,0.540717268809763,-0.9173550613956645,-0.37663779258590147,2.471346236587299,15866042.838890461,0.571317268809763,-0.8948550613956645,-0.32353779258590154,2.539579761226681,17934512.273782823,0.5344172688097628,-0.8984550613956646,-0.36403779258590174,2.4874761059424317,19323211.886182003,0.43001726880976276,-0.9281550613956646,-0.49813779258590185,2.317760211498552,19805307.362459358,0.2581172688097624,-0.9839550613956647,-0.7258377925859023,2.0394546595358407,19169898.940309655
Ja'kobe Walter,TOR,2025,25,G,30,-0.2,0.6,-0.23599006235599518,0.2955528795719147,-1.37502,0.983666,-0.03389753100927151,-0.19793189770442043,-1.37502,0.40745870785590266,0.11615802182976598,0.983666,-0.5356164762378973,0.5024275765618896,-0.03318889967600769,2.9246251786413158,17547751.071847893,-0.43751647623789736,0.5510275765618895,0.11351110032399214,3.12685230242449,20074391.781565227,-0.4069164762378976,0.5735275765618896,0.16661110032399196,3.201322134061692,22607736.910743676,-0.4438164762378978,0.5699275765618895,0.12611110032399175,3.144461973440122,24426809.502077557,-0.5482164762378978,0.5402275765618895,-0.007988899676008354,2.9589967613237804,25284686.505446944,-0.7201164762378982,0.4844275765618894,-0.2356888996760088,2.6539490793534664,24945852.75826266
Alondes Williams,WAS,2025,25,G,30,-3.1,-1.1,-0.921492874622345,0.5028992891311646,-2.42705,-1.19839,-2.9448798671211156,-1.081704961576955,-2.42705,-0.7319621432747864,0.3586847234624364,-1.19839,-2.151211609566024,-0.52388913993745,-2.675100749503474,0.16536394093132364,992183.6455879419,-2.053111609566024,-0.47528913993745014,-2.528400749503474,0.2747257840084369,1763739.5333341649,-2.022511609566024,-0.4527891399374502,-2.4753007495034742,0.3155818023839361,2228638.6884353575,-2.059411609566024,-0.45638913993745023,-2.5158007495034744,0.28435929594502074,2208959.8827601103,-2.1638116095660243,-0.4860891399374503,-2.6499007495034745,0.18378320545569243,1570431.1662830017,-2.3357116095660246,-0.5418891399374504,-2.877600749503475,0.02287611255674964,215024.52325164457
De'anthony Melton,GSW,2025,25,G,30,-0.5,0.3,-0.25711292028427124,0.8665602803230286,0.0362996,0.983642,-0.33503363474497944,-0.2251641898773714,0.0362996,0.2063844400093105,0.78404777119357,0.983642,-0.17463274154078365,0.6580247370676268,0.4833919955268431,3.6596276251323325,21957765.750793993,-0.07653274154078371,0.7066247370676266,0.6300919955268429,3.880012973931051,24909683.29263735,-0.04593274154078397,0.7291247370676265,0.6831919955268425,3.961055414622959,27972973.33806734,-0.08283274154078413,0.7255247370676264,0.6426919955268423,3.8991822470952573,30289627.531885386,-0.18723274154078418,0.6958247370676264,0.5085919955268422,3.6971184121119456,31591950.773864824,-0.35913274154078456,0.6400247370676263,0.28089199552684174,3.3638864913138224,31618925.080607098
Josh Giddey,CHI,2025,25,G,30,1.5,-0.9,0.6590762734413147,-0.5041273832321167,1.01332,-0.755653,1.6725403901597409,0.9560174425491936,1.01332,-0.5979126313770582,-0.8192033230368725,-0.755653,1.2139592775696448,-0.7242563181379769,0.489702959431668,3.6690023514860024,22014014.108916014,1.312059277569645,-0.675656318137977,0.6364029594316679,3.8896095356327045,24971293.218761966,1.3426592775696444,-0.653156318137977,0.6895029594316674,3.970732272554864,28041311.30878245,1.3057592775696443,-0.6567563181379771,0.6490029594316672,3.908797862139682,30364323.55267348,1.2013592775696442,-0.6864563181379771,0.5149029594316671,3.706531245151158,31672383.620441556,1.0294592775696438,-0.7422563181379772,0.2872029594316666,3.3729550032300923,31704164.75787134
Thomas Bryant,CLE,2025,25,G,30,-0.9,-1.2,-0.6358539462089539,-0.09229519963264465,-0.291552,-1.02478,-0.7365484397259235,-0.7134497386835943,-0.291552,-0.7989868992236504,-0.33749591692903147,-1.02478,-0.580516726136506,-0.7204209387175607,-1.3009376648540667,1.3918535760190271,8351121.456114163,-0.482416726136506,-0.6718209387175609,-1.1542376648540669,1.5495183329879143,9947907.69778241,-0.45181672613650625,-0.6493209387175609,-1.1011376648540672,1.607858228170865,11354694.807342652,-0.4887167261365064,-0.652920938717561,-1.1416376648540674,1.56330056145508,12144031.421495356,-0.5931167261365065,-0.682620938717561,-1.2757376648540675,1.4185702736045591,12121711.359356431,-0.7650167261365068,-0.7384209387175611,-1.503437664854068,1.1826899462601015,11116720.169050645
Peyton Watson,DEN,2025,25,G,30,-0.6,-0.9,-0.5529921054840088,-0.25453606247901917,0.226569,0.164871,-0.4354123359902154,-0.6066214929853855,0.226569,-0.5979126313770582,-0.5272640514234267,0.164871,-0.2718216096585336,-0.3201018942668283,-0.5919235039253619,2.201626283649317,13209757.701895902,-0.17372160965853367,-0.2715018942668284,-0.4452235039253621,2.384213446368993,15306650.325688936,-0.14312160965853393,-0.24900189426682845,-0.3921235039253624,2.4515743350445605,17313017.954084687,-0.1800216096585341,-0.2526018942668285,-0.4326235039253626,2.40013624956322,18644738.413857013,-0.28442160965853414,-0.28230189426682856,-0.5667235039253626,2.232624130688972,19077817.84921989,-0.4563216096585345,-0.33810189426682863,-0.7944235039253631,1.9580605600626155,18404833.31164088
Dean Wade,CLE,2025,25,G,30,0.8,2.3,-0.10909735411405563,0.7108067274093628,-0.970209,1.09575,0.9698894814430887,-0.034337590665328044,-0.970209,1.5468795589865914,0.6018676430880635,1.09575,-0.011552369740746435,1.0814990673582183,1.0699466976174719,4.571710064199729,27430260.385198373,0.08654763025925338,1.1300990673582183,1.2166466976174717,4.812713272395482,30897619.208778992,0.11714763025925312,1.1525990673582185,1.2697466976174716,4.901218619249508,34612405.88914003,0.08024763025925297,1.1489990673582184,1.2292466976174714,4.833653404649005,37548786.3779944,-0.02415236974074708,1.1192990673582184,1.0951466976174713,4.612742569357973,39415977.51001528,-0.19605236974074747,1.0634990673582183,0.8674466976174708,4.247508695017211,39924551.424005575
Santi Aldama,MEM,2025,25,G,30,0.3,-1.0,0.2897559702396393,-0.5192628502845764,0.125145,-0.234126,0.4679959752169085,0.47987740333946616,0.125145,-0.6649373873259222,-0.8369068121385446,-0.234126,0.3576727928521249,-0.5786567331548224,-0.22098394030269747,2.6732739444924816,16039643.66695489,0.4557727928521247,-0.5300567331548225,-0.0742839403026978,2.8688999248029305,18418337.517234813,0.4863727928521242,-0.5075567331548225,-0.021183940302698323,2.940980385489882,20769203.482329547,0.44947279285212405,-0.5111567331548226,-0.061683940302698526,2.885942626440537,22418579.510715384,0.345072792852124,-0.5408567331548226,-0.19578394030269863,2.7065115884188953,23127195.653271236,0.1731727928521236,-0.5966567331548227,-0.4234839403026991,2.4117098530657555,22668919.821508344
Andrew Nembhard,IND,2025,25,G,30,-0.3,-0.5,0.5122072696685791,-0.7246399521827698,1.4645,-0.184411,-0.13427623225450747,0.7666690297789998,1.4645,-0.329813607581602,-1.07713007532465,-0.184411,0.6989642658414974,-0.5304515609687507,0.16851270487274672,3.2040015604904712,19224009.362942826,0.7970642658414973,-0.4818515609687508,0.31521270487274644,3.4133186544126968,21913505.761329513,0.8276642658414972,-0.45935156096875085,0.36831270487274637,3.4903547942597397,24648885.557062283,0.7907642658414971,-0.4629515609687509,0.32781270487274616,3.4315372799188,26656867.897865232,0.686364265841497,-0.49265156096875096,0.19371270487274606,3.2395910521538775,27682370.332475934,0.5144642658414966,-0.548451560968751,-0.0339872951272544,2.9235386926057716,27479866.2589992
Ja Morant,MEM,2025,25,G,30,0.9,0.3,1.4138423204421997,-0.5265148282051086,2.01794,0.125091,1.0702681826883247,1.9290869762242162,2.01794,0.2063844400093105,-0.8453892270938759,0.125091,1.6724317196375136,-0.17130459569485512,1.5011271239426585,5.294761910511374,31768571.463068243,1.7705317196375134,-0.12270459569485526,1.6478271239426583,5.5509214500314545,35636915.70920194,1.8011317196375134,-0.10020459569485529,1.700927123942658,5.644912830923119,39864374.41197907,1.7642317196375132,-0.10380459569485534,1.6604271239426578,5.573163353073568,43293447.5593461,1.6598317196375132,-0.1335045956948554,1.5263271239426577,5.338397957246802,45616717.31263309,1.4879317196375128,-0.18930459569485547,1.2986271239426572,4.949639225083621,46524242.78823647
Seth Curry,GSW,2025,25,G,30,-1.6,-0.9,-1.0112196207046509,-0.4700383245944977,-0.766776,-1.17235,-1.4391993484425756,-1.197383671973932,-0.766776,-0.5979126313770582,-0.7793304023013824,-1.17235,-1.1344530068055025,-0.8498643445594801,-1.9843173513649828,0.7253567690946909,4352140.614568146,-1.0363530068055027,-0.8012643445594803,-1.837617351364983,0.8590001922629067,5514781.234327861,-1.005753006805503,-0.7787643445594803,-1.7845173513649832,0.9086452488308903,6416852.747243748,-1.042653006805503,-0.7823643445594803,-1.8250173513649834,0.8707192386858432,6763921.189959369,-1.1470530068055032,-0.8120643445594804,-1.9591173513649836,0.7479471025917646,6391222.950588682,-1.3189530068055035,-0.8678643445594805,-2.186817351364984,0.5493514221894544,5163640.778601066
Ayo Dosunmu,MIN,2025,25,G,30,0.1,-1.5,0.15067094564437866,-0.7401995658874512,-0.408,-0.573067,0.2672385727264366,0.3005643558569122,-0.408,-1.0000611670702426,-1.0953296756866546,-0.573067,0.05326764286111627,-0.8894859475856324,-0.8362183047245161,1.9090132764105765,11454079.65846346,0.15136764286111615,-0.8408859475856325,-0.6895183047245164,2.0830132846221536,13372945.287274227,0.1819676428611161,-0.8183859475856325,-0.6364183047245164,2.147265939457367,15163992.064447926,0.14506764286111595,-0.8219859475856326,-0.6769183047245166,2.098198540803416,16299225.904669097,0.040667642861115905,-0.8516859475856327,-0.8110183047245167,1.938536029424301,16564829.142151246,-0.13123235713888448,-0.9074859475856327,-1.0387183047245172,1.6773009869608213,15765827.52755996
Jerami Grant,POR,2025,25,G,30,-0.4,-1.6,-0.38967618346214294,-0.16363252699375153,-0.330111,-1.07102,-0.23465493349974342,-0.39606916526079594,-0.330111,-1.0670859230191065,-0.42093698902165155,-1.07102,-0.32027836625351314,-0.8530143040135861,-1.1732926702670992,1.5287477058141519,9172486.23488491,-0.22217836625351328,-0.8044143040135863,-1.0265926702670995,1.6908992847993816,10855573.40841203,-0.19157836625351354,-0.7819143040135863,-0.9734926702670998,1.7508632443931558,12364596.23190447,-0.2284783662535137,-0.7855143040135864,-1.0139926702671,1.7050668844826748,13245300.572038319,-0.33287836625351375,-0.8152143040135864,-1.1480926702671002,1.5562351458319388,13298060.445836838,-0.5047783662535141,-0.8710143040135865,-1.3757926702671006,1.3133906100817472,12345243.934056807
Brandin Podziemski,GSW,2025,25,G,30,0.2,2.1,0.44277533888816833,0.12063497304916382,-0.0279468,1.0362,0.36761727397167276,0.6771550714138703,-0.0279468,1.4128300470888635,-0.08843805974999361,1.0362,0.33894184846184766,0.7868639957796232,1.125805844241471,4.662869238400085,27977215.43040051,0.43704184846184746,0.835463995779623,1.2725058442414705,4.905835939560822,31495466.73198048,0.4676418484618474,0.8579639957796229,1.3256058442414704,4.9950519985923565,35275057.214059226,0.43074184846184727,0.8543639957796229,1.2851058442414702,4.926944715381889,38273491.938029595,0.3263418484618472,0.8246639957796228,1.1510058442414701,4.70423903069342,40197816.6020559,0.15444184846184683,0.7688639957796227,0.9233058442414696,4.335957526167747,40755928.15827933
Ivica Zubac,IND,2025,25,G,30,-0.4,1.4,-0.08756422996520996,1.3032634258270264,0.696525,0.367679,-0.23465493349974342,-0.006576369612337207,0.696525,0.9436567554468152,1.29484597453276,0.367679,0.15176456562930643,0.868727243326525,1.0204918089558315,4.491626280071248,26949757.680427488,0.24986456562930637,0.9173272433265247,1.167191808955831,4.73089111000955,30372320.926261313,0.2804645656293059,0.9398272433265248,1.2202918089558308,4.81876722792376,34030134.1635976,0.24356456562930573,0.9362272433265247,1.1797918089558306,4.751681933701081,36912015.59737675,0.13916456562930568,0.9065272433265247,1.0456918089558305,4.532360168105514,38729108.28366499,-0.032735434370694705,0.8507272433265246,0.8179918089558299,4.169824512777855,39194357.24399474
Isaiah Stewart,DET,2025,25,G,30,-1.8,0.5,-2.602396011352539,0.7488060593605042,-1.74082,-0.247402,-1.6399567509330475,-3.2487812866319086,-1.74082,0.3404339519070386,0.6463142899431749,-0.247402,-2.2098526791883186,0.2464487472834045,-1.9634039319049141,0.7440936924277379,4464562.154566428,-2.111752679188319,0.29504874728340436,-1.8167039319049145,0.8784722387488354,5639791.772767523,-2.0811526791883193,0.3175487472834043,-1.7636039319049148,0.9283833828384144,6556243.449604883,-2.1180526791883194,0.3139487472834043,-1.804103931904915,0.8902544245836759,6915674.421050912,-2.2224526791883195,0.2842487472834042,-1.9382039319049151,0.766810304748619,6552409.390283045,-2.39435267918832,0.22844874728340414,-2.1659039319049156,0.5670736049740437,5330220.825572835
Quinten Post,GSW,2025,25,G,30,-0.8,1.2,-0.6239625811576843,0.046100277453660965,-0.0646584,0.272185,-0.6361697384806875,-0.6981189946852693,-0.0646584,0.8096072435490871,-0.1756189948739605,0.272185,-0.4663157110553189,0.30205774955837555,-0.16425796149694333,2.748307160493879,16489842.962963276,-0.36821571105531903,0.35065774955837536,-0.017557961496943664,2.9459271036026955,18912852.005129308,-0.3376157110553193,0.3731577495583752,0.03554203850305593,3.0187293054252526,21318266.35491314,-0.37451571105531944,0.36955774955837517,-0.004957961496944274,2.9631410658487503,23018272.42772627,-0.4789157110553195,0.3398577495583751,-0.13905796149694438,2.78188732563719,23771282.835316308,-0.6508157110553199,0.28405774955837504,-0.36675796149694484,2.483990666431369,23348324.916916326
Naz Reid,MIN,2025,25,G,30,0.2,1.8,-0.38991355895996094,0.6043145060539246,-0.76569,0.8807,0.36761727397167276,-0.39637519766101514,-0.76569,1.2117557792422715,0.47730697550876566,0.8807,-0.2648159745631141,0.8565875849170124,0.5917716103538982,3.8219472297382278,22931683.37842937,-0.16671597456311438,0.9051875849170121,0.7384716103538977,4.046142207292874,25976232.97082025,-0.13611597456311464,0.9276875849170122,0.7915716103538976,4.128563593362695,29155916.096327353,-0.1730159745631148,0.9240875849170122,0.7510716103538974,4.06563868783489,31582694.454839,-0.27741597456311484,0.8943875849170121,0.6169716103538972,3.86009243147346,32984567.028789356,-0.44931597456311523,0.838587584917012,0.3892716103538968,3.5209474059192036,33095222.602780495
Simone Fontecchio,MIA,2025,25,G,30,0.3,-0.0,0.21778103709220886,-0.2197427600622177,0.576582,-0.279955,0.4679959752169085,0.38708492159978514,0.576582,0.005310172162718285,-0.4865673984551311,-0.279955,0.47722096560556454,-0.2537374087641376,0.22348355684142696,3.2818319374727616,19690991.624836568,0.5753209656055642,-0.20513740876413772,0.3701835568414265,3.4930813001037464,22425581.946666054,0.6059209656055642,-0.1826374087641377,0.4232835568414265,3.5708168500969046,25217108.595384344,0.569020965605564,-0.18623740876413775,0.3827835568414263,3.511465887339436,27277769.306030214,0.464620965605564,-0.2159374087641378,0.24868355684142618,3.317753352595341,28350268.75299425,0.2927209656055636,-0.2717374087641379,0.02098355684142572,2.998701827505418,28186363.799077384
Steven Adams,HOU,2025,25,G,30,-0.4,2.5,-1.5797741413116455,3.0272152423858643,-0.949428,1.01872,-0.23465493349974342,-1.9303831019750877,-0.949428,1.6809290708843196,3.3112992554572647,1.01872,-1.038155345158277,2.0036494421138613,0.9654940969555843,4.40325507418578,26419530.44511468,-0.9400553451582772,2.052249442113861,1.1121940969555837,4.640586691264072,29792566.55791534,-0.9094553451582774,2.074749442113861,1.1652940969555834,4.72776305728417,33387462.71054081,-0.9463553451582776,2.0711494421138608,1.1247940969555832,4.661211472133272,36209222.95782569,-1.0507553451582776,2.0414494421138607,0.9906940969555831,4.44365687657538,37971136.88347416,-1.222655345158278,1.9856494421138606,0.7629940969555826,4.084121852251293,38388793.2009168
Koby Brea,PHX,2025,25,G,30,-3.2,-1.6,-1.3051681518554688,-1.0473829507827759,0.103598,-1.64312,-3.045258568366352,-1.5763519115601632,0.103598,-1.0670859230191065,-1.4546326088475663,-1.64312,-1.506004159975505,-1.3882795106222243,-2.894283670597729,0.011575362277118395,69452.17366271037,-1.407904159975505,-1.3396795106222243,-2.7475836705977295,0.11323275318080946,726954.2754207967,-1.3773041599755054,-1.3171795106222244,-2.6944836705977298,0.1513000434689966,1068480.906978054,-1.4142041599755055,-1.3207795106222244,-2.73498367059773,0.12220453302887913,949309.253474939,-1.5186041599755056,-1.3504795106222245,-2.86908367059773,0.028671162624457347,244995.6580492406,-1.690504159975506,-1.4062795106222246,-3.0967836705977305,-0.12027748610346795,-1130550.8767342416
Oso Ighodaro,PHX,2025,25,G,30,-0.9,1.5,-1.278864860534668,1.9013793468475342,-0.784103,1.18177,-0.7365484397259235,-1.5424408320655925,-0.784103,1.010681511395679,1.994443724151084,1.18177,-1.0210307572638386,1.3956317451822544,0.3746009879184158,3.4995224178141062,20997134.50688464,-0.9229307572638388,1.4442317451822542,0.5213009879184154,3.716083677076865,23857257.206833474,-0.892330757263839,1.4667317451822544,0.5744009879184153,3.7957419381207886,26805529.567009013,-0.9292307572638392,1.4631317451822543,0.5339009879184151,3.734924500833076,29013640.507371508,-1.0336307572638392,1.4334317451822542,0.399800987918415,3.536356305977726,30218235.361705795,-1.2055307572638396,1.3776317451822542,0.17210098791841455,3.20905993519554,30163629.46018906
Mark Williams,PHX,2025,25,G,30,-1.6,-0.0,-0.3759079575538635,-0.6358029246330261,-0.558413,0.036518,-1.4391993484425756,-0.3783187097158791,-0.558413,0.005310172162718285,-0.973220143533266,0.036518,-0.7919770193861515,-0.3104639904568492,-1.1024410098430006,1.606418181507967,9638509.089047803,-0.6938770193861516,-0.2618639904568493,-0.955741009843001,1.7710602521173602,11370206.818593454,-0.6632770193861519,-0.23936399045684936,-0.9026410098430013,1.8319256780045434,12937059.138068087,-0.7001770193861521,-0.2429639904568494,-0.9431410098430015,1.7854417590567169,13869668.672704391,-0.8045770193861521,-0.27266399045684947,-1.0772410098430016,1.6343334360378798,13965411.897612406,-0.9764770193861525,-0.32846399045684954,-1.304941009843002,1.3876232905888328,13042995.647602132
A.j. Lawson,TOR,2025,25,G,30,-1.5,-0.7,-1.6923716068267822,-0.3194653391838074,-1.48255,-0.599583,-1.3388206471973394,-2.0755475058286637,-1.48255,-0.46386311947933007,-0.6032098242587527,-0.599583,-1.6323060510086675,-0.5555519812460276,-2.187858032254695,0.5484722788931841,3290833.6733591044,-1.5342060510086677,-0.5069519812460277,-2.041158032254695,0.6749610869416103,4333250.178165138,-1.503606051008668,-0.48445198124602773,-1.9880580322546957,0.7220164361962954,5098880.072418239,-1.540506051008668,-0.4880519812460278,-2.028558032254696,0.6860656265444415,5329495.000122532,-1.6449060510086682,-0.5177519812460278,-2.162658032254696,0.5698335987500474,4869239.497991132,-1.8168060510086685,-0.5735519812460279,-2.3903580322546967,0.38234293445391354,3593840.82394412
Pelle Larsson,MIA,2025,25,G,30,0.6,0.8,-0.3732413649559021,-0.31482723355293274,0.384326,0.285411,0.7691320789526166,-0.3748808496980496,0.384326,0.5415082197536308,-0.5977847751205929,0.285411,0.25952574308485565,0.07637814821101264,0.3359038912958683,3.443256567011353,20659539.402068116,0.3576257430848553,0.1249781482110125,0.4826038912958678,3.6584575928732144,23487297.74624604,0.3882257430848548,0.14747814821101246,0.5357038912958673,3.7376234994959536,26395097.153440423,0.35132574308485465,0.1438781482110124,0.49520389129586706,3.6771815867667703,28565082.00232163,0.2469257430848546,0.11417814821101235,0.36110389129586695,3.479856795449665,29735445.914253306,0.07502574308485421,0.05837814821101228,0.1334038912958665,3.154671707185436,29652406.114467073
Tari Eason,HOU,2025,25,G,30,0.3,1.5,-0.6746659278869629,1.3165086507797241,-0.367483,1.47671,0.4679959752169085,-0.7634874385277944,-0.367483,1.010681511395679,1.310338505736888,1.47671,-0.22099148777029531,1.2659100057108557,1.0449185179405602,4.5311079388589945,27186647.633153968,-0.12289148777029557,1.3145100057108554,1.1916185179405598,4.771231386841928,30631305.503525175,-0.09229148777029583,1.3370100057108556,1.2447185179405598,4.859418292882724,34317211.98433781,-0.129191487770296,1.3334100057108556,1.2042185179405596,4.792095956868582,37225959.81214653,-0.23359148777029604,1.3037100057108555,1.0701185179405595,4.571989319563503,39067740.17545654,-0.4054914877702964,1.2479100057108554,0.842418517940559,4.208120962608286,39554325.56669778
Tyrese Proctor,CLE,2025,25,G,30,-1.6,-1.3,-0.5460628271102905,-0.8592515587806702,-0.560512,-0.503351,-1.4391993484425756,-0.5976880364492696,-0.560512,-0.8660116551725144,-1.2345811207469457,-0.503351,-0.8657997949639484,-0.86798125863982,-1.7337810536037686,0.9567115620931945,5740269.372559167,-0.7676997949639486,-0.8193812586398201,-1.5870810536037687,1.0991615332997826,7056617.043784604,-0.7370997949639488,-0.7968812586398202,-1.533981053603769,1.151994236090245,8135383.295269312,-0.773999794963949,-0.8004812586398202,-1.5744810536037692,1.1116369703517819,8635418.313086713,-0.878399794963949,-0.8301812586398203,-1.7085810536037693,0.9808146768483929,8381081.029963056,-1.0502997949639494,-0.8859812586398204,-1.9362810536037698,0.768549937220878,7224002.043006266
Al Horford,GSW,2025,25,G,30,-0.2,1.1,-1.4993263483047485,0.3711532652378082,0.230839,0.116861,-0.03389753100927151,-1.826667127021707,0.230839,0.7425824876002232,0.20458546176799003,0.116861,-0.5432418860103262,0.3546763164560711,-0.18856556955425507,2.716060323593348,16296361.941560088,-0.4451418860103262,0.40327631645607087,-0.041865569554255355,2.9128258351488623,18700341.861655697,-0.4145418860103265,0.42577631645607095,0.011234430445744459,2.9853187642005925,21082321.112784587,-0.45144188601032664,0.4221763164560709,-0.029265569554255744,2.9299664106357386,22760565.071100548,-0.5558418860103267,0.39247631645607084,-0.16336556955425585,2.7494937152183003,23494478.786414687,-0.7277418860103271,0.33667631645607077,-0.3910655695542563,2.4529232595890775,23056306.142819256
Daron Holmes II,DEN,2025,25,G,30,-2.8,-1.3,-0.4758591949939728,-0.2864561676979065,-1.00758,-0.526902,-2.643743763385408,-0.5071791750117889,-1.00758,-0.8660116551725144,-0.5646000142257745,-0.526902,-1.3861676461323988,-0.6525045564660964,-2.0386722025984954,0.6771488679555129,4062893.2077330775,-1.288067646132399,-0.6039045564660965,-1.8919722025984955,0.8088816753256028,5193020.355590371,-1.2574676461323993,-0.5814045564660966,-1.8388722025984958,0.8578351593040806,6058031.895005418,-1.2943676461323994,-0.5850045564660966,-1.879372202598496,0.8204366197781477,6373315.749760609,-1.3987676461323995,-0.6147045564660967,-2.0134722025984964,0.6994109975118036,5976480.961958314,-1.5706676461323998,-0.6705045564660967,-2.241172202598497,0.5037808741458487,4735299.409713138
Jamal Shead,TOR,2025,25,G,30,-0.0,1.1,-0.6776605844497681,0.18639490008354187,-1.23551,1.3503,0.16685987148120063,-0.7673482495389212,-1.23551,0.7425824876002232,-0.011520700837658826,1.3503,-0.6119994593525736,0.6937872622541882,0.08178780290161458,3.0826845015366766,18496107.00922006,-0.5138994593525739,0.742387262254188,0.2284878029016142,3.2889531469021187,21115079.2031116,-0.4832994593525741,0.7648872622541879,0.2815878029016138,3.364885860584436,23762823.94744729,-0.5201994593525743,0.7612872622541879,0.24108780290161358,3.3069099424708286,25688737.815101895,-0.6245994593525743,0.7315872622541878,0.10698780290161347,3.117750333325297,26641238.953271337,-0.7964994593525747,0.6757872622541877,-0.12071219709838699,2.80642961478864,26379096.905657355
Micah Potter,IND,2025,25,G,30,-0.5,-1.1,0.23648153245449066,-0.558711051940918,-0.104108,-1.21531,-0.33503363474497944,0.4111942232489172,-0.104108,-0.7319621432747864,-0.8830481572112168,-1.21531,-0.00931580383202075,-0.9434401001620009,-0.9527559039940217,1.7744639818291437,10646783.890974863,0.08878419616797917,-0.894840100162001,-0.8060559039940218,1.9443676017113067,12482840.00298659,0.1193841961679789,-0.872340100162001,-0.7529559039940221,2.007137514758573,14174405.129225044,0.08248419616797875,-0.8759401001620011,-0.7934559039940223,1.9592010208581405,15219465.370230213,-0.021915803832021297,-0.9056401001620011,-0.9275559039940224,1.803283060774011,15409089.819975143,-0.19381580383202168,-0.9614401001620012,-1.155255903994023,1.5484062161469836,14554278.29361033
Deandre Ayton,LAL,2025,25,G,30,-2.7,-1.3,-1.0507293939590454,1.222209095954895,-0.542484,-0.495234,-2.5433650621401718,-1.248320987966121,-0.542484,-0.8660116551725144,1.2000392242315587,-0.495234,-1.4447233500354308,-0.053735476980318574,-1.4984588270157495,1.1877148024549447,7126288.814729668,-1.346623350035431,-0.005135476980318687,-1.3517588270157497,1.3384365351246938,8592762.555500535,-1.3160233500354312,0.017364523019681277,-1.29865882701575,1.3942633110828035,9846287.50286676,-1.3529233500354314,0.01376452301968123,-1.3391588270157502,1.3516224302164739,10499673.362407615,-1.4573233500354315,-0.01593547698031883,-1.4732588270157503,1.2132388332897044,10367150.095237195,-1.6292233500354318,-0.0717354769803189,-1.7009588270157507,0.988135101943295,9287997.629688246
Baylor Scheierman,BOS,2025,25,G,30,0.4,1.6,-0.6172118782997131,-0.08557896316051483,-0.499786,0.768943,0.5683746764621447,-0.689415763653499,-0.499786,1.0777062673445434,-0.3296401422260447,0.768943,-0.20694236239711813,0.505669708372833,0.2987273459757148,3.3895395448486996,20337237.2690922,-0.1088423623971182,0.5542697083728327,0.44542734597571454,3.603433785884617,23134044.905379243,-0.07824236239711846,0.5767697083728328,0.49852734597571435,3.682126684502873,26003178.64595929,-0.11514236239711861,0.5731697083728328,0.45802734597571415,3.6220455405906686,28136774.16841644,-0.21954236239711866,0.5434697083728327,0.32392734597571404,3.425915294912003,29274514.713328972,-0.39144236239711905,0.48766970837283263,0.09622734597571359,3.1027585291076765,29164447.055035256
Kevin Huerter,DET,2025,25,G,30,0.7,1.6,-0.43213343620300293,0.21136759221553802,-0.147326,0.216417,0.8695107801978528,-0.45080647000553725,-0.147326,1.0777062673445434,0.0176890871038608,0.216417,0.09045943673077184,0.4372707848161348,0.5277302215469066,3.725692579388898,22354155.47633339,0.1885594367307717,0.48587078481613477,0.6744302215469065,3.947636451726406,25343826.020083528,0.21915943673077143,0.5083707848161348,0.7275302215469063,4.029243020570392,28454514.21126811,0.18225943673077127,0.5047707848161348,0.6870302215469061,3.9669395858080545,30815980.090474136,0.07785943673077123,0.47507078481613474,0.552930221546906,3.7634510882033956,32158764.81771979,-0.09404056326922916,0.41927078481613467,0.3252302215469055,3.4278001093972135,32219682.53988152
Max Strus,CLE,2025,25,G,30,-0.1,-1.2,0.2795785963535309,-0.4650939404964447,-0.516552,-1.0085,0.06648117023596467,0.46675639385481427,-0.516552,-0.7989868992236504,-0.7735471086844117,-1.0085,0.005561854696926309,-0.8603446693026874,-0.8547828146057611,1.887361588582106,11324169.531492636,0.10366185469692613,-0.8117446693026875,-0.7080828146057614,2.060709039661088,13229752.034624184,0.13426185469692586,-0.7892446693026876,-0.6549828146057617,2.1247254928348096,15004811.430399427,0.09736185469692571,-0.7928446693026876,-0.6954828146057619,2.0758382479904705,16125526.678039575,-0.007038145303074339,-0.8225446693026877,-0.829582814605762,1.9167722458920713,16378857.17659267,-0.17893814530307472,-0.8783446693026877,-1.0572828146057625,1.6565500681804108,15570778.80996328
Josh Okogie,HOU,2025,25,G,30,-0.6,0.6,-1.3560764789581299,1.464938998222351,-1.71664,1.00992,-0.4354123359902154,-1.6419846229292054,-1.71664,0.40745870785590266,1.4839529062175723,1.00992,-1.2646789863064736,0.9671105380244915,-0.29756844828198203,2.573196385781697,15439178.314690182,-1.1665789863064737,1.0157105380244913,-0.15086844828198243,2.7661303603646665,17758556.91354116,-1.135978986306474,1.0382105380244915,-0.0977684482819825,2.8372364140705058,20036563.556165915,-1.1728789863064741,1.0346105380244914,-0.1382684482819827,2.7829418467864158,21618448.85420624,-1.2772789863064742,1.0049105380244914,-0.2723684482819828,2.6059715992763963,22268079.435248796,-1.4491789863064746,0.9491105380244912,-0.5000684482819834,2.3153482531812473,21763166.843438715
Ronald Holland II,DET,2025,25,G,30,-1.4,2.6,-1.2905865907669067,0.9266005754470825,-2.62312,1.98554,-1.2384419459521034,-1.557552877203648,-2.62312,1.747953826833184,0.8542750530280689,1.98554,-1.806371607718584,1.5292562932870843,-0.2771153144314997,2.5997861758885215,15598717.05533113,-1.7082716077185842,1.5778562932870843,-0.1304153144314999,2.793439094222952,17933878.984911352,-1.6776716077185845,1.6003562932870845,-0.07731531443149997,2.8648053791026333,20231255.587222796,-1.7145716077185846,1.5967562932870845,-0.11781531443150017,2.810312330414766,21831068.24512799,-1.8189716077185847,1.5670562932870844,-0.2519153144315003,2.63268488892335,22496345.02954781,-1.990871607718585,1.5112562932870843,-0.47961531443150074,2.3409456362691845,22003770.008916207
Myron Gardner,MIA,2025,25,G,30,-1.9,-0.4,-0.9055349826812744,0.1783657968044281,-0.502631,0.281899,-1.7403354521782834,-1.061131515631372,-0.502631,-0.26278885163273796,-0.02091209536187935,0.281899,-1.1013659892698853,-0.0006006489982057772,-1.101966638268091,1.6069422605550776,9641653.563330466,-1.0032659892698854,0.04799935100179409,-0.9552666382680913,1.7716010056986595,11373678.456585394,-0.9726659892698857,0.07049935100179405,-0.9021666382680916,1.8324724671534325,12940920.563037543,-1.0095659892698858,0.066899351001794,-0.9426666382680918,1.7859839448065968,13873880.48004661,-1.1139659892698859,0.037199351001793945,-1.0767666382680918,1.6348603794221523,13969914.639369885,-1.2858659892698863,-0.018600648998206126,-1.3044666382680923,1.3881243526408982,13047705.391383884
Jock Landale,ATL,2025,25,G,30,-0.8,-1.7,-0.6594712138175964,-0.012251137755811214,0.589744,-1.44968,-0.6361697384806875,-0.7438979069205435,0.589744,-1.1341106789679705,-0.24387084594981823,-1.44968,-0.2634412151337437,-0.9425538416392629,-1.2059950567730067,1.4933037332495867,8959822.39949752,-0.1653412151337439,-0.8939538416392631,-1.0592950567730068,1.6543057976123554,10620643.220671322,-0.13474121513374415,-0.8714538416392631,-1.0061950567730071,1.7138536752262206,12103234.654447572,-0.1716412151337443,-0.8750538416392631,-1.0466950567730073,1.6683746659783825,12960268.080253273,-0.27604121513374436,-0.9047538416392632,-1.1807950567730074,1.5205937106328407,12993503.669231841,-0.44794121513374474,-0.9605538416392633,-1.408495056773008,1.279533390830395,12027002.256844899
Daquan Jeffries,SAC,2025,25,G,30,-1.1,-1.2,-1.622201919555664,-0.4842739701271057,-2.08866,-1.44731,-0.9373058422163956,-1.985082407216525,-2.08866,-0.7989868992236504,-0.7959813979177242,-1.44731,-1.67034941647764,-1.0140927657137915,-2.6844421821914315,0.15857472815756746,951448.3689454048,-1.5722494164776402,-0.9654927657137916,-2.537742182191432,0.2676082125239909,1718044.7244040219,-1.5416494164776404,-0.9429927657137916,-2.484642182191432,0.30834537713304394,2177535.0533135566,-1.5785494164776406,-0.9465927657137917,-2.5251421821914324,0.2772135218719272,2153450.0806055055,-1.6829494164776406,-0.9762927657137918,-2.6592421821914325,0.1769375875046397,1511935.223978897,-1.854849416477641,-1.032092765713792,-2.886942182191433,0.016540155671981218,155469.5571222123
Landry Shamet,NYK,2025,25,G,30,-0.1,1.4,0.15359926223754883,0.36997851729393005,-1.74464,0.492159,0.06648117023596467,0.30433963916899476,-1.74464,0.9436567554468152,0.20321139532196786,0.492159,-0.45793973019834683,0.5463423835895943,0.08840265339124748,3.0918743457519917,18551246.07451195,-0.3598397301983469,0.5949423835895942,0.23510265339124725,3.298375508318032,21175570.76340177,-0.3292397301983472,0.6174423835895942,0.28820265339124707,3.3743923846680506,23829959.020525772,-0.36613973019834734,0.6138423835895942,0.24770265339124686,3.316352274689248,25762087.740241017,-0.4705397301983474,0.5841423835895941,0.11360265339124676,3.1269801191456237,26720107.657701746,-0.6424397301983478,0.5283423835895941,-0.1140973466087537,2.815298499677977,26462460.184290152
Naji Marshall,DAL,2025,25,G,30,-0.3,0.2,-0.5986153483390808,-0.8161853551864624,0.395309,0.469904,-0.13427623225450747,-0.6654404976638978,0.395309,0.1393596840604464,-1.1842079103704253,0.469904,-0.1348025766394684,-0.1916480754366596,-0.326450652076128,2.535819221366174,15214915.328197043,-0.03670257663946863,-0.14304807543665976,-0.1797506520761284,2.7277379637554846,17512077.727310214,-0.006102576639468893,-0.1205480754366598,-0.1266506520761287,2.7984765407777297,19762841.330972333,-0.04300257663946905,-0.12414807543665984,-0.1671506520761289,2.7444622523201097,21319531.66847308,-0.1474025766394691,-0.1538480754366599,-0.301250652076129,2.5684200391466248,21947200.6029087,-0.3193025766394695,-0.20964807543665998,-0.5289506520761295,2.2793724828980744,21425011.79919508
Riley Minix,CLE,2025,25,G,30,-3.0,-1.4,-1.1854486465454102,-0.40794041752815247,-1.77549,-1.41688,-2.8445011658758794,-1.4220055367241917,-1.77549,-0.9330364111213785,-0.7066963952254641,-1.41688,-2.0139989008666905,-1.0188709354489476,-3.032869836315638,-0.07972276099252955,-478336.5659551773,-1.9158989008666907,-0.9702709354489477,-2.8861698363156383,0.01706321711886463,109545.85390311092,-1.885298900866691,-0.9477709354489477,-2.8330698363156386,0.05336723529204808,376879.4156324436,-1.922198900866691,-0.9513709354489478,-2.873569836315639,0.025616593414221046,198994.82096035196,-2.0265989008666914,-0.9810709354489479,-3.0076698363156393,-0.06346376775061571,-542299.1647043664,-2.1984989008666918,-1.036870935448948,-3.23536983631564,-0.20485126656166325,-1925503.9867742192
Harrison Barnes,SAS,2025,25,G,30,0.3,-2.2,0.5075811743736267,-0.016078200191259384,0.145945,-1.4307,0.4679959752169085,0.760704913601169,0.145945,-1.469234458712291,-0.24834724287120458,-1.4307,0.4582152962726925,-1.0494272338611652,-0.5912119375884728,2.202499474778604,13214996.848671624,0.5563152962726925,-1.0008272338611652,-0.44451193758847274,2.385111649615024,15312416.790528456,0.5869152962726925,-0.9783272338611653,-0.3914119375884728,2.452481591756162,17319425.000982016,0.5500152962726923,-0.9819272338611653,-0.431911937588473,2.4010366010892175,18651732.524581265,0.44561529627269225,-1.0116272338611654,-0.5660119375884731,2.233501618378191,19085315.999074016,0.27371529627269187,-1.0674272338611654,-0.7937119375884736,1.9588992252638817,18412716.363650817
Gui Santos,GSW,2025,25,G,30,0.3,0.3,0.24037107825279236,0.3486364781856537,1.2409,0.217159,0.4679959752169085,0.41620875527668955,1.2409,0.2063844400093105,0.17824827026931694,0.217159,0.708368243497866,0.20059723675954247,0.9089654802574084,4.313179288200474,25879075.729202844,0.8064682434978658,0.2491972367595423,1.0556654802574081,4.548523879913804,29201523.309046626,0.8370682434978653,0.27169723675954227,1.1087654802574076,4.634981015893823,32732235.93424218,0.8001682434978652,0.2680972367595422,1.0682654802574074,4.568977996027732,35492734.86874263,0.6957682434978651,0.23839723675954216,0.9341654802574073,4.353239761079529,37198520.8232198,0.5238682434978648,0.1825972367595421,0.7064654802574069,3.9967888926900152,37567905.12619545
Svi Mykhailiuk,UTA,2025,25,G,30,0.8,-0.6,0.5204876661300659,-1.1248654127120972,0.343801,-0.406564,0.9698894814430887,0.7773443927678891,0.343801,-0.39683836353046603,-1.5452614553563722,-0.406564,0.6970116247369926,-0.782887939628946,-0.08587631489195335,2.8532537315896747,17119522.38953805,0.7951116247369925,-0.7342879396289461,0.060823685108046366,3.0536288512630123,19604297.225108538,0.8257116247369924,-0.7117879396289462,0.11392368510804629,3.127428325584384,22085898.835276924,0.7888116247369923,-0.7153879396289462,0.07342368510804609,3.0710794544409903,23856759.41798851,0.6844116247369922,-0.7450879396289463,-0.06067631489195402,2.88730717859683,24672097.587253492,0.5125116247369919,-0.8008879396289463,-0.2883763148919545,2.5851340796927036,24299024.655021336
Precious Achiuwa,SAC,2025,25,G,30,-2.5,-0.6,-0.4286596179008484,-0.05101008340716362,-0.564277,-0.249589,-2.3426076596496994,-0.44632790771622793,-0.564277,-0.39683836353046603,-0.2892059895270034,-0.249589,-1.1177375224553092,-0.3118777843524898,-1.429615306807799,1.25780350081004,7546821.004860241,-1.0196375224553094,-0.26327778435248994,-1.2829153068077992,1.4109451373949498,9058267.782075578,-0.9890375224553096,-0.24077778435248998,-1.2298153068077995,1.4676478294941295,10364528.971887546,-1.0259375224553098,-0.24437778435249002,-1.2703153068077997,1.42433887699478,11064549.264270851,-1.1303375224553098,-0.2740777843524901,-1.4044153068077998,1.2837432206609014,10969611.49541182,-1.3022375224553102,-0.32987778435249016,-1.6321153068078003,1.0548834421332929,9915400.121767616
Ron Harper Jr.,BOS,2025,25,G,30,-2.6,-0.6,-0.2441147416830063,-0.7282125353813171,0.209824,0.00276868,-2.4429863608949356,-0.2084065049756515,0.209824,-0.39683836353046603,-1.081308815729626,0.00276868,-0.813856288623529,-0.49179283308669736,-1.3056491217102264,1.3868754371827596,8321252.623096557,-0.7157562886235291,-0.4431928330866975,-1.1589491217102266,1.5443745827352362,9914884.821160216,-0.6851562886235294,-0.4206928330866975,-1.1058491217102269,1.6026545326815722,11317946.309797265,-0.7220562886235296,-0.4242928330866976,-1.146349121710227,1.5581425869089678,12103963.243626248,-0.8264562886235296,-0.45399283308669763,-1.2804491217102272,1.4135636861814234,12078929.969693989,-0.99835628862353,-0.5097928330866976,-1.5081491217102276,1.1779404121397383,11072076.818596542
Olivier-maxence Prosper,MEM,2025,25,G,30,-0.7,-1.8,0.18913014233112335,-0.261201411485672,0.114458,-0.677729,-0.5357910372354514,0.3501472335369449,0.114458,-1.2011354349168348,-0.5350603046271851,-0.677729,-0.023728601232835506,-0.8046415798480067,-0.8283701810808421,1.918191335054024,11509148.010324145,0.07437139876716437,-0.7560415798480068,-0.6816701810808424,2.0924672109881497,13433639.494543921,0.1049713987671641,-0.7335415798480068,-0.6285701810808427,2.156819719784285,15231460.861116624,0.06807139876716395,-0.7371415798480069,-0.6690701810808429,2.1076761613296306,16372849.956440842,-0.0363286012328361,-0.7668415798480069,-0.803170181080843,1.9477614763881859,16643660.77096658,-0.20822860123283649,-0.822641579848007,-1.0308701810808434,1.6860982466007506,15848517.563085185
Jose Alvarado,NYK,2025,25,G,30,0.2,1.7,-0.3595774471759796,0.6276582479476929,-0.185661,1.01548,0.36761727397167276,-0.3572648716673534,-0.185661,1.1447310232934071,0.5046114305861141,1.01548,-0.05843619923189353,0.8882741512931739,0.8298379520612803,4.188379165158954,25130274.990953725,0.03966380076810627,0.9368741512931738,0.97653795206128,4.420942361982827,28382449.96392975,0.07026380076810601,0.9593741512931738,1.0296379520612797,4.506392735395495,31824145.49736299,0.033363800768105856,0.9557741512931738,0.9891379520612796,4.441157585284162,34499800.354004435,-0.07103619923189419,0.9260741512931737,0.8550379520612795,4.227961852412826,36128018.58810466,-0.24293619923189458,0.8702741512931736,0.6273379520612791,3.8758281184222882,36430931.66732892
Caleb Houstan,ATL,2025,25,G,30,-0.8,-0.4,-0.31199973821640015,-0.6500552296638489,-1.7237,-0.512885,-0.6361697384806875,-0.2959261041716692,-1.7237,-0.26278885163273796,-0.9898906252509658,-0.512885,-0.8852652808841189,-0.588521492294568,-1.473786773178687,1.2127025380795713,7276215.228477428,-0.7871652808841191,-0.5399214922945681,-1.3270867731786873,1.3642915128585997,8758751.512552211,-0.7565652808841192,-0.5174214922945681,-1.2739867731786874,1.4204321985372461,10031092.186070032,-0.7934652808841194,-0.5210214922945682,-1.3144867731786876,1.3775518950027106,10701098.630760059,-0.8978652808841194,-0.5507214922945682,-1.4485867731786877,1.2383755430189927,10581943.782608155,-1.0697652808841198,-0.6065214922945683,-1.6762867731786881,1.0119257242268922,9511618.10723661
Christian Braun,DEN,2025,25,G,30,0.2,0.6,0.5390995144844055,0.04163824021816254,-0.355021,0.557446,0.36761727397167276,0.8013394077410072,-0.355021,0.40745870785590266,-0.18083810223920455,0.557446,0.27131189390422666,0.26135553520556604,0.5326674291097927,3.7330782762560344,22398469.657536205,0.36941189390422635,0.30995553520556585,0.6793674291097922,3.955195695324959,25392356.36398624,0.40001189390422587,0.3324555352055659,0.7324674291097918,4.036865081697495,28508341.20694771,0.3631118939042257,0.3288555352055659,0.6919674291097916,3.97451373526084,30874817.59825326,0.25871189390422566,0.2991555352055658,0.5578674291097915,3.770866596778995,32222130.48680846,0.08681189390422528,0.24335553520556574,0.330167429109791,3.4349462478927597,32286852.82588546
Brandon Ingram,TOR,2025,25,G,30,-0.4,-0.8,0.8411297798156738,-0.20500919222831726,-0.213705,-0.605292,-0.23465493349974342,1.1907268882847577,-0.213705,-0.5308878754281942,-0.46933399847664725,-0.605292,0.24745565159500474,-0.5351712913016139,-0.2877156397066092,2.5859928691036127,15515957.214621676,0.34555565159500445,-0.48657129130161403,-0.14101563970660957,2.7792731776621666,17842933.80059111,0.37615565159500397,-0.46407129130161406,-0.0879156397066101,2.850504591518677,20130263.4253049,0.3392556515950038,-0.4676712913016141,-0.1284156397066103,2.7961144105603464,21720775.96411489,0.23485565159500377,-0.49737129130161417,-0.2625156397066104,2.6188275755511725,22377934.009636287,0.06295565159500338,-0.5531712913016142,-0.49021563970661086,2.327666668131956,21878954.05577303
Anthony Black,ORL,2025,25,G,30,-0.7,0.6,-0.6766147017478943,0.9982647895812988,-1.79994,0.700741,-0.5357910372354514,-0.7659998627149046,-1.79994,0.40745870785590266,0.9380984744994805,0.700741,-1.033910299983452,0.682099394118461,-0.351810905864991,2.5031647024151376,15018988.214490825,-0.9358102999834521,0.7306993941184607,-0.20511090586499137,2.69419201192525,17296712.716560103,-0.9052102999834524,0.7531993941184608,-0.15201090586499155,2.7646079230587057,19523661.15264058,-0.9421102999834525,0.7495993941184608,-0.19251090586499175,2.710839735702705,21058345.234885756,-1.0465102999834526,0.7198993941184607,-0.32661090586499186,2.5356123906212478,21666858.59010638,-1.218410299983453,0.6640993941184606,-0.5543109058649923,2.2479484694551335,21129641.093509864
Matas Buzelis,CHI,2025,25,G,30,-1.2,-1.4,-0.15822675824165344,-0.6666644215583801,0.0747311,-0.37974,-1.0376845434616313,-0.09767685526809478,0.0747311,-0.9330364111213785,-1.0093178848573767,-0.37974,-0.35354343290990875,-0.7740314319929184,-1.1275748649028272,1.5787277622829565,9472366.573697738,-0.2554434329099089,-0.7254314319929185,-0.9808748649028274,1.7424863581066532,11186762.419044714,-0.22484343290990916,-0.7029314319929185,-0.9277748649028277,1.8030319986419585,12733011.974409513,-0.2617434329099093,-0.7065314319929186,-0.9682748649028279,1.7567919837760728,13647111.488369294,-0.36614343290990936,-0.7362314319929186,-1.102374864902828,1.6064912542729957,13727499.897587834,-0.5380434329099097,-0.7920314319929187,-1.3300748649028284,1.3611523917735269,12794181.851827892
Anfernee Simons,CHI,2025,25,G,30,0.6,-1.9,0.3089255392551422,-1.7085758447647095,0.883289,-1.41453,0.7691320789526166,0.5045914503700486,0.883289,-1.2681601908656988,-2.228009548729305,-1.41453,0.7190041764408884,-1.6368999131983344,-0.917895736757446,1.8143709105618895,10886225.463371336,0.8171041764408884,-1.5882999131983344,-0.771195736757446,1.9854998927573702,12746909.311502317,0.8477041764408884,-1.5657999131983344,-0.7180957367574461,2.0487133418566956,14468013.620191988,0.8108041764408882,-1.5693999131983345,-0.7585957367574463,2.000438557747066,15539806.804290758,0.7064041764408882,-1.5990999131983346,-0.8926957367574464,1.8434004811924805,15751893.979799375,0.5345041764408878,-1.6548999131983346,-1.1203957367574469,1.5866216938337396,14913485.516867502
Myles Turner,MIL,2025,25,G,30,-1.7,-0.0,-0.9227882027626038,0.8940117955207825,-0.696501,0.233654,-1.5395780496878113,-1.0833749417706935,-0.696501,0.005310172162718285,0.8161569620393749,0.233654,-1.1064846638195016,0.3517070447340311,-0.7547776190854705,2.0049728600062826,12029837.160037696,-1.0083846638195018,0.4003070447340309,-0.6080776190854709,2.1818355724118916,14007384.374884345,-0.977784663819502,0.42280704473403075,-0.5549776190854713,2.2471244207897296,15869192.659617072,-1.0146846638195022,0.4192070447340307,-0.5954776190854715,2.1972667050269963,17068807.217990715,-1.1190846638195022,0.38950704473403064,-0.7295776190854716,2.0349873658876927,17389007.741257656,-1.2909846638195026,0.33370704473403057,-0.957277619085472,1.7693089850126171,16630658.729423773
Hugo Gonzalez,BOS,2025,25,G,30,0.1,1.7,-1.8220841884613037,1.0814697742462158,-2.46097,1.16713,0.2672385727264366,-2.2427772875927325,-2.46097,1.1447310232934071,1.035420779395302,1.16713,-1.4788362382887652,1.1157606008962364,-0.3630756373925288,2.488709370659986,14932256.223959915,-1.3807362382887653,1.1643606008962364,-0.21637563739252896,2.6793407159915614,17201367.396665823,-1.3501362382887656,1.1868606008962366,-0.16327563739252904,2.749613302667756,19417769.1434397,-1.3870362382887658,1.1832606008962365,-0.20377563739252924,2.695954430575769,20942713.207598694,-1.4914362382887658,1.1535606008962365,-0.33787563739252935,2.5210890404795996,21542756.272678994,-1.6633362382887662,1.0977606008962364,-0.5655756373925298,2.2340397140200485,20998905.440805163
Justin Champagnie,WAS,2025,25,G,30,0.2,-1.1,0.6296868324279785,0.07539045065641403,0.402328,-0.492883,0.36761727397167276,0.9181275960524511,0.402328,-0.7319621432747864,-0.14135918245563434,-0.492883,0.5626909566747079,-0.4554014419101402,0.10728951476456772,3.1181710875631095,18709026.525378656,0.6607909566747077,-0.40680144191014034,0.2539895147645673,3.325336138170382,21348658.007053852,0.6913909566747072,-0.3843014419101404,0.3070895147645668,3.4015933175537296,24022052.00856444,0.654490956674707,-0.3879014419101404,0.2665895147645666,3.3433699256003533,25971966.25604867,0.550090956674707,-0.4176014419101405,0.1324895147645665,3.153390903074253,26945788.334587563,0.3781909566747066,-0.47340144191014055,-0.09521048523543396,2.840678831616228,26701023.17271104
Scotty Pippen Jr.,MEM,2025,25,G,30,-0.2,0.1,-0.363006055355072,0.4799797236919403,-0.404948,1.37659,-0.03389753100927151,-0.36168514755978487,-0.404948,0.07233492811158238,0.33187641450427807,1.37659,-0.2668435595230188,0.5936004475386202,0.3267568880156014,3.4300091901526595,20580055.140915956,-0.1687435595230189,0.64220044753862,0.47345688801560115,3.6448886916505288,23400185.400396395,-0.13814355952301915,0.6647004475386201,0.526556888015601,3.723938218288755,26298451.69755519,-0.1750435595230193,0.6611004475386201,0.48605688801560076,3.6635850699545394,28459461.54042086,-0.27944355952301936,0.63140044753862,0.35195688801560066,3.466554187411882,29621774.86251829,-0.45134355952301974,0.5756004475386199,0.1242568880156002,3.141868152301581,29532058.818658073
Bilal Coulibaly,WAS,2025,25,G,30,-0.6,-0.6,-0.996610701084137,-0.10042716562747955,-1.18742,-0.296301,-0.4354123359902154,-1.178549366086544,-1.18742,-0.39683836353046603,-0.3470076268000084,-0.296301,-0.9337939006922532,-0.3467156634434914,-1.2805095641357447,1.4134994921341653,8480996.952804992,-0.8356939006922534,-0.29811566344349155,-1.1338095641357449,1.571882312920217,10091484.448947795,-0.8050939006922535,-0.2756156634434916,-1.0807095641357451,1.6304821207731843,11514464.73690023,-0.8419939006922537,-0.27921566344349164,-1.1212095641357454,1.585726215580268,12318238.387870641,-0.9463939006922537,-0.3089156634434917,-1.2553095641357455,1.4403395381054678,12307730.15990199,-1.118293900692254,-0.36471566344349177,-1.483009564135746,1.2033446699895838,11310864.699149838
Karlo Matkovic,NOP,2025,25,G,30,-0.8,1.3,-1.1175810098648071,0.25271573662757874,-1.6503,-0.315354,-0.6361697384806875,-1.3345083184287552,-1.6503,0.876631999497951,0.06605273663220251,-0.315354,-1.2069926856364808,0.20911024537671785,-0.9978824402597629,1.7232368444883752,10339421.066930251,-1.108892685636481,0.2577102453767177,-0.8511824402597632,1.8915542311062137,12143778.163701892,-1.0782926856364812,0.2802102453767177,-0.7980824402597635,1.9537499861007483,13797382.401843488,-1.1151926856364813,0.27661024537671774,-0.8385824402597636,1.906251409359179,14808142.198183976,-1.2195926856364814,0.24691024537671769,-0.9726824402597637,1.751783441645506,14969024.544529688,-1.3914926856364818,0.1911102453767176,-1.200382440259764,1.4993686646005289,14093348.749023298
Herbert Jones,NOP,2025,25,G,30,-0.1,3.3,-0.4134303331375122,1.256075143814087,-0.561725,1.26258,0.06648117023596467,-0.42669380641854954,-0.561725,2.217127118475232,1.23965129613617,1.26258,-0.30731254539419495,1.573119471537134,1.265806926142939,4.894628732906767,29367772.397440605,-0.2092125453941951,1.6217194715371337,1.4125069261429386,5.142516582277191,33014956.45821957,-0.17861254539419535,1.6442194715371339,1.4656069261429385,5.233513915814074,36959075.27347899,-0.2155125453941955,1.6406194715371338,1.4251069261429383,5.164048033404613,40115357.93309372,-0.31991254539419556,1.6109194715371338,1.2910069261429382,4.936843875812808,42185429.655697964,-0.49181254539419594,1.5551194715371337,1.0633069261429378,4.56092402467946,42870505.71030315
Ariel Hukporti,NYK,2025,25,G,30,-2.2,0.4,-2.8546817302703857,1.000597596168518,-3.42069,-0.194729,-2.0414715559139918,-3.57403644064385,-3.42069,0.2734091959581746,0.9408270864313093,-0.194729,-3.012065998852614,0.33983576079649463,-2.6722302380561196,0.16745438518351405,1004726.3111010843,-2.913965998852614,0.38843576079649456,-2.5255302380561195,0.27691712899709386,1777807.968161343,-2.8833659988526144,0.4109357607964944,-2.47243023805612,0.3178096697250567,2244371.8875983506,-2.9202659988526145,0.40733576079649436,-2.51293023805612,0.28655930725460194,2226050.010615199,-3.0246659988526146,0.3776357607964943,-2.64703023805612,0.18589098234972976,1588442.161998088,-3.196565998852615,0.32183576079649423,-2.8747302380561206,0.02482727665124056,233364.53308342202
Aaron Nesmith,IND,2025,25,G,30,1.2,-0.6,0.00702351238578558,-0.09725114703178406,0.472624,-0.0958295,1.3714042864240328,0.11536929912380345,0.472624,-0.39683836353046603,-0.34329273578272296,-0.0958295,0.6531325285159454,-0.27865353310439633,0.37447899541154905,3.499344476063461,20996066.856380764,0.7512325285159454,-0.23005353310439647,0.5211789954115489,3.7159014471935956,23856087.290982887,0.7818325285159449,-0.2075535331043965,0.5742789954115484,3.7955581560913543,26804231.698317148,0.7449325285159447,-0.21115353310439655,0.5337789954115482,3.734741902643936,29012222.048118636,0.6405325285159447,-0.2408535331043966,0.39967899541154805,3.536177627615342,30216708.55152566,0.4686325285159443,-0.2966535331043967,0.1719789954115476,3.2088879126463703,30162012.530453645
Keshad Johnson,MIA,2025,25,G,30,-1.6,-1.1,-0.4684259295463562,0.10992699861526489,-1.7731,-0.248954,-1.4391993484425756,-0.4975959615491059,-1.7731,-0.7319621432747864,-0.10096284725965324,-0.248954,-1.2366317699972271,-0.3606263301781465,-1.5972581001753736,1.0891128676500124,6534677.205900074,-1.1385317699972273,-0.3120263301781466,-1.4505581001753738,1.2363617281131731,7937442.294486572,-1.1079317699972275,-0.28952633017814666,-1.397458100175374,1.2909314521682846,9116557.915212426,-1.1448317699972277,-0.2931263301781467,-1.4379581001753743,1.2492493397025466,9704418.720677326,-1.2492317699972277,-0.32282633017814677,-1.5720581001753744,1.1140403314799598,9519496.91330289,-1.4211317699972281,-0.37862633017814684,-1.7997581001753749,0.894327009141323,8406246.397618068
Antonio Reeves,CHA,2025,25,G,30,-1.4,-1.3,-0.5292817950248718,-0.5218237638473511,-1.56782,-0.957224,-1.2384419459521034,-0.5760533708057516,-1.56782,-0.8660116551725144,-0.8399022337658896,-0.957224,-1.1274384389192849,-0.8877126296461347,-2.0151510685654195,0.6979231264069856,4187538.758441914,-1.029338438919285,-0.8391126296461349,-1.8684510685654199,0.8304827201494694,5331699.063359594,-0.9987384389192853,-0.8166126296461349,-1.8153510685654202,0.8797354703609006,6212691.89168868,-1.0356384389192854,-0.820212629646135,-1.8558510685654204,0.8421086769284781,6541668.624115805,-1.1400384389192855,-0.849912629646135,-1.9899510685654205,0.7203272806162024,6155211.019411064,-1.3119384389192859,-0.9057126296461351,-2.217651068565421,0.5234138630648735,4919840.120983267
Dominick Barlow,PHI,2025,25,G,30,-1.1,1.6,-1.0720545053482056,0.8190616965293884,-1.86308,0.159356,-0.9373058422163956,-1.2758140320391458,-1.86308,1.0777062673445434,0.7284901423724026,0.159356,-1.358733291418514,0.6551841365723153,-0.7035491548461986,2.066148363386947,12396890.18032168,-1.260633291418514,0.7037841365723152,-0.5568491548461989,2.2448117966273675,14411691.734347701,-1.2300332914185144,0.7262841365723153,-0.5037491548461991,2.3107524396632053,16318533.72890156,-1.2669332914185145,0.7226841365723152,-0.5442491548461993,2.2603975923816595,17559220.577139214,-1.3713332914185146,0.6929841365723152,-0.6783491548461994,2.0964721955467303,17914396.840390727,-1.543233291418515,0.6371841365723151,-0.9060491548461999,1.8279988307992168,17182315.22607152
Deandre Jordan,NOP,2025,25,G,30,-3.1,0.2,-3.390211582183838,1.5488536357879639,-2.30873,-0.502311,-2.9448798671211156,-4.264459367511234,-2.30873,0.1393596840604464,1.5821052702288407,-0.502311,-3.17268974487745,0.40638465142976243,-2.766305093447688,0.09997249000535949,599834.9400321569,-3.07458974487745,0.4549846514297624,-2.6196050934476878,0.20612842861501462,1323344.511708394,-3.04398974487745,0.4774846514297625,-2.5665050934476876,0.24582402758204747,1736009.2827844196,-3.0808897448774504,0.47388465142976244,-2.607005093447688,0.21548658679365776,1673942.9035304924,-3.1852897448774504,0.4441846514297624,-2.741105093447688,0.1178410470138463,1006954.1035542573,-3.357189744877451,0.3883846514297623,-2.9688050934476884,-0.038090010116588906,-358027.88807110017
Luguentz Dort,OKC,2025,25,G,30,-0.9,-0.7,-1.2845765352249146,0.6503346562385559,-1.15357,-0.0559789,-0.7365484397259235,-1.549804513367138,-1.15357,-0.46386311947933007,0.5311353261257048,-0.0559789,-1.146640984364354,0.003764435548791578,-1.1428765488155623,1.56194374964738,9371662.497884281,-1.048540984364354,0.052364435548791444,-0.9961765488155626,1.7251644792391188,11075555.956715144,-1.0179409843643543,0.07486443554879141,-0.9430765488155629,1.7855154319972124,12609309.980764316,-1.0548409843643545,0.07126443554879136,-0.9835765488155631,1.739423907808861,13512192.800640795,-1.1592409843643545,0.0415644355487913,-1.117676548815563,1.5896148474380645,13583290.66365521,-1.331140984364355,-0.014235564451208771,-1.3453765488155636,1.3451108325256222,12643398.862762906
Marvin Bagley III,DAL,2025,25,G,30,-0.7,-0.2,-1.1358668804168701,-0.0777377113699913,-0.410745,-1.23656,-0.5357910372354514,-1.3580830719588604,-0.410745,-0.12873933973500984,-0.32046847179553495,-1.23656,-0.7682063697314372,-0.5619226038435149,-1.330128973574952,1.3610955679672414,8166573.407803449,-0.6701063697314373,-0.513322603843515,-1.1834289735749524,1.5177342274610293,9743853.740299808,-0.6395063697314376,-0.49082260384351506,-1.1303289735749527,1.5757027131284538,11127612.560113141,-0.6764063697314378,-0.4944226038435151,-1.1708289735749529,1.5314283248567142,11896441.513151933,-0.7808063697314378,-0.5241226038435152,-1.304928973574953,1.3876360034098114,11857377.401856912,-0.9527063697314382,-0.5799226038435152,-1.5326289735749534,1.1533483304285446,10840923.005526379
Russell Westbrook,SAC,2025,25,G,30,-2.1,-2.5,-0.9172260761260986,-1.5522481203079224,-0.990797,-0.503333,-1.9410928546687558,-1.0762040628023934,-0.990797,-1.6703087265588834,-2.0451578298746718,-0.503333,-1.3360313058237165,-1.4062665188111854,-2.742297824634902,0.11699188691932556,701951.3215159534,-1.2379313058237167,-1.3576665188111856,-2.5955978246349023,0.2239916999214703,1438026.7134958394,-1.207331305823717,-1.3351665188111856,-2.5424978246349026,0.26399275035572306,1864316.8030121163,-1.244231305823717,-1.3387665188111857,-2.582997824634903,0.2334223381092846,1813271.406900545,-1.3486313058237172,-1.3684665188111858,-2.717097824634903,0.1350054039461533,1153623.8768279592,-1.5205313058237175,-1.4242665188111858,-2.9447978246349034,-0.022235470492870047,-209002.79407808295
Vince Williams Jr.,UTA,2025,25,G,30,-0.7,0.8,-1.3140933513641357,-0.18754525482654572,-0.630348,0.39707,-0.5357910372354514,-1.5878585761198174,-0.630348,0.5415082197536308,-0.44890696940691655,0.39707,-0.9179992044517563,0.16322375011557141,-0.7547754543361849,2.0049754317998576,12029852.590799145,-0.8198992044517565,0.2118237501155713,-0.6080754543361852,2.1818382202981077,14007401.374313852,-0.7892992044517566,0.23432375011557127,-0.5549754543361853,2.247127096218681,15869211.553496327,-0.8261992044517568,0.23072375011557122,-0.5954754543361855,2.1972693594487773,17068827.838069994,-0.9305992044517568,0.20102375011557116,-0.7295754543361856,2.0349899507523967,17389029.82897825,-1.1024992044517572,0.1452237501155711,-0.9572754543361861,1.7693114517703383,16630681.915767238
Ryan Dunn,PHX,2025,25,G,30,-1.0,1.7,-1.0316641330718994,0.7903069257736206,-2.57401,0.702066,-0.8369271409711595,-1.2237414184497593,-2.57401,1.1447310232934071,0.6948565736869167,0.702066,-1.544892853140306,0.8472178656601078,-0.6976749874801983,2.073203305016138,12439219.830096828,-1.4467928531403063,0.8958178656601077,-0.5509749874801986,2.252073219862443,14458310.071516886,-1.4161928531403065,0.9183178656601075,-0.497874987480199,2.318088601639061,16370341.704775054,-1.4530928531403067,0.9147178656601075,-0.5383749874801992,2.267676750233191,17615766.53116148,-1.5574928531403067,0.8850178656601074,-0.6724749874801993,2.1035626064088335,17974984.543015618,-1.729392853140307,0.8292178656601074,-0.9001749874801998,1.8347687518067877,17245949.247520447
Moritz Wagner,ORL,2025,25,G,30,-1.8,-1.5,-0.5091803073883057,-0.7045370936393738,0.0291548,0.114084,-1.6399567509330475,-0.5501378632409754,0.0291548,-1.0000611670702426,-1.0536163815679958,0.114084,-0.7203132713913409,-0.6465311828794128,-1.3668444542707539,1.3226994692424416,7936196.81545465,-0.6222132713913411,-0.5979311828794129,-1.220144454270754,1.4780475506946888,9489065.275459902,-0.5916132713913413,-0.575431182879413,-1.1670444542707543,1.5355488946170155,10844046.293785363,-0.6285132713913415,-0.579031182879413,-1.2075444542707545,1.491630800896622,11587286.38752514,-0.7329132713913415,-0.6087311828794131,-1.3416444542707546,1.3490182102975077,11527387.587356413,-0.9048132713913419,-0.6645311828794132,-1.569344454270755,1.1167337044604728,10496763.023217717
Jamal Cain,ORL,2025,25,G,30,-1.5,-1.4,-0.23528333008289337,-0.7668406367301941,-1.19387,-0.443152,-1.3388206471973394,-0.19702075491235538,-1.19387,-0.9330364111213785,-1.1264909147608544,-0.443152,-0.9099038007032316,-0.8342264419607442,-1.7441302426639758,0.946856921066777,5681141.526400662,-0.8118038007032318,-0.7856264419607444,-1.5974302426639762,1.0889431101330869,6991014.767054418,-0.781203800703232,-0.7631264419607444,-1.5443302426639764,1.1416441371795225,8062290.896761789,-0.8181038007032322,-0.7667264419607445,-1.5848302426639767,1.1013873020932832,8555796.840121044,-0.9225038007032322,-0.7964264419607445,-1.7189302426639768,0.9708975456383693,8296338.94543078,-1.0944038007032326,-0.8522264419607446,-1.9466302426639772,0.7591974494555805,7136093.12850162
John Collins,LAC,2025,25,G,30,-0.8,-0.9,-0.15633822977542877,0.4883614778518677,-0.0963326,-0.605458,-0.6361697384806875,-0.09524210145098377,-0.0963326,-0.5979126313770582,0.3416802938896224,-0.605458,-0.27591481331055706,-0.28723011249581193,-0.563144925806369,2.237038382352469,13422230.294114813,-0.17781481331055726,-0.23863011249581206,-0.4164449258063693,2.4206371347417686,15540490.405042155,-0.14721481331055752,-0.2161301124958121,-0.3633449258063696,2.48836418164131,17572827.85075093,-0.18411481331055768,-0.2197301124958121,-0.40384492580636977,2.4366468229382945,18928359.849949263,-0.2885148133105577,-0.24943011249581215,-0.5379449258063699,2.268209999396722,19381899.80904498,-0.4604148133105581,-0.3052301124958122,-0.7656449258063703,1.9920762926573912,18724564.93851159
David Roddy,DEN,2025,25,G,30,-2.0,-1.0,-0.773009181022644,-0.7791594862937927,-2.18498,-0.554449,-1.8407141534235196,-0.8902748368866262,-2.18498,-0.6649373873259222,-1.1408998932375949,-0.554449,-1.638656330103382,-0.7867620935211724,-2.4254184236245546,0.35457752710230833,2127465.16261385,-1.5405563301033822,-0.7381620935211726,-2.2787184236245546,0.47271590043405587,3034836.0807866384,-1.5099563301033825,-0.7156620935211726,-2.225618423624555,0.5167486996992691,3649279.3172762385,-1.5468563301033826,-0.7192620935211727,-2.2661184236245555,0.4831032247851483,3752842.4707759893,-1.6512563301033827,-0.7489620935211727,-2.4002184236245556,0.3745044164556937,3200147.7287022327,-1.823156330103383,-0.8047620935211728,-2.627918423624556,0.1999748563517052,1879668.0617246933
Charles Bassey,GSW,2025,25,G,30,-2.6,-2.1,-0.7503994107246399,0.7982938885688782,-1.63405,-1.53832,-2.4429863608949356,-0.8611255677484604,-1.63405,-1.402209702763427,0.7041986777865932,-1.53832,-1.6460539762144653,-0.7454436749922779,-2.391497651206743,0.3814358037170751,2288614.8223024504,-1.5479539762144654,-0.6968436749922781,-2.2447976512067433,0.5007665188949558,3214921.0513056167,-1.5173539762144657,-0.6743436749922781,-2.1916976512067436,0.5452309020185859,3850420.6300552543,-1.5542539762144658,-0.6779436749922781,-2.232197651206744,0.5112562529751642,3971540.824361671,-1.6586539762144659,-0.7076436749922782,-2.366297651206744,0.4015675125286915,3431402.42590792,-1.8305539762144662,-0.7634436749922783,-2.5939976512067444,0.22518726231996766,2116652.626296308
Kelly Oubre Jr.,PHI,2025,25,G,30,-0.2,-1.7,-0.04399438574910164,-0.16809223592281342,-0.811935,-0.222674,-0.03389753100927151,0.04959532512953313,-0.811935,-1.1341106789679705,-0.4261533730386513,-0.222674,-0.2654124019599128,-0.5943126840022073,-0.85972508596212,1.8816113627060829,11289668.176236497,-0.16731240195991304,-0.5457126840022074,-0.7130250859621204,2.0547850890573214,13191720.271748004,-0.1367124019599133,-0.5232126840022074,-0.6599250859621207,2.118738660274375,14962532.41885764,-0.17361240195991345,-0.5268126840022075,-0.7004250859621209,2.0698993762444435,16079392.33454209,-0.2780124019599135,-0.5565126840022075,-0.834525085962121,1.9109921777315277,16329466.378559463,-0.4499124019599139,-0.6123126840022076,-1.0622250859621216,1.6510396463764263,15518983.47898745
Jaylen Wells,MEM,2025,25,G,30,1.3,-1.3,0.030652130022644997,-0.9546470642089844,0.694128,-0.644848,1.4717829876692685,0.14583210019526882,0.694128,-0.8660116551725144,-1.346162301878994,-0.644848,0.7705810292881791,-0.9523406523505029,-0.18175962306232385,2.7250749235241094,16350449.541144656,0.8686810292881788,-0.903740652350503,-0.03505962306232424,2.9220796694550955,18759751.477901716,0.8992810292881788,-0.8812406523505031,0.018040376937675684,2.9946591925445727,21148283.217749774,0.8623810292881786,-0.8848406523505031,-0.02245962306232452,2.9392407926797417,22832610.325694773,0.7579810292881786,-0.9145406523505032,-0.15655962306232463,2.758549410624603,23571859.88477545,0.5860810292881782,-0.9703406523505033,-0.3842596230623251,2.4616076280199555,23137935.054941397
Kasparas Jakucionis,MIA,2025,25,G,30,0.4,-1.0,-0.22431734204292297,0.39469948410987854,-0.298893,-0.454285,0.5683746764621447,-0.18288303778697534,-0.298893,-0.6649373873259222,0.23212674792338078,-0.454285,0.028866212891723104,-0.2956985464675138,-0.2668323335757907,2.613192276460707,15679153.658764241,0.12696621289172305,-0.24709854646751395,-0.1201323335757909,2.8072066496649213,18022266.690848794,0.1575662128917228,-0.22459854646751398,-0.06703233357579119,2.878703767902377,20329406.008926585,0.12066621289172241,-0.22819854646751403,-0.10753233357579162,2.8241109310602743,21938258.53466243,0.016266212891722365,-0.2578985464675141,-0.24163233357579172,2.646153079902614,22611430.990829438,-0.15563378710827802,-0.31369854646751416,-0.4693323335757922,2.3538527960701945,22125091.14142332
Tristan Enaruna,CLE,2025,25,G,30,-3.0,-1.1,-1.1495157480239868,-0.456272691488266,-1.8738,-1.34904,-2.8445011658758794,-1.375679646805362,-1.8738,-0.7319621432747864,-0.763229165727108,-1.34904,-2.0313269375604137,-0.9480771030006315,-2.9794040405610454,-0.04504567307922649,-270274.0384753589,-1.9332269375604139,-0.8994771030006317,-2.8327040405610457,0.0536196698305224,344238.28031195386,-1.9026269375604141,-0.8769771030006317,-2.779604040561046,0.09060394888163803,639845.0870021278,-1.9395269375604143,-0.8805771030006317,-2.820104040561046,0.06233446396132112,484226.58294433483,-2.043926937560414,-0.9102771030006318,-2.954204040561046,-0.02846384416642991,-243224.117679027,-2.2158269375604145,-0.9660771030006319,-3.1819040405610464,-0.17276839386081377,-1623940.3189993845
Kyshawn George,WAS,2025,25,G,30,-0.3,-0.4,-0.9429141283035278,-0.13702750205993652,-0.632033,0.106381,-0.13427623225450747,-1.1093219554959441,-0.632033,-0.26278885163273796,-0.3898179117356313,0.106381,-0.6252103959168172,-0.18207525445612305,-0.8072856503729402,1.9429219135713518,11657531.481428111,-0.5271103959168173,-0.13347525445612318,-0.6605856503729405,2.117938927353386,13597167.91360874,-0.49651039591681756,-0.11097525445612322,-0.6074856503729408,2.1825597007693167,15413236.606832918,-0.5334103959168177,-0.11457525445612327,-0.647985650372941,2.1332115337063438,16571213.836137623,-0.6378103959168178,-0.14427525445612333,-0.7820856503729411,1.972619366928467,16856071.942791097,-0.8097103959168181,-0.2000752544561234,-1.0097856503729417,1.709805782076487,16071357.064355152
Mouhamed Gueye,ATL,2025,25,G,30,-0.7,1.6,-0.8593845367431641,1.8870774507522583,-1.612,1.20137,-0.5357910372354514,-1.0016328231738418,-1.612,1.0777062673445434,1.9777152372944586,1.20137,-1.0498079534697644,1.418930501546334,0.36912254807656963,3.4915349248497978,20949209.549098786,-0.9517079534697646,1.467530501546334,0.5158225480765695,3.7079036126405844,23804741.193152554,-0.9211079534697648,1.4900305015463342,0.5689225480765694,3.787492169900174,26747269.703835033,-0.958007953469765,1.4864305015463342,0.5284225480765692,3.7267278965157664,28949967.64571378,-1.062407953469765,1.456730501546334,0.3943225480765691,3.5283357332513616,30149699.40734756,-1.2343079534697654,1.400930501546334,0.16662254807656862,3.2013382617477593,30091049.42073983
Chaney Johnson,BKN,2025,25,G,30,-2.5,-1.6,-1.2396068572998047,0.2641003429889679,-1.54011,-0.155247,-2.3426076596496994,-1.4918281063705852,-1.54011,-1.0670859230191065,0.07936895964316837,-0.155247,-1.791515255340095,-0.38098798779197934,-2.1725032431320743,0.5614699837788991,3368819.902673395,-1.6934152553400952,-0.3323879877919795,-2.0258032431320747,0.6884985247492041,4420160.528889891,-1.6628152553400954,-0.3098879877919795,-1.972703243132075,0.7357492374541404,5195861.11490114,-1.6997152553400956,-0.31348798779197956,-2.013203243132075,0.699649421780909,5435016.638278459,-1.8041152553400956,-0.3431879877919796,-2.1473032431320753,0.5829240184935092,4981097.396507408,-1.976015255340096,-0.3989879877919797,-2.375003243132076,0.39459560923274034,3709010.110086547
Eric Gordon,PHI,2025,25,G,30,-2.0,-0.8,-1.7545078992843628,-0.04016975685954094,-1.67052,-1.02117,-1.8407141534235196,-2.1556556842055876,-1.67052,-0.5308878754281942,-0.27652639383106375,-1.02117,-1.8889632792097022,-0.6095280897530859,-2.498491368962788,0.29765545736260723,1785932.7441756434,-1.7908632792097023,-0.5609280897530861,-2.3517913689627883,0.4132252591573072,2652906.1637899126,-1.7602632792097026,-0.5384280897530861,-2.2986913689627886,0.4563283300747551,3222590.6669879206,-1.7971632792097028,-0.5420280897530861,-2.339191368962789,0.4233919700021503,3288993.5013707047,-1.9015632792097028,-0.5717280897530862,-2.473291368962789,0.3171411197034935,2709977.210688747,-2.073463279209703,-0.6275280897530863,-2.7009913689627894,0.14659836081958325,1377954.517687611
Craig Porter Jr.,CLE,2025,25,G,30,0.0,-0.3,-1.7413092851638794,0.9628100395202637,-1.56514,-0.865426,0.16685987148120063,-2.1386395911547558,-1.56514,-0.19576409568387387,0.8966281466177888,-0.865426,-1.178973239891185,-0.054853983022028374,-1.2338272229132135,1.4633401216075332,8780040.7296452,-1.0808732398911851,-0.006253983022028509,-1.0871272229132136,1.6233638634265593,10421996.003198512,-1.0502732398911854,0.016246016977971456,-1.034027222913214,1.6825576242914622,11882221.942746308,-1.0871732398911855,0.012646016977971408,-1.0745272229132141,1.6373487040894426,12719252.203107612,-1.1915732398911856,-0.01705398302202865,-1.2086272229132142,1.4904620435845,12736027.971670426,-1.363473239891186,-0.07285398302202872,-1.4363272229132147,1.2509202244174347,11758052.169656618
Chris Youngblood,POR,2025,25,G,30,-3.0,-1.1,-1.2299437522888184,-0.5418733358383179,-0.792427,-1.459,-2.8445011658758794,-1.4793701094531877,-0.792427,-0.7319621432747864,-0.8633535998852843,-1.459,-1.7054327584430222,-1.0181052477200236,-2.7235380061630456,0.13038734539740043,782324.0723844026,-1.6073327584430224,-0.9695052477200238,-2.576838006163046,0.23804658078280833,1528259.0486256296,-1.5767327584430226,-0.9470052477200238,-2.5237380061630463,0.27828631784658603,1965257.9766325909,-1.6136327584430228,-0.9506052477200239,-2.5642380061630465,0.24753385647593332,1922892.5038763455,-1.7180327584430228,-0.9803052477200239,-2.6983380061630466,0.14851413743485004,1269056.2746635426,-1.8899327584430232,-1.036105247720024,-2.926038006163047,-0.009750257635863036,-91647.76115396264
Yves Missi,NOP,2025,25,G,30,-2.0,-0.6,-1.7160588502883911,0.795204758644104,-1.74493,-1.39666,-1.8407141534235196,-2.1060858892665815,-1.74493,-0.39683836353046603,0.7005854177684293,-1.39666,-1.897243347563367,-0.36430431525401225,-2.2615476628173794,0.48688072075051897,2921284.324503114,-1.7991433475633671,-0.3157043152540124,-2.1148476628173793,0.610779280290927,3921202.9794677515,-1.7685433475633674,-0.2932043152540124,-2.0617476628173796,0.6568970549322816,4639007.001931773,-1.8054433475633676,-0.29680431525401246,-2.10224766281738,0.6216613445617818,4829189.656824835,-1.9098433475633676,-0.3265043152540125,-2.23634766281738,0.507797089943429,4339136.2895084005,-2.0817433475633678,-0.3823043152540126,-2.4640476628173804,0.3243268727180211,3048517.57530424
Ryan Kalkbrenner,CHA,2025,25,G,30,-1.6,1.1,-0.3872328996658325,1.0326682329177856,-1.59395,0.329812,-1.4391993484425756,-0.3929192023898393,-1.59395,0.7425824876002232,0.978339121323029,0.329812,-1.1420228502774716,0.6835778696410841,-0.4584449806363875,2.3675461752129894,14205277.051277936,-1.0439228502774718,0.7321778696410839,-0.3117449806363879,2.5548252130738707,16401977.867934251,-1.013322850277472,0.754677869641084,-0.2586449806363881,2.623884387843494,18529871.546950758,-1.0502228502774722,0.7510778696410839,-0.2991449806363883,2.5711509994090602,19973215.19360947,-1.1546228502774722,0.7213778696410839,-0.4332449806363884,2.3993499885345697,20502493.639027674,-1.3265228502774726,0.6655778696410838,-0.6609449806363888,2.117503936860821,19903524.839609906
Andre Drummond,PHI,2025,25,G,30,-3.3,-1.1,-2.4480960369110107,1.3445394039154053,-1.69835,0.275674,-3.145637269611588,-3.049852618904345,-1.69835,-0.7319621432747864,1.3431252133375988,0.275674,-2.631279962838644,0.29561235668760416,-2.33566760615104,0.42624203700728003,2557452.22204368,-2.533179962838644,0.3442123566876041,-2.18896760615104,0.5475352222071154,3515176.126569681,-2.5025799628386443,0.36671235668760394,-2.13586760615104,0.5927099472405324,4185717.6474126405,-2.5394799628386444,0.3631123566876039,-2.1763676061510404,0.5581935119947309,4336158.839877469,-2.6438799628386445,0.33341235668760383,-2.3104676061510405,0.44671085723371207,3817153.2092792154,-2.815779962838645,0.27761235668760376,-2.538167606151041,0.26728456459827443,2512347.1452019024
Jake Laravia,LAL,2025,25,G,30,0.5,-0.3,-1.6755203008651733,1.0020653009414673,-1.39517,-0.0918068,0.6687533777073806,-2.053822240762708,-1.39517,-0.19576409568387387,0.9425438154468275,-0.0918068,-0.9267462876851091,0.21832430658765123,-0.7084219810974579,2.060302317769508,12361813.90661705,-0.8286462876851093,0.2669243065876511,-0.5617219810974582,2.238794467332283,14373060.480273258,-0.7980462876851095,0.28942430658765106,-0.5086219810974585,2.3046731119817334,16275601.516815003,-0.8349462876851097,0.285824306587651,-0.5491219810974587,2.2543655516050585,17512362.47797842,-0.9393462876851097,0.25612430658765095,-0.6832219810974588,2.0905967269662598,17864190.843861233,-1.1112462876851101,0.20032430658765088,-0.9109219810974593,1.8223892197061358,17129587.563190665
Daniel Gafford,DAL,2025,25,G,30,-1.1,0.8,-0.7969699501991272,0.6616745591163635,0.498983,-0.218774,-0.9373058422163956,-0.9211658587889773,0.498983,0.5415082197536308,0.5443992608503794,-0.218774,-0.4531629003351243,0.28904449353467004,-0.16411840680045425,2.7484927045850136,16490956.227510082,-0.35506290033512444,0.33764449353466985,-0.01741840680045459,2.946117553151241,18914074.69123097,-0.3244629003351247,0.36014449353466993,0.035681593199545225,3.018921530568812,21319623.848876953,-0.36136290033512486,0.3565444935346699,-0.004818406800454977,2.963331936724927,23019755.150866583,-0.4657629003351249,0.3268444935346698,-0.13891840680045509,2.7820737123835855,23772875.513791993,-0.6376629003351253,0.27104449353466975,-0.36661840680045554,2.484169439185587,23350005.295352597
Aaron Wiggins,OKC,2025,25,G,30,0.0,0.1,-0.7400482296943665,0.20616699755191803,-1.56232,-0.0502319,0.16685987148120063,-0.84778048030297,-1.56232,0.07233492811158238,0.011606111888725401,-0.0502319,-0.7477468696072563,0.01123638000010259,-0.7365104896071537,2.026714785288522,12160288.711731132,-0.6496468696072564,0.059836380000102496,-0.5898104896071539,2.2042196016715248,14151089.842731189,-0.6190468696072566,0.08233638000010246,-0.5367104896071542,2.2697408680534505,16028910.010193469,-0.6559468696072568,0.07873638000010241,-0.5772104896071544,2.2197058843214985,17243119.250586268,-0.7603468696072568,0.04903638000010235,-0.7113104896071545,2.056839591239669,17575735.443934802,-0.9322468696072572,-0.006763619999897719,-0.9390104896071549,1.7901645704487614,16826691.26355369
Jamir Watkins,WAS,2025,25,G,30,-1.0,0.4,-0.9291432499885559,0.4540346562862396,-1.23464,0.753642,-0.8369271409711595,-1.0915680803799515,-1.23464,0.2734091959581746,0.3015292691887773,0.753642,-1.054378407117037,0.44286015504898396,-0.6115182520680531,2.177628465089648,13065770.790537888,-0.9562784071170372,0.4914601550489839,-0.4648182520680533,2.359526856991041,15148162.421882484,-0.9256784071170374,0.5139601550489837,-0.4117182520680537,2.426638435983917,17136920.634918425,-0.9625784071170376,0.5103601550489837,-0.4522182520680539,2.375390501955477,18452508.497290544,-1.0669784071170376,0.48066015504898363,-0.586318252068054,2.2085079956697204,18871744.993157677,-1.238878407117038,0.42486015504898356,-0.8140182520680544,1.9350134987674465,18188201.95196159
Tristan Da Silva,ORL,2025,25,G,30,0.4,0.2,-0.8560100197792053,-0.10127419978380203,-1.32533,-0.103435,0.5683746764621447,-0.9972822834780706,-1.32533,0.1393596840604464,-0.34799837653394294,-0.103435,-0.5847458690053086,-0.10402456415783218,-0.6887704331631408,2.083913541833071,12503481.250998428,-0.4866458690053086,-0.05542456415783237,-0.542070433163141,2.2630964587715052,14529079.265313063,-0.45604586900530886,-0.0329245641578324,-0.48897043316314126,2.329225135783924,16448987.908906074,-0.492945869005309,-0.03652456415783245,-0.5294704331631415,2.2787268727575283,17701606.092955034,-0.5973458690053091,-0.06622456415783251,-0.6635704331631416,2.1143266104563168,18066963.172881443,-0.7692458690053094,-0.12202456415783258,-0.891270433163142,1.845046930521089,17342559.214465454
Tristan Vukcevic,WAS,2025,25,G,30,-2.2,-1.5,0.46871864795684814,0.33137190341949463,-0.341851,-1.20342,-2.0414715559139918,0.7106020497957921,-0.341851,-1.0000611670702426,0.1580544295270171,-1.20342,-0.5575735020393999,-0.6818089125144086,-1.2393824145538086,1.4573817223840835,8744290.3343045,-0.4594735020394001,-0.6332089125144087,-1.0926824145538088,1.6172101948450068,10382489.450904945,-0.42887350203940033,-0.6107089125144087,-1.039582414553809,1.6763332753901057,11838265.590804927,-0.4657735020394005,-0.6143089125144088,-1.0800824145538093,1.6311782639065808,12671318.989679102,-0.5701735020394005,-0.6440089125144088,-1.2141824145538094,1.4844701011584316,12684826.703800825,-0.7420735020394009,-0.6998089125144089,-1.4418824145538098,1.2452313687864578,11704579.645998428
Ziaire Williams,BKN,2025,25,G,30,-1.4,0.4,-1.3409488201141357,0.5293201804161072,-2.06828,1.07444,-1.2384419459521034,-1.6224815411525249,-2.06828,0.2734091959581746,0.3895884252972225,1.07444,-1.643067829034876,0.579145873751799,-1.0639219552830768,1.6491490591385773,9894894.354831465,-1.544967829034876,0.6277458737517989,-0.9172219552830772,1.815145104830248,11653231.573010193,-1.5143678290348763,0.6502458737517988,-0.8641219552830776,1.876500619857642,13251847.377434669,-1.5512678290348765,0.6466458737517987,-0.9046219552830778,1.8296429041079594,14213032.007691452,-1.6556678290348765,0.6169458737517987,-1.0387219552830778,1.6772968983452008,14332535.54229771,-1.827567829034877,0.5611458737517986,-1.2664219552830782,1.4284851842101647,13427077.915657502
Scoot Henderson,POR,2025,25,G,30,0.5,-1.3,-0.27175644040107727,-0.5907447934150696,-1.48091,-0.217315,0.6687533777073806,-0.24404310387733374,-1.48091,-0.8660116551725144,-0.9205170368373172,-0.217315,-0.3520665753899843,-0.6679478973366106,-1.020014472726595,1.6982911476929692,10189746.886157814,-0.25396657538998446,-0.6193478973366108,-0.8733144727265952,1.8658305759516889,11978632.297609843,-0.22336657538998472,-0.5968478973366108,-0.8202144727265955,1.9277447386567266,13613733.344393807,-0.2602665753899849,-0.6004478973366109,-0.8607144727265957,1.8804609356952822,14607796.640668092,-0.3646665753899849,-0.6301478973366109,-0.9948144727265958,1.7267041078313559,14754721.135501096,-0.5365665753899853,-0.685947897336611,-1.2225144727265964,1.4754968367057464,13868964.977546077
Demar Derozan,SAC,2025,25,G,30,0.6,-2.6,0.30839216709136963,-1.9051567316055298,1.88368,-2.10566,0.7691320789526166,0.5039038092066181,1.88368,-1.7373334825077473,-2.4579441503984296,-2.10566,1.0522386293864117,-2.1003125443020587,-1.048073914915647,1.6668332112243183,10000999.267345909,1.1503386293864117,-2.0517125443020587,-0.901373914915647,1.833386328007312,11770340.225806942,1.1809386293864113,-2.0292125443020588,-0.8482739149156475,1.8949434822640805,13382090.871748937,1.144038629386411,-2.032812544302059,-0.8887739149156477,1.8479319738818243,14355105.159508789,1.039638629386411,-2.062512544302059,-1.0228739149156478,1.695076743624543,14484464.675806599,0.8677386293864107,-2.118312544302059,-1.2505739149156483,1.4454003731330365,13586072.606072191
Domantas Sabonis,SAC,2025,25,G,30,0.7,-0.9,-0.19536259770393372,-0.5251960158348083,1.6044,-0.470458,0.8695107801978528,-0.1455536167252105,1.6044,-0.5979126313770582,-0.8438466529305654,-0.470458,0.7761190544908807,-0.6374057614358745,0.13871329305500624,3.1621127594153764,18972676.556492258,0.8742190544908806,-0.5888057614358746,0.28541329305500596,3.370382380560071,21637854.883195657,0.9048190544908805,-0.5663057614358746,0.3385132930550059,3.447039373818928,24342992.05790927,0.8679190544908804,-0.5699057614358747,0.2980132930550057,3.388511039079147,26322631.45377464,0.7635190544908803,-0.5996057614358747,0.16391329305500557,3.197522317104728,27322892.150106255,0.5916190544908799,-0.6554057614358748,-0.06378670694499489,2.883095789536471,27099722.301855434
P.j. Washington,DAL,2025,25,G,30,-1.8,0.3,-1.225997805595398,0.1821361631155014,-1.29452,1.00289,-1.6399567509330475,-1.4742828635123688,-1.29452,0.2063844400093105,-0.01650201414892133,1.00289,-1.469586538148472,0.3975908086201298,-1.0719957295283422,1.640163017985231,9840978.107911386,-1.3714865381484722,0.4461908086201296,-0.9252957295283426,1.80587526415812,11593719.195895132,-1.3408865381484725,0.46869080862012946,-0.872195729528343,1.867128054206323,13185658.318805058,-1.3777865381484726,0.4650908086201294,-0.9126957295283432,1.8203486880170405,14140832.678253977,-1.4821865381484727,0.43539080862012935,-1.0467957295283434,1.6682621063542717,14255333.064039381,-1.654086538148473,0.3795908086201293,-1.274495729528344,1.4198908908588168,13346295.666227054
Zach Lavine,SAC,2025,25,G,30,0.2,-2.3,-0.17905955016613007,-2.128974437713623,0.725151,-1.31679,0.36761727397167276,-0.12453518468507174,0.725151,-1.536259214661155,-2.719736819703731,-1.31679,0.32274436309553367,-1.8575953447882954,-1.5348509816927618,1.1511232435763712,6906739.461458228,0.42084436309553364,-1.8089953447882954,-1.3881509816927617,1.300565763368598,8349632.2008264,0.45144436309553315,-1.7864953447882952,-1.335050981692762,1.355929511352635,9575574.20917231,0.414544363095533,-1.7900953447882952,-1.3755509816927622,1.313641787415683,10204632.13300251,0.31014436309553295,-1.8197953447882953,-1.5096509816927624,1.1764275323217408,10052596.792239925,0.13824436309553256,-1.8755953447882954,-1.7373509816927628,0.9533093277116094,8960651.998630486
Lj Cryer,GSW,2025,25,G,30,-2.6,-1.4,-0.7043538689613342,-1.26398766040802,-0.537531,-0.952788,-2.4429863608949356,-0.8017621212480893,-0.537531,-0.9330364111213785,-1.7079884585831822,-0.952788,-1.2607598273810083,-1.1979376232348535,-2.458697450615862,0.328495306088534,1970971.836531204,-1.1626598273810085,-1.1493376232348536,-2.311997450615862,0.44546389543094267,2859878.2086666524,-1.1320598273810087,-1.1268376232348536,-2.258897450615862,0.48907327595154854,3453835.4747698363,-1.168959827381009,-1.1304376232348536,-2.2993974506158628,0.45575074753755146,3540362.9570212075,-1.273359827381009,-1.1601376232348537,-2.433497450615863,0.34822125095295303,2975557.5538180037,-1.4452598273810093,-1.2159376232348538,-2.6611974506158633,0.17550736783855092,1649685.3651605523
Jaxson Hayes,LAL,2025,25,G,30,-1.0,0.5,-0.9351790547370911,1.0096381902694702,-1.09385,0.227184,-0.8369271409711595,-1.0993496409514005,-1.09385,0.3404339519070386,0.9514015905800159,0.227184,-1.0100422606408532,0.506339847495685,-0.5037024131451683,2.3108107820591717,13864864.69235503,-0.9119422606408534,0.5549398474956848,-0.35700241314516856,2.4964989855497697,16027523.487229522,-0.8813422606408536,0.5774398474956847,-0.30390241314516897,2.564982336835671,18113905.26273351,-0.9182422606408538,0.5738398474956846,-0.3444024131451692,2.512688135804076,19519063.976553228,-1.0226422606408538,0.5441398474956846,-0.4785024131451693,2.3423413232189847,20015353.453732695,-1.1945422606408542,0.4883398474956845,-0.7062024131451697,2.062964480721197,19390880.02175748
Klay Thompson,DAL,2025,25,G,30,-1.0,0.0,-0.48732173442840576,-0.7353381514549255,-0.261548,-0.253144,-0.8369271409711595,-0.5219570627380795,-0.261548,0.005310172162718285,-1.0896434291290404,-0.253144,-0.5401440679030797,-0.4458257523221074,-0.9859698202251871,1.7367125143935842,10420275.086361505,-0.44204406790307993,-0.39722575232210755,-0.8392698202251875,1.90544863898087,12232980.262257187,-0.4114440679030802,-0.3747257523221076,-0.7861698202251878,1.967795961706677,13896575.081572553,-0.44834406790308035,-0.37832575232210763,-0.826669820225188,1.9201817824582053,14916356.122491835,-0.5527440679030804,-0.4080257523221077,-0.9607698202251881,1.7653310419994543,15084789.060506182,-0.7246440679030808,-0.46382575232210776,-1.1884698202251887,1.5122663219712245,14214580.563227614
Dylan Cardwell,SAC,2025,25,G,30,-2.4,0.5,-1.944919228553772,1.450982928276062,-1.93143,-0.0179447,-2.2422289584044637,-2.4011403136677387,-1.93143,0.3404339519070386,1.4676289215436966,-0.0179447,-2.191599757357401,0.5967060578169118,-1.594893699540489,1.0914452288915888,6548671.3733495325,-2.0934997573574012,0.6453060578169116,-1.4481936995404896,1.2387771998978485,7952949.623344188,-2.0628997573574015,0.6678060578169117,-1.3950936995404897,1.2933770069102781,9133828.422800386,-2.0997997573574017,0.6642060578169117,-1.4355936995404899,1.2516719498160773,9723238.040561253,-2.2041997573574017,0.6345060578169116,-1.56969369954049,1.116386969379246,9539548.981085047,-2.376099757357402,0.5787060578169115,-1.7973936995404904,0.8965446472405837,8427091.13572011
Marjon Beauchamp,PHI,2025,25,G,30,-2.7,-0.7,-0.7853959798812866,-0.415071040391922,-1.79513,-0.473347,-2.5433650621401718,-0.9062443106553522,-1.79513,-0.46386311947933007,-0.715036864912943,-0.473347,-1.7482464575985077,-0.5507489947974243,-2.298995452395932,0.4560795718458787,2736477.431075272,-1.6501464575985079,-0.5021489947974245,-2.1522954523959323,0.5786618121111906,3715008.833753844,-1.6195464575985081,-0.4796489947974245,-2.0991954523959326,0.6243031276284301,4408828.687311974,-1.6564464575985083,-0.48324899479742456,-2.139695452395933,0.5894308182847979,4578816.482599968,-1.7608464575985083,-0.5129489947974246,-2.273795452395933,0.47676982484429353,4074007.688690986,-1.9327464575985087,-0.5687489947974247,-2.5014954523959334,0.2953427289477171,2776080.478284105
Dwight Powell,DAL,2025,25,G,30,-1.9,0.5,-1.451218605041504,2.2849647998809814,-1.66302,0.139261,-1.7403354521782834,-1.7646450216430476,-1.66302,0.3404339519070386,2.4431118005177117,0.139261,-1.7226668246071106,0.9742689174749167,-0.7483979071321939,2.0125570427949855,12075342.256769912,-1.6245668246071108,1.0228689174749166,-0.6016979071321942,2.1896440070965855,14057514.52556008,-1.593966824607111,1.0453689174749168,-0.5485979071321943,2.255014026406102,15924909.054479895,-1.6308668246071112,1.0417689174749167,-0.5890979071321945,2.2050944006107334,17129614.322824303,-1.7352668246071112,1.0120689174749167,-0.7231979071321946,2.0426100704744807,17454143.90440585,-1.9071668246071116,0.9562689174749165,-0.9508979071321951,1.7765836176381429,16699036.798829317
Tolu Smith,DET,2025,25,G,30,-3.1,-1.1,-1.393965244293213,0.39831042289733887,-0.976296,-0.533586,-2.9448798671211156,-1.6908320815061124,-0.976296,-0.7319621432747864,0.236350351677995,-0.533586,-1.8706693162090762,-0.3430659305322638,-2.21373524674134,0.5266952542544541,3160171.5255267243,-1.7725693162090763,-0.29446593053226394,-2.0670352467413404,0.6522744578483064,4187602.0193861276,-1.7419693162090766,-0.271965930532264,-2.0139352467413407,0.6990005637728091,4936341.981363579,-1.7788693162090767,-0.275565930532264,-2.054435246741341,0.6633008719151625,5152653.833211368,-1.8832693162090768,-0.3052659305322641,-2.188535246741341,0.5479003230393665,4681819.218377849,-2.055169316209077,-0.36106593053226416,-2.416235246741341,0.3618214987862209,3400949.137914058
Duop Reath,ATL,2025,25,G,30,-2.5,-1.2,-1.2840608358383179,-0.3903679847717285,-1.91614,-0.794616,-2.3426076596496994,-1.5491396565368312,-1.91614,-0.7989868992236504,-0.6861424624849043,-0.794616,-1.9359624387288434,-0.7599151205695183,-2.6958775592983617,0.15029213262340904,901752.7957404542,-1.8378624387288436,-0.7113151205695184,-2.549177559298362,0.2589236544848818,1662289.861792941,-1.8072624387288438,-0.6888151205695184,-2.4960775592983624,0.29951532346330895,2115177.214297888,-1.844162438728844,-0.6924151205695185,-2.5365775592983626,0.26849443944588947,2085718.5045035589,-1.948562438728844,-0.7221151205695185,-2.6706775592983627,0.16858594319662398,1440570.2563340163,-2.120462438728844,-0.7779151205695186,-2.8983775592983627,0.008812416356312936,82832.50141432331
Egor Demin,BKN,2025,25,G,30,-0.1,0.4,-0.6087904572486877,-0.405411034822464,-0.707466,-0.335107,0.06648117023596467,-0.6785585870653837,-0.707466,0.2734091959581746,-0.7037378542693833,-0.335107,-0.43984780560980635,-0.2551452194370696,-0.6949930250468759,2.076427121507916,12458562.729047496,-0.34174780560980644,-0.20654521943706972,-0.5482930250468762,2.255391309444457,14479612.206633415,-0.3111478056098067,-0.18404521943706975,-0.49519302504687646,2.321440814609565,16394015.032772752,-0.34804780560980686,-0.1876452194370698,-0.5356930250468767,2.27100293689044,17641605.01435232,-0.4524478056098069,-0.21734521943706986,-0.6697930250468768,2.1068026170510814,18002670.49875384,-0.6243478056098073,-0.27314521943706993,-0.8974930250468772,1.8378624367322893,17275028.40703877
Josh Green,CHA,2025,25,G,30,-0.2,0.8,-0.5340930819511414,0.7248121500015259,-1.80077,0.663567,-0.03389753100927151,-0.5822562422045445,-1.80077,0.5415082197536308,0.6182493540300048,0.663567,-0.8056412577379387,0.6077748579278786,-0.19786639981006016,2.703759152289987,16222554.913739923,-0.7075412577379387,0.6563748579278783,-0.05116639981006044,2.9001977323422565,18619269.441637285,-0.676941257737939,0.6788748579278784,0.0019336001899393773,2.972572324224101,20992305.7536706,-0.7138412577379392,0.6752748579278783,-0.038566399810060825,2.9173102278227194,22662249.311772455,-0.8182412577379392,0.6455748579278783,-0.17266639981006093,2.7371363839021123,23388885.143171236,-0.9901412577379396,0.5897748579278782,-0.4003663998100614,2.4410733741030795,22944922.88349614
Branden Carlson,OKC,2025,25,G,30,-1.5,-1.9,-0.9527193903923035,0.07880837470293045,-0.267194,-1.74703,-1.3388206471973394,-1.1219632260541508,-0.267194,-1.2681601908656988,-0.13736134209179748,-1.74703,-0.9093259577504966,-1.0508505109858322,-1.9601764687363288,0.7469946023256107,4481967.613953664,-0.8112259577504968,-1.0022505109858324,-1.8134764687363292,0.8814865965170977,5659143.949639767,-0.780625957750497,-0.9797505109858324,-1.7603764687363295,0.9314388045597624,6577820.837801042,-0.8175259577504972,-0.9833505109858325,-1.8008764687363297,0.8932785263408058,6939166.248320649,-0.9219259577504972,-1.0130505109858325,-1.9349764687363298,0.7697307026242272,6577364.248538076,-1.0938259577504976,-1.0688505109858326,-2.16267646873633,0.5698179150508267,5356016.028514378
Quentin Grimes,PHI,2025,25,G,30,-0.4,0.2,-0.39183273911476135,-0.8231326937675476,-1.27131,-0.387588,-0.23465493349974342,-0.3988494686562336,-1.27131,0.1393596840604464,-1.1923339980841097,-0.387588,-0.6349381340519923,-0.4801874380078878,-1.11512557205988,1.592424452783151,9554546.716698905,-0.5368381340519923,-0.43158743800788796,-0.9684255720598802,1.756620651047871,11277504.579727333,-0.5062381340519926,-0.409087438007888,-0.9153255720598805,1.8173246875587614,12833946.943539975,-0.5431381340519927,-0.41268743800788804,-0.9558255720598807,1.7709638622030222,13757201.47436552,-0.6475381340519928,-0.4423874380078881,-1.0899255720598808,1.6202631157446543,13845180.729300389,-0.8194381340519932,-0.4981874380078882,-1.3176255720598813,1.3742450298244564,12917246.391225636
Daniss Jenkins,DET,2025,25,G,30,-0.7,1.1,-0.8691926002502441,-0.7893615365028381,-0.436137,0.574959,-0.5357910372354514,-1.0142777054138592,-0.436137,0.7425824876002232,-1.1528329167818665,0.574959,-0.6620685808831035,0.05490285693945222,-0.6071657239436513,2.1829510871470523,13097706.522882314,-0.5639685808831036,0.10350285693945205,-0.4604657239436516,2.3650024738374578,15183315.882036481,-0.5333685808831039,0.126002856939452,-0.4073657239436519,2.4321694313122473,17175980.523927093,-0.5702685808831041,0.12240285693945196,-0.4478657239436521,2.3808792594586192,18495146.26332645,-0.6746685808831041,0.0927028569394519,-0.5819657239436522,2.213856899040575,18917451.479439702,-0.8465685808831045,0.036902856939451834,-0.8096657239436527,1.940124931698914,18236246.978252444
Tim Hardaway Jr.,DEN,2025,25,G,30,-0.4,-1.3,0.5465904474258423,-1.3667880296707153,-0.285714,-1.02725,-0.23465493349974342,0.8109969680579807,-0.285714,-0.8660116551725144,-1.8282308806096783,-1.02725,0.09687601151941243,-1.2404975119273975,-1.143621500407985,1.5611280640809067,9366768.38448544,0.19497601151941235,-1.1918975119273978,-0.9969215004079854,1.7243226080378946,11070151.143603284,0.22557601151941187,-1.1693975119273978,-0.943821500407986,1.7846640825600968,12603297.751039406,0.1886760115194117,-1.1729975119273979,-0.9843215004079862,1.738579787534713,13505635.505527161,0.08427601151941166,-1.202697511927398,-1.1184215004079863,1.5887946637257435,13576282.177429756,-0.08762398848058872,-1.258497511927398,-1.3461215004079867,1.344331292773988,12636071.561717544
Leonard Miller,CHI,2025,25,G,30,-0.7,-0.4,-0.1241069883108139,-0.8246116042137146,0.33012,-0.499067,-0.5357910372354514,-0.053688511134668104,0.33012,-0.26278885163273796,-1.1940638340300582,-0.499067,-0.08645318279003983,-0.6519732285542653,-0.7384264113443051,2.024430661358281,12146583.968149688,0.01164681720995997,-0.6033732285542655,-0.5917264113443055,2.201868131584393,14135993.404771803,0.04224681720995971,-0.5808732285542655,-0.5386264113443058,2.267365021136523,16012131.779266126,0.0053468172099595535,-0.5844732285542655,-0.579126411344306,2.217348629901872,17224807.626803726,-0.0990531827900405,-0.6141732285542656,-0.7132264113443061,2.05454389864444,17556118.704794716,-0.2709531827900409,-0.6699732285542657,-0.9409264113443065,1.7879734090050265,16806095.393357754
Jonathan Kuminga,ATL,2025,25,G,30,-0.0,1.1,-0.6130099296569824,-0.6886919140815735,-1.18011,1.12788,0.16685987148120063,-0.683998471470636,-1.18011,0.7425824876002232,-1.035082763633162,1.12788,-0.5657495333298118,0.27845990798902037,-0.28728962534079144,2.5865466862856636,15519280.117713982,-0.46764953332981185,0.3270599079890202,-0.14058962534079167,2.7798419695844494,17846585.444732167,-0.4370495333298121,0.34955990798902004,-0.08748962534079208,2.8510788037457067,20134318.512052186,-0.47394953332981227,0.34595990798902,-0.12798962534079228,2.796684488656637,21725204.444782488,-0.5783495333298123,0.31625990798901993,-0.2620896253407924,2.6193839650812394,22382688.3692985,-0.7502495333298127,0.26045990798901986,-0.48978962534079284,2.3281998146603127,21883965.37829554
Jalen Slawson,IND,2025,25,G,30,-2.7,-0.8,-1.220004916191101,0.8221415281295776,-2.26878,-0.247564,-2.5433650621401718,-1.4665566308324849,-2.26878,-0.5308878754281942,0.7320925264270178,-0.247564,-2.092900564324219,-0.015453116333725444,-2.1083536806579444,0.6163830957094828,3698298.574256897,-1.9948005643242193,0.033146883666274385,-1.9616536806579448,0.7456665442864586,4787179.214319064,-1.9642005643242195,0.05564688366627435,-1.908553680657945,0.7937334505422768,5605345.62772956,-2.0011005643242195,0.0520468836662743,-1.9490536806579453,0.7570111143641356,5880613.738603478,-2.1055005643242195,0.022346883666274242,-2.0831536806579454,0.6382244765160362,5453640.916319061,-2.27740056432422,-0.03345311633372583,-2.310853680657946,0.44639611863877765,4195910.137859802
Lonzo Ball,CLE,2025,25,G,30,-1.3,2.4,-1.1371819972991943,1.3232356309890747,-1.68606,1.28207,-1.1380632447068675,-1.359778564458154,-1.68606,1.6139043149354555,1.3182068470580135,1.28207,-1.3946339363883407,1.4047270539978232,0.010093117609482505,2.9837535219567766,17902521.13174066,-1.2965339363883408,1.4533270539978231,0.15679311760948234,3.1875020427104834,20463763.114201307,-1.265933936388341,1.4758270539978233,0.20989311760948226,3.262522564048676,23039934.34731175,-1.3028339363883412,1.4722270539978233,0.16939311760948206,3.2052423858585537,24898963.90182642,-1.4072339363883413,1.4425270539978232,0.03529311760948195,3.018386448904118,25792172.573614676,-1.5791339363883417,1.3867270539978231,-0.1924068823905185,2.7109773348261674,25481891.100199938
Buddy Hield,ATL,2025,25,G,30,-0.9,-1.4,-0.5591409802436829,-0.27839425206184387,-0.467122,-0.961146,-0.7365484397259235,-0.6145488271822498,-0.467122,-0.9330364111213785,-0.5551702400994161,-0.961146,-0.6060730889693912,-0.8164508837402648,-1.422523972709656,1.2650876089510599,7590525.65370636,-0.5079730889693914,-0.7678508837402649,-1.2758239727096563,1.4184785115103988,9106632.04389676,-0.4773730889693917,-0.7453508837402649,-1.2227239727096566,1.4752714287168873,10418366.82959866,-0.5142730889693918,-0.748950883740265,-1.2632239727096568,1.4318936604577261,11123236.333167711,-0.6186730889693919,-0.778650883740265,-1.397323972709657,1.2910701474969146,11032220.23176409,-0.7905730889693923,-0.8344508837402651,-1.6250239727096574,1.061823471475253,9980633.080248017
Aaron Holiday,HOU,2025,25,G,30,-0.6,2.2,-0.8881086707115173,-0.280144065618515,-1.33592,0.0998945,-0.4354123359902154,-1.0386649336627385,-1.33592,1.4798548030377274,-0.5572169430602905,0.0998945,-0.9366657565509846,0.340844119992479,-0.5958216365585056,2.1968448840831556,13181069.304498933,-0.8385657565509848,0.38944411999247897,-0.4491216365585058,2.379295024372946,15275074.056474313,-0.807965756550985,0.41194411999247904,-0.396021636558506,2.4466063159726654,17277933.803398967,-0.8448657565509852,0.408344119992479,-0.4365216365585062,2.3952060587695145,18606439.705733348,-0.9492657565509852,0.37864411999247893,-0.5706216365585063,2.227819193527493,19036759.565076303,-1.1211657565509856,0.32284411999247886,-0.7983216365585067,1.9534683018874002,18361668.279893264
Ethan Thompson,IND,2025,25,G,30,-1.8,0.1,-1.3523041009902954,-0.3598710000514984,-1.46818,0.327982,-1.6399567509330475,-1.6371211475720497,-1.46818,0.07233492811158238,-0.6504710798472135,0.327982,-1.5817526328350324,-0.08338471724521039,-1.6651373500802429,1.0227246728243238,6136348.036945943,-1.4836526328350326,-0.034784717245210484,-1.518437350080243,1.1675875242323586,7495911.905571742,-1.4530526328350328,-0.012284717245210519,-1.4653373500802434,1.2212936008380681,8624775.409118438,-1.489952632835033,-0.015884717245210567,-1.5058373500802436,1.1802702025286538,9168574.98728309,-1.594352632835033,-0.045584717245210626,-1.6399373500802437,1.047242270068114,8948706.14257744,-1.7662526328350334,-0.1013847172452107,-1.8676373500802441,0.83123238509725,7813187.090834076
Royce O'neale,PHX,2025,25,G,30,-0.9,-0.8,-1.2716526985168457,0.019896645098924637,-1.64287,-0.643598,-0.7365484397259235,-1.5331426725109103,-1.64287,-0.5308878754281942,-0.20626857563737055,-0.643598,-1.3041870374122781,-0.4602514836885216,-1.7644385211007998,0.9275936879697815,5565562.127818689,-1.2060870374122783,-0.4116514836885217,-1.6177385211008,1.0689660250664226,6862761.880926434,-1.1754870374122786,-0.38915148368852176,-1.5646385211008003,1.121408663976597,7919387.985002729,-1.2123870374122787,-0.3927514836885218,-1.6051385211008005,1.081348904587506,8400134.560616666,-1.3167870374122788,-0.42245148368852187,-1.7392385211008006,0.9515116876631488,8130686.401315361,-1.4886870374122791,-0.47825148368852194,-1.966938521100801,0.7409195948443253,6964290.031970325
Patrick Baldwin Jr.,SAC,2025,25,G,30,-2.5,-1.3,-1.7847886085510254,-0.054312873631715775,-2.49553,-0.649723,-2.3426076596496994,-2.1946945834281246,-2.49553,-0.8660116551725144,-0.29306916140949685,-0.649723,-2.3442774143592744,-0.6029346055273371,-2.9472120198866114,-0.023836064467372055,-143016.38680423232,-2.2461774143592743,-0.5543346055273373,-2.800512019886612,0.07596085330420373,487668.67821298796,-2.2155774143592746,-0.5318346055273373,-2.747412019886612,0.11335472080223791,800511.0383054041,-2.2524774143592747,-0.5354346055273373,-2.787912019886612,0.08477283791393257,658532.3594830112,-2.356877414359275,-0.5651346055273374,-2.922012019886612,-0.007059854596715209,-60326.59872602342,-2.528777414359275,-0.6209346055273375,-3.1497120198866124,-0.15312077508890418,-1439262.0941052074
Kyle Filipowski,UTA,2025,25,G,30,0.0,-1.2,0.5460450053215027,-0.08603444695472717,1.27418,-1.24738,0.16685987148120063,0.8102937659250478,1.27418,-0.7989868992236504,-0.3301729075750675,-1.24738,0.7504445458020829,-0.7921799355995726,-0.0417353897974897,2.913002732409111,17478016.394454665,0.8485445458020828,-0.7435799355995727,0.10496461020251013,3.114929440338427,19997847.006972704,0.8791445458020823,-0.7210799355995727,0.15806461020250961,3.1892905324947844,22522769.740478173,0.8422445458020822,-0.7246799355995728,0.11756461020250941,3.132513308765384,24333989.88515126,0.7378445458020821,-0.7543799355995728,-0.016535389797490696,2.947322709914225,25184931.502671257,0.5659445458020818,-0.8101799355995729,-0.24423538979749115,2.6427413175821077,24840505.154922016
Taj Gibson,MEM,2025,25,G,30,-3.8,-0.4,-4.035741329193115,1.4984158277511597,-3.64017,-0.227854,-3.647530775837767,-5.0966978239066325,-3.64017,-0.26278885163273796,1.523109721442873,-0.227854,-4.128132866581466,0.34415562327004506,-3.783977243311421,-0.49447873969920125,-2966872.4381952076,-4.030032866581466,0.3927556232700449,-3.6372772433114218,-0.42409477806523826,-2722688.47517883,-3.9994328665814667,0.41525562327004495,-3.5841772433114216,-0.3973473180035172,-2806066.759740839,-4.036332866581467,0.4116556232700449,-3.624677243311422,-0.4178090596268387,-3245624.3369932086,-4.140732866581467,0.38195562327004484,-3.758777243311422,-0.482755062171202,-4125151.6613541655,-4.312632866581467,0.32615562327004477,-3.986477243311422,-0.5831627439958068,-5481451.041768957
Payton Sandfort,OKC,2025,25,G,30,-3.2,-2.3,-2.3283581733703613,-0.6849987506866455,-2.37166,-1.3965,-3.045258568366352,-2.895482576025871,-2.37166,-1.536259214661155,-1.0307629842906292,-1.3965,-2.770800381464074,-1.3211740663172613,-4.091974447781335,-0.6254719858975623,-3752831.9153853734,-2.6727003814640744,-1.2725740663172616,-3.945274447781336,-0.5659143683945169,-3633170.245092799,-2.6421003814640747,-1.2500740663172616,-3.8921744477813363,-0.5430856463924539,-3835270.8348235106,-2.679000381464075,-1.2536740663172616,-3.9326744477813365,-0.5605585200041721,-4354530.69509641,-2.783400381464075,-1.2833740663172617,-4.066774447781336,-0.6156080484656712,-5260383.086300132,-2.9553003814640753,-1.3391740663172618,-4.294474447781337,-0.699211650136154,-6572255.288111086
Rasheer Fleming,PHX,2025,25,G,30,-1.2,0.5,-1.5201350450515747,-0.017902981489896774,-1.81711,0.0422125,-1.0376845434616313,-1.8534943921328988,-1.81711,0.3404339519070386,-0.25048163328818956,0.0422125,-1.5694296451981764,0.044054939539616346,-1.52537470565856,1.1606208854055653,6963725.312433392,-1.4713296451981766,0.09265493953961623,-1.3786747056585602,1.3103965037582235,8412745.554127796,-1.4407296451981768,0.1151549395396162,-1.3255747056585605,1.3658808211598399,9645850.35903079,-1.477629645198177,0.11155493953961615,-1.3660747056585607,1.3235011374976149,10281221.536308974,-1.582029645198177,0.08185493953961609,-1.5001747056585608,1.1859823935355487,10134243.272409137,-1.7539296451981774,0.026054939539616018,-1.7278747056585613,0.962347170914441,9045603.404648053
Jaime Jaquez Jr.,MIA,2025,25,G,30,-0.1,-0.5,0.12157707661390305,-0.6029970645904541,-0.091644,-0.684986,0.06648117023596467,0.2630555706077873,-0.091644,-0.329813607581602,-0.934848140626341,-0.684986,0.07929758028125065,-0.649882582735981,-0.5705850024547303,2.227864332705128,13367185.99623077,0.1773975802812504,-0.6012825827359811,-0.4238850024547307,2.411201560544897,15479914.01869824,0.20799758028124993,-0.5787825827359812,-0.3707850024547312,2.478833945184179,17505525.320890676,0.17109758028124977,-0.5823825827359812,-0.41128500245473143,2.427188786510175,18854887.931368344,0.06669758028124972,-0.6120825827359813,-0.5453850024547315,2.2589910252868846,19303123.49089694,-0.10520241971875066,-0.6678825827359813,-0.773085002454732,1.9832632431551074,18641726.485827792
Brandon Williams,DAL,2025,25,G,30,0.1,-1.5,0.33625733852386475,-0.3963659703731537,0.125875,-0.767652,0.2672385727264366,0.5398285165769816,0.125875,-1.0000611670702426,-0.6931581212920477,-0.767652,0.31098069643447274,-0.8202904294540968,-0.5093097330196241,2.3038155323144456,13822893.193886673,0.4090806964344724,-0.7716904294540969,-0.3626097330196245,2.4893066340984955,15981348.59091234,0.4396806964344724,-0.749190429454097,-0.3095097330196246,2.557718641821904,18062609.04854629,0.40278069643447223,-0.752790429454097,-0.3500097330196248,2.5054788553718716,19463060.84429978,0.2983806964344722,-0.7824904294540971,-0.4841097330196249,2.3353122155123978,19955289.587797757,0.1264806964344718,-0.8382904294540972,-0.7118097330196254,2.056241303884282,19327685.373169005
Kris Murray,POR,2025,25,G,30,-1.7,2.9,-1.1344398260116577,1.5448225736618042,-2.80969,1.12157,-1.5395780496878113,-1.3562432658757348,-2.80969,1.9490280946797758,1.5773902611596602,1.12157,-1.9018371051878489,1.5493294519464786,-0.35250765324137023,2.502269727543045,15013618.36525827,-1.803737105187849,1.5979294519464784,-0.20580765324137062,2.693272545834537,17290809.74425773,-1.7731371051878493,1.6204294519464786,-0.1527076532413707,2.76367959204837,19517105.279045593,-1.8100371051878494,1.6168294519464785,-0.1932076532413709,2.7099181660717426,21051186.297678515,-1.9144371051878495,1.5871294519464785,-0.327307653241371,2.534713208668656,21659175.06233784,-2.08633710518785,1.5313294519464784,-0.5550076532413715,2.247087301479909,21121546.52618104
Jonathan Isaac,ORL,2025,25,G,30,-1.9,2.7,-1.6343083381652832,2.3268258571624756,-2.64929,1.88541,-1.7403354521782834,-2.000690405427026,-2.64929,1.8149785827820475,2.492075388413532,1.88541,-2.1301052858684364,2.064154657065193,-0.0659506288032432,2.8801672635937567,17281003.58156254,-2.0320052858684363,2.112754657065193,0.08074937119675685,3.081242786814628,19781578.691349912,-2.0014052858684366,2.135254657065193,0.13384937119675655,3.155295781438481,22282698.80851856,-2.0383052858684367,2.131654657065193,0.09334937119675635,3.0987535473525165,24071737.306543823,-2.142705285868437,2.101954657065193,-0.04075062880324376,2.9143410253207342,24903102.348186187,-2.314605285868437,2.046154657065193,-0.2684506288032442,2.6110807969839334,24542911.395028025
Kyle Kuzma,MIL,2025,25,G,30,-3.0,-1.2,-1.4201319217681885,-1.4640341997146606,-1.69477,-0.945936,-2.8445011658758794,-1.724567033879201,-1.69477,-0.7989868992236504,-1.9419767270764743,-0.945936,-2.087946066585027,-1.2289665421000415,-3.3169126086850684,-0.252463178205844,-1514779.069235064,-1.989846066585027,-1.1803665421000415,-3.170212608685069,-0.16566152708489776,-1063547.0038850436,-1.9592460665850273,-1.1578665421000416,-3.117112608685069,-0.13297146776101787,-939044.5053283083,-1.9961460665850275,-1.1614665421000416,-3.157612608685069,-0.15796570034700275,-1227109.153435587,-2.1005460665850277,-1.1911665421000417,-3.2917126086850694,-0.23791928407885396,-2033025.040839489,-2.272446066585028,-1.2469665421000418,-3.51941260868507,-0.3638096373157716,-3419636.6897616177
Asa Newell,ATL,2025,25,G,30,-1.6,-1.4,-0.7891340255737305,0.22593434154987335,-1.28088,-0.670497,-1.4391993484425756,-0.9110635236992558,-1.28088,-0.9330364111213785,0.034727364627334056,-0.670497,-1.2103809573806104,-0.5229353488313482,-1.7333163062119585,0.9571547031002862,5742928.218601717,-1.1122809573806105,-0.4743353488313483,-1.5866163062119587,1.0996210105434525,7059566.887688966,-1.0816809573806108,-0.45183534883134835,-1.533516306211959,1.1524596264502225,8138669.881991472,-1.118580957380611,-0.4554353488313484,-1.5740163062119592,1.1120978507077957,8638998.5238683,-1.222980957380611,-0.48513534883134846,-1.7081163062119593,0.9812606240801724,8384891.657977559,-1.3948809573806114,-0.5409353488313485,-1.9358163062119598,0.7689705282081527,7227955.3972441545
Tidjane Salaun,CHA,2025,25,G,30,-1.2,-0.4,-1.2640072107315063,-0.7941850423812866,-2.99376,-0.145637,-1.0376845434616313,-1.523285854940009,-2.99376,-0.26278885163273796,-1.158474822872705,-0.145637,-1.8515767994672132,-0.5223002248351477,-2.373877024302361,0.3954965228044685,2372979.136826811,-1.7534767994672134,-0.47370022483514784,-2.227177024302361,0.5154466168854721,3309167.280404731,-1.7228767994672136,-0.4512002248351479,-2.1740770243023615,0.5601351923728088,3955674.7285367767,-1.7597767994672138,-0.4548002248351479,-2.2145770243023617,0.5259895491536791,4085992.015735611,-1.8641767994672138,-0.484500224835148,-2.348677024302362,0.41573462799208216,3552460.710884902,-2.036076799467214,-0.5403002248351481,-2.5763770243023623,0.23839301052881837,2240780.3471118608
Luke Kennard,LAL,2025,25,G,30,1.4,-1.5,0.09131357073783875,-0.5604394674301147,-0.380583,-1.38418,1.5721616889145043,0.22403885056955986,-0.380583,-1.0000611670702426,-0.8850698315123863,-1.38418,0.47187251316135476,-1.0897703328608763,-0.6178978196995215,2.1698352183968113,13019011.310380867,0.5699725131613544,-1.0411703328608763,-0.4711978196995219,2.3515093634752384,15096690.113511031,0.6005725131613544,-1.0186703328608764,-0.418097819699522,2.418539773372686,17079727.87955791,0.5636725131613542,-1.0222703328608764,-0.4585978196995222,2.367353747976353,18390077.38502991,0.4592725131613542,-1.0519703328608765,-0.5926978196995223,2.20067622805024,18804822.38221387,0.2873725131613538,-1.1077703328608766,-0.8203978196995227,1.9275297952351458,18117858.715968255
Kobe Sanders,LAC,2025,25,G,30,-0.5,-0.5,-0.8893229961395264,-0.20277056097984314,-1.25648,0.296271,-0.33503363474497944,-1.040230482461148,-1.25648,-0.329813607581602,-0.4667155405346055,0.296271,-0.8772480390687091,-0.16675271603873587,-1.044000755107445,1.6713879977170853,10028327.986302512,-0.7791480390687092,-0.118152716038736,-0.8973007551074452,1.8380842892729141,11800501.137132108,-0.7485480390687096,-0.09565271603873604,-0.8442007551074456,1.8996932675272118,13415633.855277171,-0.7854480390687097,-0.09925271603873609,-0.8847007551074458,1.852642232367179,14391695.389474722,-0.8898480390687098,-0.12895271603873615,-1.018800755107446,1.6996561245568156,14523595.577460486,-1.0617480390687102,-0.18475271603873622,-1.2465007551074465,1.449757525736921,13627027.757829761
Shaedon Sharpe,POR,2025,25,G,30,-0.0,-0.8,1.0817735195159912,-1.0487260818481445,-0.199248,-0.554898,0.16685987148120063,1.500972814823802,-0.199248,-0.5308878754281942,-1.4562036278386192,-0.554898,0.4895282287683342,-0.8473298344222712,-0.357801605653937,2.4954734234375784,14972840.54062547,0.5876282287683339,-0.7987298344222713,-0.21110160565393743,2.6862901551354277,17245982.795969445,0.6182282287683338,-0.7762298344222713,-0.1580016056539375,2.7566298448521755,19467319.96434607,0.5813282287683337,-0.7798298344222714,-0.1985016056539377,2.7029197924750203,20996821.531904455,0.47692822876833363,-0.8095298344222714,-0.3326016056539378,2.5278849387679623,21600827.359471023,0.30502822876833324,-0.8653298344222715,-0.5603016056539383,2.240547865371801,21060078.952615295
Jamaree Bouyea,PHX,2025,25,G,30,-2.5,0.8,-1.3755571842193604,0.350380003452301,-2.15273,0.369452,-2.3426076596496994,-1.6670997971736345,-2.15273,0.5415082197536308,0.18028761801125304,0.369452,-2.054145818941111,0.36374927925496126,-1.6903965396861498,0.9983021872477044,5989813.123486226,-1.9560458189411112,0.412349279254961,-1.5436965396861502,1.1422771582621087,7333419.356042739,-1.9254458189411114,0.4348492792549611,-1.4905965396861505,1.1956618548480387,8443764.01893685,-1.9623458189411116,0.43124927925496104,-1.5310965396861507,1.1548835768926935,8971366.602017824,-2.0667458189411114,0.401549279254961,-1.6651965396861503,1.0226672651600741,8738712.23413814,-2.238645818941112,0.3457492792549609,-1.8928965396861508,0.8080355012909781,7595147.47116558
Aj Green,MIL,2025,25,G,30,0.7,-0.1,0.11544272303581238,-0.5189461708068848,0.782076,-0.931257,0.8695107801978528,0.25514695760201,0.782076,-0.06171458378614578,-0.8365364019184565,-0.931257,0.6355779125999542,-0.6098359952348674,0.025741917365086797,3.0052421128934323,18031452.677360594,0.7336779125999542,-0.5612359952348676,0.17244191736508663,3.2095407012741535,20605251.302180067,0.7642779125999541,-0.5387359952348676,0.22554191736508655,3.2847603268454377,23196977.428182486,0.727377912599954,-0.5423359952348676,0.18504191736508635,3.2273282894944835,25070531.61845105,0.6229779125999539,-0.5720359952348677,0.05094191736508624,3.039969529985292,25976600.433114927,0.45107791259995356,-0.6278359952348678,-0.17675808263491422,2.7317066299586616,25676736.565842308
Max Christie,DAL,2025,25,G,30,-0.7,-1.0,-0.2577012777328491,-0.9697631001472473,-1.29957,-0.284748,-0.5357910372354514,-0.22592271990186952,-1.29957,-0.6649373873259222,-1.3638430630055582,-0.284748,-0.6870945857124403,-0.7711761501104935,-1.4582707358229339,1.2284918105278337,7370950.863167003,-0.5889945857124406,-0.7225761501104936,-1.3115707358229343,1.380626186231038,8863620.115603264,-0.5583945857124408,-0.7000761501104936,-1.2584707358229346,1.4369642869681285,10147841.794568924,-0.595294585712441,-0.7036761501104937,-1.2989707358229348,1.393933412626305,10828353.535963666,-0.699694585712441,-0.7333761501104937,-1.4330707358229349,1.254258503969567,10717664.001590034,-0.8715945857124414,-0.7891761501104938,-1.6607707358229353,1.026962142638715,9652953.252899742
Quenton Jackson,IND,2025,25,G,30,-0.6,0.7,0.10674723237752914,-0.5267534255981445,-0.357541,-0.252675,-0.4354123359902154,0.24393644134528003,-0.357541,0.4744834638047667,-0.8456683071072416,-0.252675,-0.18300563154831181,-0.20795328110082498,-0.3909589126491368,2.453059267893943,14718355.607363658,-0.08490563154831188,-0.15935328110082514,-0.24425891264913702,2.6427104941561113,16966201.372482236,-0.05430563154831214,-0.13685328110082517,-0.1911589126491373,2.712628313807182,19156581.152106322,-0.0912056315483123,-0.14045328110082522,-0.23165891264913752,2.659240026734356,20657508.375677828,-0.19560563154831234,-0.17015328110082528,-0.3657589126491376,2.485270573701633,21236686.757691935,-0.36750563154831273,-0.22595328110082535,-0.5934589126491381,2.1997425363498126,20676528.36475587
Jaylen Clark,MIN,2025,25,G,30,-0.4,1.1,-0.8227841854095459,0.5823363065719604,-1.7718,0.420834,-0.23465493349974342,-0.954446430852588,-1.7718,0.7425824876002232,0.45159975328333113,0.420834,-0.986967121450777,0.5383387469611848,-0.44862837448959225,2.379917190647888,14279503.143887328,-0.8888671214507772,0.5869387469611846,-0.30192837448959253,2.567541289940498,16483615.081417998,-0.8582671214507774,0.6094387469611847,-0.24882837448959272,2.6367253642467596,18620554.52231062,-0.8951671214507776,0.6058387469611847,-0.2893283744895929,2.583896713453873,20072226.44945238,-0.9995671214507776,0.5761387469611846,-0.42342837448959303,2.4117802783258386,20608710.713899862,-1.1714671214507781,0.5203387469611845,-0.6511283744895936,2.1293986405034553,20015329.368182328
Pat Connaughton,CHA,2025,25,G,30,-2.6,0.6,-1.9739313125610352,-0.13326886296272278,-1.97424,-0.258661,-2.4429863608949356,-2.438543658940178,-1.97424,0.40745870785590266,-0.3854215474831104,-0.258661,-2.2852566732783712,-0.07887461320906924,-2.3641312864874404,0.4033052749022402,2419831.6494134413,-2.1871566732783716,-0.030274613209069434,-2.2174312864874413,0.5235979393373331,3361498.7705456787,-2.156556673278372,-0.00777461320906947,-2.1643312864874416,0.5684105126828992,4014115.040566635,-2.193456673278372,-0.011374613209069517,-2.2048312864874413,0.5341702948261368,4149541.6842683963,-2.297856673278372,-0.04107461320906958,-2.3389312864874414,0.423602226531047,3619689.497752329,-2.4697566732783724,-0.09687461320906965,-2.566631286487442,0.24572888943842802,2309734.1023120726
John Poulakidas,DAL,2025,25,G,30,-2.5,-1.5,-1.229748249053955,-0.24865767359733582,-1.58836,-0.406146,-2.3426076596496994,-1.4791180601693914,-1.58836,-1.0000611670702426,-0.5203882812115416,-0.406146,-1.8033619066063638,-0.6421984827605948,-2.4455603893669586,0.3387596912707729,2032558.1476246372,-1.705261906606364,-0.5935984827605949,-2.2988603893669586,0.45619005865494805,2928740.1765647666,-1.6746619066063642,-0.5710984827605949,-2.245760389366959,0.4999665858287086,3530764.029122341,-1.7115619066063643,-0.574698482760595,-2.2862603893669595,0.4665165726792554,3623994.0398869924,-1.8159619066063644,-0.604398482760595,-2.4203603893669596,0.3585649599705877,3063944.754247872,-1.9878619066063647,-0.6601984827605951,-2.64806038936696,0.1851343293435063,1740174.2016195334
Tyler Kolek,NYK,2025,25,G,30,-1.2,0.9,-0.4902382493019104,-0.441487193107605,-1.00654,-0.745024,-1.0376845434616313,-0.5257171308799816,-1.00654,0.6085329757024948,-0.7459350241893823,-0.745024,-0.8566472247805376,-0.29414201616229585,-1.1507892409428333,1.553286533564315,9319719.20138589,-0.7585472247805377,-0.24554201616229598,-1.0040892409428337,1.7162291258004911,11018190.987639153,-0.7279472247805381,-0.22304201616229602,-0.9509892409428341,1.776479403074056,12545497.544508986,-0.7648472247805382,-0.22664201616229607,-0.9914892409428343,1.7304646652722093,13442595.612767579,-0.8692472247805383,-0.2563420161622961,-1.1255892409428343,1.5809098531589516,13508906.31344031,-1.0411472247805387,-0.3121420161622962,-1.3532892409428348,1.3368375483750816,12565633.946377648
Nae'qwan Tomlin,CLE,2025,25,G,30,-0.9,0.1,-0.7279627323150635,0.009166717529296875,-1.10753,0.171978,-0.7365484397259235,-0.832199454439607,-1.10753,0.07233492811158238,-0.21881904105295646,0.171978,-0.8920926313885102,0.008497962352875301,-0.883594669035635,1.853922011964804,11123532.071788825,-0.7939926313885104,0.05709796235287512,-0.7368946690356353,2.0262567036856467,13008568.037661852,-0.7633926313885107,0.07959796235287508,-0.6837946690356356,2.089906575251207,14758920.234424027,-0.8002926313885108,0.07599796235287504,-0.7242946690356358,2.041298926548686,15857218.321215507,-0.9046926313885109,0.04629796235287498,-0.8583946690356359,1.883158698342083,16091628.74050707,-1.0765926313885112,-0.009502037647125094,-1.0860946690356363,1.6245084722721974,15269603.124308914
Gg Jackson,MEM,2025,25,G,30,-0.4,-2.5,0.2702825367450714,-0.8915729522705078,0.304573,-1.36143,-0.23465493349974342,0.4547716040988856,0.304573,-1.6703087265588834,-1.2723864580659023,-1.36143,0.17489655686638073,-1.4347083948749286,-1.259811838008548,1.4355330866459444,8613198.519875666,0.27299655686638036,-1.3861083948749289,-1.1131118380085485,1.594643448794477,10237610.941260543,0.3035965568663799,-1.363608394874929,-1.060011838008549,1.6535065998399987,11677063.608070072,0.2666965568663797,-1.367208394874929,-1.1005118380085492,1.6085498396697104,12495536.864522245,0.16229655686637967,-1.396908394874929,-1.2346118380085493,1.462498109047611,12497075.591774018,-0.009603443133620715,-1.452708394874929,-1.4623118380085498,1.2243739896145014,11508530.251609283
Vit Krejci,POR,2025,25,G,30,-0.8,-0.7,-0.7152162194252014,0.10273544490337372,-1.53572,-0.700436,-0.6361697384806875,-0.8157662253575545,-1.53572,-0.46386311947933007,-0.10937458588134741,-0.700436,-0.995885321279414,-0.4245579017868925,-1.4204432230663064,1.2672272090922376,7603363.254553426,-0.8977853212794141,-0.37595790178689265,-1.2737432230663068,1.42069125163909,9120837.835522957,-0.8671853212794144,-0.3534579017868927,-1.2206432230663071,1.477510642828789,10434180.15965691,-0.9040853212794145,-0.35705790178689273,-1.2611432230663073,1.4341126825485349,11140474.140573531,-1.0084853212794145,-0.3867579017868928,-1.3952432230663072,1.2932223115623278,11050610.516746325,-1.1803853212794149,-0.44255790178689286,-1.6229432230663077,1.063862111510967,9999795.322113793
Adem Bona,PHI,2025,25,G,30,-1.8,-0.6,-1.5746716260910034,1.1319197416305542,-1.98871,-0.295597,-1.6399567509330475,-1.9238047693565907,-1.98871,-0.39683836353046603,1.0944305505951408,-0.295597,-1.8508238400965462,0.13399839568822494,-1.7168254444083213,0.9729123938459737,5837474.363075842,-1.7527238400965464,0.18259839568822478,-1.5701254444083217,1.1159583680598464,7164452.722944214,-1.7221238400965466,0.20509839568822474,-1.517025444408322,1.1690068020001845,8255526.035725304,-1.7590238400965468,0.2014983956882247,-1.5575254444083222,1.1284849955541891,8766297.142464055,-1.8634238400965468,0.17179839568822464,-1.6916254444083223,0.9971178894858591,8520392.30801446,-2.035323840096547,0.11599839568822456,-1.9193254444083223,0.7839280654359952,7368549.097483079
John Konchar,UTA,2025,25,G,30,-2.5,2.2,-1.7463045120239258,1.444502830505371,-2.01526,0.615345,-2.3426076596496994,-2.1450796040443403,-2.01526,1.4798548030377274,1.4600493509983297,0.615345,-2.1676490878980132,1.1850830513453523,-0.982566036552661,1.7405691529728708,10443414.917837225,-2.0695490878980136,1.2336830513453523,-0.8358660365526613,1.9094249232350238,12258508.007168854,-2.038949087898014,1.2561830513453525,-0.7827660365526614,1.9718155532909976,13924961.437341027,-2.075849087898014,1.2525830513453524,-0.8232660365526616,1.9241683430279917,14947324.522310046,-2.180249087898014,1.2228830513453524,-0.9573660365526617,1.7692082332100068,15117919.736944178,-2.3521490878980145,1.1670830513453523,-1.1850660365526622,1.515957805477842,14249278.743660703
Jalen Pickett,DEN,2025,25,G,30,-0.6,1.0,-1.3790606260299683,-1.0399317741394043,-1.37683,-0.713038,-0.4354123359902154,-1.6716165510769825,-1.37683,0.6755577316513589,-1.4459171972885205,-0.713038,-1.161286295689066,-0.49446582187905386,-1.6557521175681198,1.0318379760829297,6191027.856497578,-1.063186295689066,-0.445865821879054,-1.5090521175681202,1.1770307257999435,7556537.2596356375,-1.0325862956890663,-0.423365821879054,-1.4559521175681205,1.2308562134500076,8692306.579383954,-1.0694862956890665,-0.4269658218790541,-1.4964521175681207,1.1897417389203224,9242151.776280852,-1.1738862956890666,-0.45666582187905413,-1.6305521175681208,1.0564122429748883,9027063.744465282,-1.345786295689067,-0.5124658218790542,-1.8582521175681213,0.8398903072545039,7894567.420625471
Julian Strawther,DEN,2025,25,G,30,-0.4,-1.2,-0.30972549319267273,-1.2248172760009766,-1.40354,-0.992149,-0.23465493349974342,-0.29299407171804376,-1.40354,-0.7989868992236504,-1.662172067780382,-0.992149,-0.643729668405929,-1.1511026556680108,-1.7948323240739399,0.8989485451459737,5393691.270875842,-0.5456296684059292,-1.1025026556680109,-1.64813232407394,1.0392525161481854,6672001.15367135,-0.5150296684059295,-1.080002655668011,-1.5950323240739404,1.0913084458585363,7706820.244652984,-0.5519296684059296,-1.083602655668011,-1.6355323240739406,1.051543634164226,8168601.258914541,-0.6563296684059297,-1.113302655668011,-1.7696323240739407,0.9226830218292544,7884344.8751914175,-0.82822966840593,-1.169102655668011,-1.9973323240739411,0.7137491904944224,6708901.218534517
Joan Beringer,MIN,2025,25,G,30,-1.2,-1.7,-0.23995918035507202,0.5039061307907104,-0.453486,-2.1724,-1.0376845434616313,-0.20304901686446963,-0.453486,-1.1341106789679705,0.35986239510514817,-2.1724,-0.5647398534420337,-0.9822160946209407,-1.5469559480629744,1.1390222824879817,6834133.69492789,-0.46663985344203396,-0.9336160946209409,-1.4002559480629748,1.2880393031856867,8269212.32645211,-0.4360398534420342,-0.9111160946209409,-1.3471559480629751,1.3432490361600504,9486024.693362277,-0.4729398534420344,-0.914716094620941,-1.3876559480629753,1.3010787812982725,10107040.188881243,-0.5773398534420344,-0.944416094620941,-1.5217559480629754,1.1642534793643535,9948569.26623799,-0.7492398534420348,-1.000216094620941,-1.7494559480629759,0.9417957119990927,8852429.514441138
Trey Alexander,NOP,2025,25,G,30,-2.6,-1.4,-1.1855757236480713,0.27133968472480774,-2.88619,-1.11811,-2.4429863608949356,-1.4221693687586594,-2.88619,-0.9330364111213785,0.08783659444290798,-1.11811,-2.2504485765511983,-0.6544366055594901,-2.9048851821106885,0.004428718241316454,26572.309447898722,-2.1523485765511987,-0.6058366055594903,-2.758185182110689,0.10571345767193739,678680.3982538382,-2.121748576551199,-0.5833366055594903,-2.705085182110689,0.14364586184410497,1014427.0763430694,-2.158648576551199,-0.5869366055594903,-2.7455851821106894,0.11465323064501894,890649.2262966363,-2.263048576551199,-0.6166366055594904,-2.8796851821106895,0.021460504838680096,183380.4430566183,-2.4349485765511996,-0.6724366055594905,-3.10738518211069,-0.12690973393411262,-1192890.8361278384
Isaiah Jackson,LAC,2025,25,G,30,-0.9,-0.5,-0.7155501246452332,0.5524786114692688,-0.975526,-0.262732,-0.7365484397259235,-0.8161967070916482,-0.975526,-0.329813607581602,0.4166761279984643,-0.262732,-0.8427570489391906,-0.0586231598610459,-0.9013802088002365,1.8333790717497398,11000274.430498438,-0.7446570489391908,-0.010023159861046071,-0.7546802088002369,2.005088587750637,12872668.733359087,-0.7140570489391911,0.012476840138953893,-0.7015802088002372,2.0685121687181804,14607832.935487792,-0.7509570489391912,0.008876840138953845,-0.7420802088002374,2.0200771145395704,15692363.041166294,-0.8553570489391913,-0.020823159861046214,-0.8761802088002375,1.8625083659788073,15915171.237456232,-1.0272570489391917,-0.07662315986104629,-1.103880208800238,1.60482850467669,15084620.835935656
Oscar Tshiebwe,UTA,2025,25,G,30,-1.5,-1.5,0.09609275311231613,-0.2895035445690155,-0.0824571,-1.57831,-1.3388206471973394,0.23020033171058307,-0.0824571,-1.0000611670702426,-0.5681644369845422,-1.57831,-0.39702580516225217,-1.048845201351595,-1.4458710065138471,1.2411513674669181,7446908.204801509,-0.2989258051622523,-1.000245201351595,-1.2991710065138473,1.3937216034139241,8947692.693917394,-0.2683258051622526,-0.977745201351595,-1.2460710065138476,1.4502174695153351,10241435.769717298,-0.30522580516225273,-0.9813452013515951,-1.2865710065138478,1.4070662656583515,10930372.164887208,-0.4096258051622528,-1.0110452013515951,-1.420671006513848,1.2669929326069735,10826479.948985245,-0.5815258051622532,-1.0668452013515952,-1.6483710065138484,1.0390200520020003,9766291.83723395
Kelly Olynyk,SAS,2025,25,G,30,-2.3,-0.9,-2.845811128616333,0.7813533544540405,-1.16508,-0.975959,-2.1418502571592275,-3.5626001654573534,-1.16508,-0.5979126313770582,0.6843838574021905,-0.975959,-2.289843474205527,-0.2964959246582892,-2.5863393988638164,0.23091758578034163,1385505.5146820499,-2.191743474205527,-0.24789592465828936,-2.4396393988638163,0.3433994601876217,2204624.5344045316,-2.1611434742055273,-0.2253959246582894,-2.3865393988638166,0.3853848150568622,2721587.563931561,-2.1980434742055275,-0.22899592465828944,-2.427039398863817,0.35330095027526326,2744512.441928301,-2.3024434742055275,-0.2586959246582895,-2.561139398863817,0.24987280660682487,2135168.129911451,-2.474343474205528,-0.31449592465828957,-2.7888393988638174,0.0841229656923473,790715.666730464
Spencer Jones,DEN,2025,25,G,30,-1.7,0.8,-1.5424195528030396,0.3985707461833954,-2.38805,0.242889,-1.5395780496878113,-1.8822243219595778,-2.38805,0.5415082197536308,0.23665484379849844,0.242889,-1.9366174572157961,0.3403506878507097,-1.5962667693650865,1.0900906021133823,6540543.612680294,-1.8385174572157963,0.38895068785070963,-1.4495667693650867,1.237374308634702,7943943.061434787,-1.8079174572157966,0.4114506878507095,-1.396466769365087,1.2919566456801899,9123797.831793502,-1.8448174572157967,0.40785068785070944,-1.4369667693650872,1.2502649131370462,9712307.898231205,-1.9492174572157968,0.3781506878507094,-1.5710667693650873,1.115024051769271,9527902.822849462,-2.121117457215797,0.3223506878507093,-1.7987667693650877,0.8952566432176637,8414984.513570584
Bobby Portis,MIL,2025,25,G,30,-0.7,-1.7,-0.09001068770885468,-0.8427430391311646,0.337482,-1.16753,-0.5357910372354514,-0.009730424441940944,0.337482,-1.1341106789679705,-1.215271614361263,-1.16753,-0.06934648722579745,-1.1723040977764112,-1.2416505850022086,1.4549510492234399,8729706.295340639,0.02875351277420246,-1.1237040977764114,-1.094950585002209,1.6146997937080514,10366372.67560569,0.0593535127742022,-1.1012040977764115,-1.0418505850022093,1.6737940156604976,11820333.338594437,0.022453512774202045,-1.1048040977764115,-1.0823505850022095,1.628661014967979,12651764.496474257,-0.081946487225798,-1.1345040977764116,-1.2164505850022096,1.4820257323944948,12663939.523825608,-0.2538464872257984,-1.1903040977764117,-1.44415058500221,1.2429107495808451,11682766.93472165
Johnny Juzang,MIN,2025,25,G,30,-0.5,-1.2,-0.378858357667923,-1.0667651891708374,-0.669306,-1.71058,-0.33503363474497944,-0.3821224638388295,-0.669306,-0.7989868992236504,-1.4773034154292035,-1.71058,-0.46215403286126966,-1.3289567715509512,-1.7911108044122208,0.9024440609508718,5414664.365705231,-0.3640540328612698,-1.2803567715509514,-1.6444108044122212,1.042878846298029,6695282.193233347,-0.33345403286127007,-1.2578567715509514,-1.5913108044122215,1.0949821259859984,7732763.773713121,-0.3703540328612702,-1.2614567715509515,-1.6318108044122217,1.0551811999019791,8196858.597078555,-0.47475403286127027,-1.2911567715509515,-1.7659108044122218,0.9262010088099718,7914406.1443013875,-0.6466540328612707,-1.3469567715509516,-1.9936108044122223,0.7170641343507764,6740060.10624108
Malaki Branham,CHA,2025,25,G,30,-2.0,-1.4,-0.9134609699249268,-0.6950886249542236,-2.60052,-1.26154,-1.8407141534235196,-1.0713499624490863,-2.60052,-0.9330364111213785,-1.0425647990951667,-1.26154,-1.837528038624202,-1.0790470700721817,-2.916575108696384,-0.0034204239288808894,-20522.543573285337,-1.7394280386242023,-1.030447070072182,-2.769875108696384,0.09745340538228042,625650.8625542404,-1.7088280386242025,-1.007947070072182,-2.7167751086963845,0.1352370752167294,955044.225180543,-1.7457280386242027,-1.011547070072182,-2.7572751086963847,0.10635788546166625,826209.3258433159,-1.8501280386242027,-1.041247070072182,-2.891375108696385,0.013540776881090833,115706.20926445883,-2.022028038624203,-1.0970470700721822,-3.1190751086963853,-0.13419166888419745,-1261337.5438937298
Carter Bryant,SAS,2025,25,G,30,-1.0,0.4,-1.7518008947372437,-0.08595959842205048,-2.42241,-0.0253786,-0.8369271409711595,-2.152165723756534,-2.42241,0.2734091959581746,-0.330085359554387,-0.0253786,-1.8038342882425644,-0.027351587865404137,-1.8311858761079685,0.8649772453928132,5189863.472356879,-1.7057342882425646,0.021248412134595718,-1.6844858761079688,1.0040033604307832,6445701.573965628,-1.6751342882425648,0.04374841213459568,-1.6313858761079691,1.0555967533197215,7454624.271943875,-1.712034288242565,0.040148412134595635,-1.6718858761079693,1.0161847239468276,7893926.172563748,-1.816434288242565,0.010448412134595575,-1.8059858761079695,0.8884922130761017,7592183.730579553,-1.9883342882425654,-0.0453515878654045,-2.03368587610797,0.6815418023483437,6406167.165092911
Terance Mann,BKN,2025,25,G,30,-0.6,-1.2,-1.7118995189666748,-0.5577168464660645,-1.12631,-0.792034,-0.4354123359902154,-2.1007235407538136,-1.12631,-0.7989868992236504,-0.8818852657240966,-0.792034,-1.2208152922480098,-0.8243020549825824,-2.045117347230592,0.671479547341501,4028877.2840490057,-1.12271529224801,-0.7757020549825825,-1.8984173472305925,0.8029858028054431,5155168.854010945,-1.0921152922480102,-0.7532020549825825,-1.8453173472305928,0.85185728333323,6015816.134899271,-1.1290152922480103,-0.7568020549825826,-1.885817347230593,0.8145212888120618,6327364.275749859,-1.2334152922480104,-0.7865020549825826,-2.019917347230593,0.6937027600059383,5927703.958305945,-1.4053152922480108,-0.8423020549825827,-2.2476173472305936,0.4984242785556595,4684949.971618052
Tyson Etienne,BKN,2025,25,G,30,-2.3,-2.3,-0.5102334022521973,-1.3617647886276245,-1.09229,-2.16391,-2.1418502571592275,-0.5514955482245467,-1.09229,-1.536259214661155,-1.8223553504556895,-2.16391,-1.2618786017945913,-1.8408415217056149,-3.102720123500206,-0.12399461655693507,-743967.6993416104,-1.1637786017945915,-1.7922415217056151,-2.9560201235002066,-0.02966393101225391,-190442.43709867014,-1.1331786017945917,-1.769741521705615,-2.9029201235002065,0.005751361630646601,40616.115835626304,-1.1700786017945919,-1.773341521705615,-2.943420123500207,-0.021321438741032362,-165629.2004280876,-1.274478601794592,-1.803041521705615,-3.077520123500207,-0.10815739136329097,-924207.0723471489,-1.4463786017945923,-1.8588415217056151,-3.3052201235002077,-0.2457339145953289,-2309781.3363849157
Jordan Miller,LAC,2025,25,G,30,-0.6,-1.1,0.4175945818424225,-0.5105034112930298,-0.393098,-0.95582,-0.4354123359902154,0.6446912005051948,-0.393098,-0.7319621432747864,-0.8266611664517531,-0.95582,-0.061273045161673534,-0.8381477699088465,-0.8994208150705201,1.8356385271005418,11013831.16260325,0.03682695483832643,-0.7895477699088467,-0.7527208150705202,2.0074169173330816,12887616.609278385,0.06742695483832617,-0.7670477699088467,-0.6996208150705205,2.070865428237232,14624451.654211333,0.030526954838326015,-0.7706477699088468,-0.7401208150705207,2.0224113597001927,15710495.924423039,-0.07387304516167403,-0.8003477699088468,-0.8742208150705209,1.864779652485965,15934579.426085625,-0.24577304516167442,-0.8561477699088469,-1.1019208150705213,1.6069928882353475,15104965.006811695
Drew Timme,LAL,2025,25,G,30,-2.4,-1.3,-2.1150705814361572,-0.38449016213417053,-2.45299,-1.47442,-2.2422289584044637,-2.620505106587793,-2.45299,-0.8660116551725144,-0.6792673545913122,-1.47442,-2.438574688330752,-1.006566336587942,-3.4451410249186942,-0.32411172445939496,-1944670.3467563698,-2.340474688330752,-0.9579663365879422,-3.298441024918694,-0.2418174030848239,-1552467.7278045695,-2.309874688330752,-0.9354663365879422,-3.2453410249186945,-0.21075883121515307,-1488378.8660414112,-2.3467746883307523,-0.9390663365879423,-3.2858410249186947,-0.2345087089631817,-1821710.5529677884,-2.4511746883307524,-0.9687663365879423,-3.419941024918695,-0.31034209556491094,-2651879.413444076,-2.6230746883307527,-1.0245663365879425,-3.6476410249186952,-0.4292364093795395,-4034617.0731639895
Jordan Clarkson,NYK,2025,25,G,30,-0.9,-1.2,-0.8024243116378784,-0.9336977005004883,-1.20978,-0.878598,-0.7365484397259235,-0.9281978032740138,-1.20978,-0.7989868992236504,-1.3216584771331268,-0.878598,-0.9581754143333124,-0.9997477921189258,-1.9579232064522383,0.7490213600792722,4494128.160475633,-0.8600754143333126,-0.951147792118926,-1.8112232064522384,0.8835925582133627,5672664.223729788,-0.8294754143333128,-0.928647792118926,-1.7581232064522387,0.9335734351677674,6592895.599154775,-0.8663754143333131,-0.932247792118926,-1.7986232064522392,0.8953912908296868,6955578.625423174,-0.9707754143333132,-0.9619477921189261,-1.9327232064522393,0.7717710659631211,6594799.194076191,-1.1426754143333135,-1.0177477921189262,-2.16042320645224,0.5717353422088703,5374038.927269808
Pete Nance,MIL,2025,25,G,30,-1.5,-2.0,-1.0304814577102661,-0.2059759646654129,-1.65782,-1.61309,-1.3388206471973394,-1.2222166739713791,-1.65782,-1.3351849468145627,-0.47046480238541316,-1.61309,-1.406285773722906,-1.139579916399992,-2.545865690122898,0.2614356189716413,1568613.7138298478,-1.3081857737229061,-1.0909799163999923,-2.3991656901228984,0.3753401760939727,2409683.9305233047,-1.2775857737229064,-1.0684799163999923,-2.3460656901228987,0.41784048973737314,2950789.5385253294,-1.3144857737229065,-1.0720799163999923,-2.386565690122899,0.3853638597890419,2993583.5356132356,-1.4188857737229066,-1.1017799163999924,-2.520665690122899,0.28063522701297977,2398033.627530453,-1.590785773722907,-1.1575799163999925,-2.7483656901228994,0.11267717304998524,1059111.5669811438
Will Richard,GSW,2025,25,G,30,-0.7,-0.5,-0.7002448439598083,0.12484176456928253,-2.25529,0.160748,-0.5357910372354514,-0.7964646293193234,-2.25529,-0.329813607581602,-0.08351750542740172,0.160748,-1.1958485555182583,-0.08419437100300124,-1.2800429265212596,1.4139951163481201,8483970.69808872,-1.0977485555182585,-0.035594371003001335,-1.1333429265212598,1.5723943398135642,10094771.661603084,-1.0671485555182587,-0.01309437100300137,-1.08024292652126,1.6310000848326924,11518122.599088475,-1.1040485555182589,-0.016694371003001418,-1.1207429265212603,1.5862396512927044,12322226.859171987,-1.208448555518259,-0.04639437100300148,-1.2548429265212604,1.4408379799576005,12311989.355497299,-1.3803485555182593,-0.10219437100300155,-1.4825429265212609,1.20381765246818,11315310.508363016
Isaac Okoro,CHI,2025,25,G,30,-0.2,-1.0,-0.6462593674659729,-0.5972712635993958,-0.749397,-0.748842,-0.03389753100927151,-0.7268647544364794,-0.749397,-0.6649373873259222,-0.9281508477649971,-0.748842,-0.503386428481917,-0.7806434116969733,-1.2840298401788903,1.4097622250201571,8458573.350120943,-0.4052864284819171,-0.7320434116969734,-1.1373298401788905,1.5680213053328351,10066696.780236803,-0.37468642848191736,-0.7095434116969734,-1.0842298401788908,1.626576323689305,11486881.997893874,-0.4115864284819175,-0.7131434116969735,-1.124729840178891,1.5818545799767678,12288162.74817553,-0.5159864284819176,-0.7428434116969735,-1.258829840178891,1.436581014959224,12275613.504446872,-0.6878864284819179,-0.7986434116969736,-1.4865298401788916,1.199778210277472,11277341.68262373
Rui Hachimura,LAL,2025,25,G,30,-0.2,0.1,-0.4449727237224579,-0.6393809914588928,-0.618377,-0.231506,-0.03389753100927151,-0.46735930723095226,-0.618377,0.07233492811158238,-0.9774052979680273,-0.231506,-0.3732112794134079,-0.3788587899521483,-0.7520700693655562,2.008190395973891,12049142.375843346,-0.27511127941340807,-0.3302587899521484,-0.6053700693655565,2.185148280882997,14028651.963268843,-0.24451127941340833,-0.30775878995214845,-0.5522700693655568,2.2504715782038183,15892830.285275366,-0.2814112794134085,-0.3113587899521485,-0.592770069365557,2.200587587823556,17094604.499730952,-0.38581127941340854,-0.34105878995214856,-0.7268700693655571,2.0382212505062087,17416641.350000568,-0.5577112794134089,-0.3968587899521486,-0.9545700693655575,1.7723951478925777,16659667.185309542
Curtis Jones,DEN,2025,25,G,30,-3.1,-1.1,-1.719957947731018,-0.49159398674964905,-1.70098,-0.603018,-2.9448798671211156,-2.1111127355924415,-1.70098,-0.7319621432747864,-0.804543395644791,-0.603018,-2.252324200904519,-0.7131745129731925,-2.9654987138777114,-0.03591465791654032,-215487.9474992419,-2.154224200904519,-0.6645745129731926,-2.8187987138777117,0.0632394681696203,405997.38564896234,-2.123624200904519,-0.6420745129731926,-2.765698713877712,0.10040066873857839,709029.5226318407,-2.1605242009045194,-0.6456745129731927,-2.806198713877712,0.0719962436775342,559281.2201358213,-2.2649242009045194,-0.6753745129731927,-2.940298713877712,-0.01924886624951292,-164481.94707941293,-2.43682420090452,-0.7311745129731928,-3.1679987138777124,-0.1643120794017626,-1544455.0052026152
Kadary Richmond,WAS,2025,25,G,30,-3.4,-1.3,-1.4325312376022339,0.15469537675380707,-2.72894,-0.0767242,-3.246015970856824,-1.7405526449496336,-2.72894,-0.8660116551725144,-0.0485986558060163,-0.0767242,-2.5718362052688195,-0.3304448369928436,-2.902281042261663,0.0061817143828035714,37090.28629682143,-2.4737362052688194,-0.28184483699284374,-2.7555810422616633,0.1075579913785759,690522.3046504572,-2.4431362052688197,-0.2593448369928438,-2.7024810422616636,0.14552352877984723,1027687.1602432814,-2.48003620526882,-0.2629448369928438,-2.742981042261664,0.11650562647381782,905039.0075739117,-2.58443620526882,-0.2926448369928439,-2.877081042261664,0.023229225224487494,198494.19412775018,-2.7563362052688203,-0.34844483699284395,-3.1047810422616644,-0.12528309332734341,-1177601.191958418
D'angelo Russell,WAS,2025,25,G,30,-0.1,0.9,-0.7971217632293701,-0.40259337425231934,0.464235,-0.748525,0.06648117023596467,-0.9213615812053887,0.464235,0.6085329757024948,-0.7004421235844382,-0.748525,-0.130215136989808,-0.2801447159606478,-0.41035985295045585,2.4283641406978,14570184.8441868,-0.03211513698980806,-0.23154471596064796,-0.263659852950456,2.6173334086398365,16803280.48346775,-0.001515136989808319,-0.209044715960648,-0.21055985295045632,2.68700438448178,18975624.963210333,-0.038415136989808474,-0.21264471596064805,-0.2510598529504565,2.6338043681108307,20459919.09235856,-0.14281513698980852,-0.2423447159606481,-0.3851598529504566,2.4604583002909894,21024665.385152515,-0.3147151369898089,-0.2981447159606482,-0.6128598529504571,2.1759887626630534,20453254.246404156
Bennedict Mathurin,LAC,2025,25,G,30,-0.2,-0.9,-0.4589470326900482,-1.2015891075134277,-0.355115,-0.389702,-0.03389753100927151,-0.4853754519218221,-0.355115,-0.5979126313770582,-1.6350027953525257,-0.389702,-0.2914626609770312,-0.8742058089098613,-1.1656684698868927,1.5370479117200655,9222287.470320392,-0.19336266097703136,-0.8256058089098615,-1.0189684698868928,1.6994674873489055,10910581.268779974,-0.16276266097703163,-0.8031058089098615,-0.9658684698868931,1.7595284518627592,12425789.92705481,-0.19966266097703178,-0.8067058089098615,-1.0063684698868933,1.713658105148828,13312038.892417127,-0.30406266097703183,-0.8364058089098616,-1.1404684698868934,1.5645813879711108,13369379.251840904,-0.4759626609770322,-0.8922058089098617,-1.368168469886894,1.3213208819704079,12419784.69914026
Sion James,CHA,2025,25,G,30,-0.6,2.1,-1.538865089416504,0.027831893414258957,-1.4208,1.0879,-0.4354123359902154,-1.8776417893407027,-1.4208,1.4128300470888635,-0.1969869603702188,1.0879,-1.2446180417769728,0.7679143622395482,-0.47670367953742454,2.3445977383589285,14067586.430153571,-1.146518041776973,0.8165143622395481,-0.3300036795374248,2.531234968583842,16250528.498308267,-1.1159180417769732,0.8390143622395482,-0.276903679537425,2.6000618326140663,18361636.66192054,-1.1528180417769733,0.8354143622395481,-0.3174036795374252,2.5475056303368016,19789533.23758235,-1.2572180417769734,0.8057143622395481,-0.4515036795374253,2.3762913025160475,20305456.705825683,-1.4291180417769738,0.749914362239548,-0.6792036795374258,2.0954414307926044,19696147.828446567
Draymond Green,GSW,2025,25,G,30,-2.4,0.9,-1.8911290168762207,2.1642987728118896,-2.39466,1.02657,-2.2422289584044637,-2.331792180691516,-2.39466,0.6085329757024948,2.301972469451442,1.02657,-2.322893713031993,1.3123584817179788,-1.0105352313140143,1.708961123946463,10253766.743678778,-2.2247937130319935,1.3609584817179787,-0.8638352313140147,1.8768337550009977,12049272.707106406,-2.1941937130319937,1.383458481717979,-0.8107352313140148,1.9388685248529873,13692289.522511799,-2.231093713031994,1.3798584817179789,-0.851235231314015,1.8914927333896305,14693493.85151733,-2.335493713031994,1.3501584817179788,-0.9853352313140151,1.7374313213749284,14846385.389775194,-2.5073937130319943,1.2943584817179787,-1.2130352313140156,1.4857068704496796,13964934.41434292
Jay Huff,IND,2025,25,G,30,-2.1,0.8,-0.6326647996902466,0.5546995997428894,-0.320266,-0.682517,-1.9410928546687558,-0.7093381847416663,-0.320266,0.5415082197536308,0.4192739494968497,-0.682517,-0.9902323464701408,0.09275505641682684,-0.897477290053314,1.8378805923749406,11027283.554249644,-0.892132346470141,0.14135505641682666,-0.7507772900533143,2.0097272990413892,12902449.259845719,-0.8615323464701412,0.16385505641682663,-0.6976772900533146,2.0732005379798992,14640942.19921405,-0.8984323464701414,0.16025505641682658,-0.7381772900533148,2.0247276090776705,15728489.012837164,-1.0028323464701414,0.13055505641682652,-0.8722772900533149,1.8670334530987038,15953838.197397491,-1.1747323464701418,0.07475505641682645,-1.0999772900533153,1.609140651683798,15125152.956596201
Jd Davison,HOU,2025,25,G,30,-2.7,-1.2,-1.706425428390503,0.7158195972442627,-1.46912,-0.295709,-2.5433650621401718,-2.0936661608075164,-1.46912,-0.7989868992236504,0.6077310423596326,-0.295709,-2.035383740982563,-0.1623216189546726,-2.1977053599372356,0.5401663280283656,3240997.9681701935,-1.937283740982563,-0.1137216189546727,-2.0510053599372355,0.6663089947589036,4277703.746352161,-1.9066837409825632,-0.09122161895467273,-1.9979053599372358,0.7132390535979121,5036894.196508456,-1.9435837409825634,-0.09482161895467278,-2.038405359937236,0.6773838044325918,5262052.869593261,-2.0479837409825636,-0.12452161895467284,-2.1725053599372366,0.5614681880269422,4797756.896053984,-2.219883740982564,-0.1803216189546729,-2.400205359937237,0.374514786021763,3520259.970536855
Bogdan Bogdanovic,LAC,2025,25,G,30,-0.7,-0.3,-0.8004040122032166,-0.027464108541607857,-0.594528,0.0496956,-0.5357910372354514,-0.9255931659342952,-0.594528,-0.19576409568387387,-0.26166498877850863,0.0496956,-0.6853040677232488,-0.13591116148746082,-0.8212152292107097,1.9265716183661357,11559429.710196814,-0.5872040677232488,-0.08731116148746099,-0.6745152292107098,2.1010989964894438,13489055.55746223,-0.5566040677232491,-0.06481116148746102,-0.6214152292107101,2.165542539820313,15293061.416211054,-0.5935040677232493,-0.06841116148746107,-0.6619152292107103,2.116329548245946,16440071.196684161,-0.6979040677232493,-0.09811116148746113,-0.7960152292107104,1.9561849625303411,16715639.628521018,-0.8698040677232497,-0.1539111614874612,-1.023715229210711,1.6941313643142974,15924025.02976226
Mohamed Diawara,NYK,2025,25,G,30,-1.5,-0.1,-1.9701101779937744,-0.8357203602790833,-2.02652,-0.466761,-1.3388206471973394,-2.433617324950661,-2.02652,-0.06171458378614578,-1.207057403455749,-0.466761,-1.9329859907160003,-0.5785109957472983,-2.5114969864632988,0.28765851590985697,1725951.0954591418,-1.8348859907160004,-0.5299109957472984,-2.3647969864632987,0.4027711600139939,2585790.847289841,-1.8042859907160007,-0.5074109957472984,-2.311696986463299,0.4457087566753479,3147595.239641307,-1.8411859907160009,-0.5110109957472985,-2.352196986463299,0.41289860578111964,3207478.949428894,-1.945585990716001,-0.5407109957472985,-2.4862969864632993,0.3070656480953095,2623882.104287382,-2.117485990716001,-0.5965109957472986,-2.7139969864633,0.13723246525871638,1289919.5763135408
Pacome Dadiet,NYK,2025,25,G,30,-2.3,-1.0,-0.47544342279434204,-1.1788753271102905,-1.69206,-1.27307,-2.1418502571592275,-0.5066431476401055,-1.69206,-0.6649373873259222,-1.6084351868055953,-1.27307,-1.4468511349331108,-1.1821475247105058,-2.6289986596436163,0.19917647546198014,1195058.8527718808,-1.348751134933111,-1.1335475247105058,-2.4822986596436167,0.3101588432800115,1991219.7738576739,-1.3181511349331112,-1.1110475247105058,-2.429198659643617,0.3516014319605057,2483009.3125050915,-1.3550511349331114,-1.1146475247105059,-2.4696986596436172,0.31993154139066254,2485292.199830945,-1.4594511349331114,-1.144347524710506,-2.6037986596436173,0.2178741123344818,1861738.6473803946,-1.6313511349331118,-1.200147524710506,-2.831498659643618,0.054451726432763886,511820.2005427459
Dennis Schroder,CLE,2025,25,G,30,-1.2,-0.7,-0.9014331698417664,-1.2415683269500732,-1.62693,-0.716673,-1.0376845434616313,-1.0558433218621608,-1.62693,-0.46386311947933007,-1.6817652555486244,-0.716673,-1.2401526217745973,-0.9541004583426514,-2.1942530801172486,0.543075586393161,3258453.518358966,-1.1420526217745974,-0.9055004583426516,-2.047553080117249,0.669339603476315,4297160.254317943,-1.1114526217745977,-0.8830004583426516,-1.9944530801172493,0.7163135866760872,5058606.549106529,-1.1483526217745978,-0.8866004583426517,-2.0349530801172495,0.6804248358796758,5285676.210080499,-1.252752621774598,-0.9163004583426517,-2.1690530801172496,0.5643982918510821,4822794.691833336,-1.4246526217745983,-0.9721004583426518,-2.39675308011725,0.37725653623110583,3546031.1119480776
Jabari Walker,PHI,2025,25,G,30,-0.2,-0.5,-0.6987850069999695,0.0018042774172499776,-1.56138,-0.690595,-0.03389753100927151,-0.7945825588745855,-1.56138,-0.329813607581602,-0.22743066022754632,-0.690595,-0.7966200299612857,-0.41594642260304937,-1.2125664525643352,1.4862123479142373,8917274.087485423,-0.6985200299612859,-0.3673464226030495,-1.0658664525643355,1.6469834225432523,10573633.57272768,-0.6679200299612862,-0.34484642260304954,-1.0127664525643358,1.7064476903761883,12050933.589436645,-0.7048200299612863,-0.3484464226030496,-1.053266452564336,1.6610324513002452,12903232.288190568,-0.8092200299612864,-0.37814642260304965,-1.1873664525643362,1.513462646079423,12932568.580001593,-0.9811200299612868,-0.4339464226030497,-1.4150664525643366,1.2727608563545212,11963343.670043165
Mason Plumlee,SAS,2025,25,G,30,-1.9,-1.1,-3.1799066066741943,1.6634820699691772,-2.37476,-1.70939,-1.7403354521782834,-3.993327186536927,-2.37476,-0.7319621432747864,1.716182615066313,-1.70939,-2.702807546238404,-0.2417231760694911,-2.9445307223078947,-0.022058297781686397,-132349.78669011837,-2.604707546238404,-0.19312317606949125,-2.7978307223078955,0.07783286970996169,499687.0235379541,-2.5741075462384044,-0.1706231760694913,-2.744730722307896,0.11526085213734805,813972.1377939521,-2.6110075462384046,-0.17422317606949134,-2.785230722307896,0.08665294938767201,673137.4414333139,-2.7154075462384046,-0.2039231760694914,-2.919330722307896,-0.005265897775066608,-44997.201805899684,-2.887307546238405,-0.25972317606949147,-3.1470307223078966,-0.1514731077100684,-1423774.808329158
Tyty Washington Jr.,LAC,2025,25,G,30,-2.9,-1.7,-1.9568744897842407,0.5081430673599243,-2.39215,-0.83675,-2.7441224646306437,-2.416553434749061,-2.39215,-1.1341106789679705,0.36481820916212926,-0.83675,-2.517608633126568,-0.5353474899352805,-3.0529561230618487,-0.09257341730904041,-555440.5038542425,-2.4195086331265685,-0.4867474899352806,-2.906256123061849,0.003506512015316732,22511.807138333425,-2.3889086331265688,-0.46424748993528064,-2.8531561230618494,0.039554966517119004,279337.17354389443,-2.425808633126569,-0.4678474899352807,-2.8936561230618496,0.011999246083565729,93212.54342635532,-2.530208633126569,-0.49754748993528075,-3.0277561230618497,-0.07643570852134188,-653144.6580290368,-2.7021086331265693,-0.5533474899352808,-3.25545612306185,-0.2167273156568044,-2037133.171517078
Jett Howard,ORL,2025,25,G,30,0.2,-1.6,-1.0420626401901245,-1.3622183799743652,-1.63118,-1.38197,0.36761727397167276,-1.237147520264559,-1.63118,-1.0670859230191065,-1.8228859022672594,-1.38197,-0.8335700820976287,-1.4239806084287885,-2.257550690526417,0.4901881130858441,2941128.6785150645,-0.7354700820976288,-1.3753806084287885,-2.1108506905264175,0.6142271693478968,3943338.4272134975,-0.704870082097629,-1.3528806084287885,-2.057750690526418,0.6603957986308276,4663715.129930905,-0.7417700820976292,-1.3564806084287886,-2.0982506905264176,0.6251213008218376,4856067.2890442,-0.8461700820976292,-1.3861806084287887,-2.2323506905264177,0.5111286166849263,4367604.252145031,-1.0180700820976296,-1.4419806084287887,-2.460050690526418,0.3274403278608929,3077782.565415676
Johnny Furphy,IND,2025,25,G,30,-0.9,-0.2,-1.38225519657135,0.6764224171638489,-1.97749,0.353615,-0.7365484397259235,-1.6757350978496497,-1.97749,-0.12873933973500984,0.5616493756510477,0.353615,-1.4632578458585244,0.2621750119720126,-1.2010828338865118,1.4986114148031828,8991668.488819096,-1.3651578458585245,0.3107750119720125,-1.054382833886512,1.6597861476663311,10655827.068017846,-1.3345578458585248,0.3332750119720126,-1.001282833886512,1.7193965249214387,12142378.258995201,-1.371457845858525,0.32967501197201254,-1.0417828338865123,1.6738698464557038,13002955.7412372,-1.475857845858525,0.2999750119720125,-1.1758828338865124,1.525931053033128,13039111.366789145,-1.6477578458585254,0.2441750119720124,-1.4035828338865128,1.28460272629451,12074651.587065231
Jaden Ivey,CHI,2025,25,G,30,-0.4,-1.2,-0.9293454885482788,-0.7934989929199219,-1.37509,-1.10575,-0.23465493349974342,-1.0918288130689517,-1.37509,-0.7989868992236504,-1.1576723719724202,-1.10575,-0.900524582189565,-1.0208030903986902,-1.921327672588255,0.782108529458471,4692651.176750826,-0.8024245821895651,-0.9722030903986904,-1.7746276725882555,0.9179660894085652,5893342.294002988,-0.7718245821895655,-0.9497030903986904,-1.7215276725882558,0.9684125819896218,6838929.65401071,-0.8087245821895657,-0.9533030903986904,-1.762027672588256,0.929875307088841,7223457.360527537,-0.9131245821895657,-0.9830030903986905,-1.896127672588256,0.8050792054702228,6879417.912327166,-1.085024582189566,-1.0388030903986905,-2.1238276725882566,0.6030468587745663,5668352.216082431
Jaden Hardy,WAS,2025,25,G,30,-0.1,-1.6,-0.22633430361747742,-1.557899832725525,-0.686264,-1.45485,0.06648117023596467,-0.18548337184623898,-0.686264,-1.0670859230191065,-2.051768463616202,-1.45485,-0.26842206720342476,-1.524568128878436,-1.7929901960818608,0.9006783879265295,5404070.327559177,-0.1703220672034249,-1.4759681288784363,-1.6462901960818612,1.041047111177417,6683522.453759018,-0.13972206720342517,-1.4534681288784363,-1.5931901960818615,1.0931264788182704,7719659.193414627,-0.17662206720342533,-1.4570681288784364,-1.6336901960818617,1.0533437907362886,8182585.235197639,-0.2810220672034254,-1.4867681288784365,-1.7677901960818618,0.9244239876954721,7899221.463337565,-0.45292206720342576,-1.5425681288784365,-1.9954901960818623,0.7153896513366207,6724320.766310898
Bryce Mcgowens,NOP,2025,25,G,30,-0.4,-1.6,-1.2191030979156494,-0.2907519042491913,-1.42961,-1.22641,-0.23465493349974342,-1.4653939766666806,-1.42961,-1.0670859230191065,-0.5696246048086575,-1.22641,-1.0432196367221414,-0.9543735092759214,-1.9975931459980627,0.7135169877895512,4281101.926737308,-0.9451196367221415,-0.9057735092759215,-1.850893145998063,0.846693756328363,5435773.9156280905,-0.9145196367221418,-0.8832735092759215,-1.7977931459980634,0.8961699010979741,6328751.841553894,-0.9514196367221419,-0.8868735092759216,-1.8382931459980636,0.858372721985584,6668010.978928415,-1.055819636722142,-0.9165735092759216,-1.9723931459980637,0.7360271597551931,6289366.800651321,-1.2277196367221423,-0.9723735092759217,-2.200093145998064,0.5381557960476006,5058407.244376936
Yuki Kawamura,CHI,2025,25,G,30,-2.3,-1.4,-0.8086460828781128,-0.2647455036640167,-1.1018,-1.44985,-2.1418502571592275,-0.9362191180422448,-1.1018,-0.9330364111213785,-0.539205719964365,-1.44985,-1.3932897917338238,-0.9740307103619145,-2.367320502095738,0.400747417405683,2404484.504434098,-1.295189791733824,-0.9254307103619146,-2.2206205020957386,0.5209279784022324,3344357.621342332,-1.2645897917338242,-0.9029307103619146,-2.167520502095739,0.5656999744295517,3994973.2194214943,-1.3014897917338244,-0.9065307103619147,-2.208020502095739,0.5314907053748419,4128726.0974928476,-1.4058897917338244,-0.9362307103619147,-2.342120502095739,0.4210251120021019,3597668.0025602016,-1.5777897917338248,-0.9920307103619148,-2.5698205020957396,0.24332577595213217,2287145.984229138
Zaccharie Risacher,ATL,2025,25,G,30,-0.5,-1.8,-1.6998883485794067,-0.5275861024856567,-1.66973,-1.08324,-0.33503363474497944,-2.08523833972487,-1.66973,-1.2011354349168348,-0.8466422635865622,-1.08324,-1.3633339914899498,-1.043672566167799,-2.407006557657749,0.36912172884268246,2214730.3730560946,-1.26523399148995,-0.9950725661677992,-2.2603065576577492,0.48790729375330133,3132364.8258961947,-1.2346339914899502,-0.9725725661677992,-2.2072065576577495,0.532174352547063,3758215.27768736,-1.2715339914899504,-0.9761725661677992,-2.2477065576577497,0.4983502051111683,3871284.0633445787,-1.3759339914899504,-1.0058725661677994,-2.38180655765775,0.3891597922096165,3325378.2076270184,-1.5478339914899508,-1.0616725661677995,-2.6095065576577503,0.21362569548320706,2007979.424459706
Justin Edwards,PHI,2025,25,G,30,0.2,-3.7,-0.8258153796195984,-0.45257559418678284,-1.47405,-1.16035,0.36761727397167276,-0.9583543474158389,-1.47405,-2.474605797945252,-0.7589047850153816,-1.16035,-0.6882623578147221,-1.4646201943202113,-2.1528825521349333,0.5781609554749736,3468965.7328498415,-0.5901623578147224,-1.4160201943202115,-2.006182552134934,0.7058791791753113,4531744.330305498,-0.5595623578147226,-1.3935201943202116,-1.9530825521349342,0.7533795316414256,5320366.252451749,-0.5964623578147228,-1.3971201943202116,-1.9935825521349344,0.7170893127605162,5570493.199386243,-0.7008623578147228,-1.4268201943202117,-2.1276825521349343,0.5997334632965831,5124734.43853857,-0.8727623578147232,-1.4826201943202117,-2.3553825521349347,0.4103345648904252,3856948.77004798
Kevon Looney,NOP,2025,25,G,30,-1.2,0.6,-1.4362441301345825,1.1583693027496338,-1.42333,0.369123,-1.0376845434616313,-1.7453394297015365,-1.42333,0.40745870785590266,1.1253677866508687,0.369123,-1.4021179910543893,0.6339831648355904,-0.7681348262187989,1.9891254356948078,11934752.614168847,-1.3040179910543894,0.6825831648355902,-0.6214348262187992,2.1655186317575588,13902629.615883527,-1.2734179910543897,0.7050831648355901,-0.5683348262187996,2.230637532502092,15752762.254529776,-1.3103179910543898,0.70148316483559,-0.6088348262187998,2.180909437815608,16941740.69483921,-1.41471799105439,0.67178316483559,-0.7429348262187999,2.0190592884621075,17252902.001094483,-1.5866179910543903,0.6159831648355899,-0.9706348262188004,1.7541096660823892,16487792.396754077
Josh Oduro,NOP,2025,25,G,30,-3.0,-1.9,-2.416368246078491,-0.45639073848724365,-2.82269,-1.06804,-2.8445011658758794,-3.0089480939159516,-2.82269,-1.2681601908656988,-0.7633672416617747,-1.06804,-2.8920464199306104,-1.0331891441758245,-3.925235564106435,-0.5573786346002991,-3344271.8076017946,-2.7939464199306103,-0.9845891441758247,-3.778535564106435,-0.4919600141125793,-3158383.290602759,-2.7633464199306106,-0.9620891441758247,-3.7254355641064354,-0.46700982477250397,-3298023.3825434237,-2.8002464199306107,-0.9656891441758247,-3.7659355641064356,-0.4861007666928748,-3776127.9758235905,-2.904646419930611,-0.9953891441758248,-3.9000355641064357,-0.5465078991096909,-4669920.928050293,-3.076546419930611,-1.051189144175825,-4.127735564106436,-0.6392086403821512,-6008255.677862121
Liam Mcneeley,CHA,2025,25,G,30,-1.8,-0.6,-0.800775945186615,-0.7733137607574463,-1.79236,-0.392974,-1.6399567509330475,-0.926072674327859,-1.79236,-0.39683836353046603,-1.13406232833356,-0.392974,-1.4527964750869689,-0.6412915639546753,-2.0940880390416443,0.628728745587877,3772372.4735272615,-1.354696475086969,-0.5926915639546755,-1.9473880390416445,0.7585136426947261,4869657.5861001415,-1.3240964750869693,-0.5701915639546755,-1.8942880390416448,0.8067620548601298,5697353.6314222375,-1.3609964750869694,-0.5737915639546756,-1.934788039041645,0.7699012819712876,5980747.138609358,-1.4653964750869695,-0.6034915639546756,-2.068888039041645,0.6506562647922004,5559870.795774651,-1.6372964750869698,-0.6592915639546757,-2.2965880390416453,0.4580495849636668,4305447.150956857
Brice Sensabaugh,UTA,2025,25,G,30,0.6,-3.1,0.8958984017372131,-1.410396695137024,0.816808,-2.09862,0.7691320789526166,1.2613364203443698,0.816808,-2.072457262252068,-1.8792385919109158,-2.09862,0.9490921664323287,-2.016771951387661,-1.0676797849553323,1.6449646840316672,9869788.104190003,1.0471921664323285,-1.9681719513876612,-0.9209797849553327,1.8108286390529462,11625519.862719914,1.0777921664323284,-1.945671951387661,-0.8678797849553326,1.872136342119892,13221026.84805068,1.0408921664323283,-1.949271951387661,-0.9083797849553328,1.8253150931197042,14179412.706372488,0.9364921664323282,-1.9789719513876611,-1.0424797849553329,1.6730898328163832,14296586.083212655,0.7645921664323279,-2.034771951387661,-1.2701797849553333,1.4244831428507285,13389460.639854569
Kenrich Williams,OKC,2025,25,G,30,-0.8,0.1,-0.5541301965713501,0.47790223360061646,-1.10712,-0.38189,-0.6361697384806875,-0.6080887579319731,-1.10712,0.07233492811158238,0.32944643840488796,-0.38189,-0.7837928321375536,0.006630455505490111,-0.7771623766320634,1.9784390668571734,11870634.40114304,-0.6856928321375537,0.055230455505489995,-0.6304623766320637,2.1545149374182158,13831985.898224946,-0.655092832137554,0.07773045550548996,-0.577362376632064,2.2195189780118243,15674243.022719504,-0.6919928321375541,0.07413045550548991,-0.6178623766320642,2.1698784885251983,16856050.074561447,-0.7963928321375542,0.04443045550548985,-0.7519623766320643,2.008318409722339,17161120.97744559,-0.9682928321375546,-0.01136954449451022,-0.9796623766320648,1.7438613232440454,16391462.87278152
Malik Monk,SAC,2025,25,G,30,0.9,-1.5,0.2651037275791168,-1.0318639278411865,0.700703,-1.36301,1.0702681826883247,0.4480949107842731,0.700703,-1.0000611670702426,-1.4364804862495142,-1.36301,0.7396886978241993,-1.2665172177732522,-0.5268285199490529,2.282009014284907,13692054.085709441,0.8377886978241993,-1.2179172177732522,-0.38012851994905295,2.466884316921102,15837397.314633477,0.8683886978241993,-1.1954172177732523,-0.327028519949053,2.535073428020441,17902688.548680358,0.8314886978241991,-1.1990172177732523,-0.3675285199490532,2.483003647470123,19288468.93427741,0.727088697824199,-1.2287172177732524,-0.5016285199490533,2.3133999160341485,19768048.550510127,0.5551886978241987,-1.2845172177732525,-0.7293285199490538,2.0352848153533163,19130704.39817944
Malachi Smith,BKN,2025,25,G,30,-2.9,-2.1,-0.613854169845581,-0.3710605204105377,-1.60356,-0.515383,-2.7441224646306437,-0.6850868940485906,-1.60356,-1.402209702763427,-0.6635591167768038,-0.515383,-1.6775897862264113,-0.8603839398467436,-2.537973726073155,0.2674320565191913,1604592.3391151477,-1.5794897862264115,-0.8117839398467437,-2.3912737260731554,0.38161402238884684,2449962.023736397,-1.5488897862264117,-0.7892839398467437,-2.3381737260731557,0.424214747787414,2995804.5488747186,-1.5857897862264119,-0.7928839398467438,-2.3786737260731554,0.3916615326020917,3042505.11755957,-1.690189786226412,-0.8225839398467438,-2.5127737260731555,0.28667931759688015,2449680.5024516936,-1.8620897862264123,-0.8783839398467439,-2.740473726073156,0.11829068441257924,1111875.8905310961
Kevin Love,UTA,2025,25,G,30,-1.2,-0.7,-1.439974308013916,-0.34257903695106506,0.117172,-0.793078,-1.0376845434616313,-1.7501484992986533,0.117172,-0.46386311947933007,-0.6302452038148457,-0.793078,-0.8902203475867615,-0.6290621077647253,-1.5192824553514868,1.1667382348629092,7000429.409177455,-0.7921203475867616,-0.5804621077647254,-1.3725824553514872,1.3167280006084614,8453393.763906322,-0.761520347586762,-0.5579621077647254,-1.3194824553514874,1.3722898314835796,9691110.78993704,-0.7984203475867622,-0.5615621077647255,-1.3599824553514877,1.3298510273754636,10330548.750858078,-0.9028203475867622,-0.5912621077647255,-1.4940824553514878,1.1921365290481134,10186830.483446714,-1.0747203475867626,-0.6470621077647256,-1.7217824553514882,0.9681689181423285,9100325.04579502
Danny Wolf,BKN,2025,25,G,30,-1.9,0.6,-1.0876598358154297,-0.25525885820388794,-1.73583,-0.189412,-1.7403354521782834,-1.2959329439866631,-1.73583,0.40745870785590266,-0.528109483295043,-0.189412,-1.5906994653883155,-0.10335425847971347,-1.6940537238680289,0.9947788160112763,5968672.8960676575,-1.4925994653883157,-0.0547542584797136,-1.5473537238680293,1.1386252341234835,7309974.003072764,-1.461999465388316,-0.03225425847971364,-1.4942537238680296,1.191963399290827,8417645.52579182,-1.498899465388316,-0.035854258479713685,-1.5347537238680298,1.1512206114005052,8942911.953481406,-1.6032994653883161,-0.06555425847971375,-1.6688537238680299,1.0191218112165192,8708416.259281384,-1.7751994653883165,-0.12135425847971382,-1.8965537238680303,0.8046895803796681,7563697.413949462
Mike Conley,MIN,2025,25,G,30,-0.4,0.9,-2.269425868988037,0.569859504699707,-0.554284,0.000231887,-0.23465493349974342,-2.8195050858200403,-0.554284,0.6085329757024948,0.43700602286169454,0.000231887,-1.2028146731065945,0.34859029518806306,-0.8542243779185315,1.8880116856115006,11328070.113669004,-1.1047146731065947,0.3971902951880628,-0.7075243779185318,2.061378766179528,13234051.67887257,-1.074114673106595,0.4196902951880629,-0.654424377918532,2.1254023245057265,15009591.215659441,-1.111014673106595,0.41609029518806284,-0.6949243779185322,2.0765096604772952,16130742.344519729,-1.2154146731065951,0.3863902951880628,-0.8290243779185323,1.9174257148582343,16384441.081977913,-1.3873146731065955,0.3305902951880627,-1.056724377918533,1.6571730692893434,15576634.722592713
Noah Clowney,BKN,2025,25,G,30,-0.9,-1.5,-0.7512717247009277,-0.7179743051528931,-1.01072,-0.748123,-0.7365484397259235,-0.8622501839888139,-1.01072,-1.0000611670702426,-1.0693334735323163,-0.748123,-0.8698395412382459,-0.9391725468675197,-1.8090120881057656,0.8856603136395645,5313961.881837388,-0.7717395412382461,-0.8905725468675199,-1.6623120881057658,1.0254658547765836,6583490.787665667,-0.7411395412382462,-0.8680725468675199,-1.609212088105766,1.077341371222846,7608184.763575739,-0.7780395412382464,-0.8716725468675199,-1.6497120881057663,1.0377141628655524,8061171.159972186,-0.8824395412382464,-0.90137254686752,-1.7838120881057664,0.9093091704687023,7770065.047838473,-1.0543395412382468,-0.9571725468675201,-2.011512088105767,0.7011489756730959,6590465.22211673
De'andre Hunter,SAC,2025,25,G,30,0.3,-1.1,-0.6187760233879089,-0.7767412662506104,-0.50718,-0.611675,0.4679959752169085,-0.6914323116124574,-0.50718,-0.7319621432747864,-1.138071375820092,-0.611675,-0.2435387787985163,-0.8272361730316261,-1.0707749518301424,1.6415207307555106,9849124.384533064,-0.14543877879851652,-0.7786361730316262,-0.9240749518301428,1.8072758882252435,11602711.202406064,-0.11483877879851678,-0.7561361730316263,-0.8709749518301431,1.8685442105833476,13195659.215139601,-0.15173877879851694,-0.7597361730316263,-0.9114749518301433,1.821752997717022,14151741.636865372,-0.256138778798517,-0.7894361730316264,-1.0455749518301434,1.6696271903902677,14266997.73442865,-0.42803877879851737,-0.8452361730316265,-1.2732749518301438,1.4211893702438834,13358500.751773534
Ryan Nembhard,DAL,2025,25,G,30,-0.3,0.2,-1.2540476322174072,-0.9069012999534607,-0.684134,-0.52951,-0.13427623225450747,-1.5104456345050497,-0.684134,0.1393596840604464,-1.290315553693493,-0.52951,-0.7762852889198525,-0.5601552898776823,-1.3364405787975349,1.3544720644545112,8126832.386727067,-0.6781852889198527,-0.5115552898776824,-1.1897405787975353,1.510888866057492,9699906.5200891,-0.647585288919853,-0.48905528987768243,-1.1366405787975356,1.568777047334992,11078703.508279715,-0.6844852889198532,-0.4926552898776825,-1.1771405787975358,1.5245639081742117,11843117.351478914,-0.7888852889198532,-0.5223552898776825,-1.3112405787975359,1.380974389339151,11800453.776390836,-0.9607852889198536,-0.5781552898776826,-1.5389405787975363,1.1470310724706096,10781543.800371094
Keon Ellis,CLE,2025,25,G,30,-0.8,0.9,-0.2841314971446991,0.9663899540901184,-1.75268,-0.0111746,-0.6361697384806875,-0.25999743932017316,-1.75268,0.6085329757024948,0.900815462301717,-0.0111746,-0.8829490592669536,0.49939127933473726,-0.3835577799322163,2.462503809151815,14775022.854910892,-0.7848490592669537,0.547991279334737,-0.23685777993221668,2.6524151910536746,17028505.52656459,-0.754249059266954,0.5704912793347371,-0.18375777993221687,2.7224271774700326,19225780.727293376,-0.7911490592669541,0.566891279334737,-0.22425777993221707,2.6689670682880897,20733069.979875542,-0.8955490592669542,0.537191279334737,-0.3583577799322172,2.4947598042718453,21317772.42269901,-1.0674490592669545,0.4813912793347369,-0.5860577799322176,2.208827967062099,20761927.070615485
Taurean Prince,MIL,2025,25,G,30,-0.4,-2.1,-1.0861330032348633,-0.16019822657108307,-0.612893,-0.996581,-0.23465493349974342,-1.2939645005556486,-0.612893,-1.402209702763427,-0.4169199937156033,-0.996581,-0.7138374780184641,-0.9385702321596767,-1.652407710178141,1.0350905825396075,6210543.495237645,-0.6157374780184643,-0.8899702321596769,-1.5057077101781413,1.1804008908084276,7578173.718990105,-0.5851374780184646,-0.8674702321596769,-1.4526077101781416,1.2342689303269372,8716407.185968833,-0.6220374780184648,-0.8710702321596769,-1.4931077101781418,1.1931220009823362,9268410.328030987,-0.7264374780184648,-0.900770232159677,-1.627207710178142,1.0596850435386251,9055029.890738426,-0.8983374780184652,-0.9565702321596771,-1.8549077101781424,0.8429806396366025,7923615.067838321
Elijah Harkless,UTA,2025,25,G,30,-1.5,-0.0,-1.8527177572250366,0.21720178425312042,-0.742205,0.504207,-1.3388206471973394,-2.2822711050348046,-0.742205,0.005310172162718285,0.02451316163003253,0.504207,-1.4544322507440481,0.17801011126425026,-1.2764221394797979,1.417842592548459,8507055.555290755,-1.3563322507440483,0.22661011126425012,-1.129722139479798,1.57636908952797,10120289.55476957,-1.3257322507440485,0.2491101112642501,-1.0766221394797983,1.6350209028742757,11546517.616098136,-1.3626322507440487,0.24551011126425004,-1.1171221394797985,1.5902253324745759,12353188.427729003,-1.4670322507440487,0.21581011126424998,-1.2512221394797987,1.4447073190928712,12345052.935794974,-1.6389322507440491,0.1600101112642499,-1.4789221394797991,1.2074894443699604,11349823.597123224
Jarred Vanderbilt,LAL,2025,25,G,30,-1.3,0.2,-1.2872302532196045,1.9204398393630981,-1.86026,0.0882278,-1.1380632447068675,-1.553225775017498,-1.86026,0.1393596840604464,2.016738194506854,0.0882278,-1.5171830065747887,0.7481085595224334,-0.7690744470523553,1.9880122484363068,11928073.49061784,-1.4190830065747888,0.7967085595224332,-0.6223744470523556,2.1643724160872764,13895270.911280315,-1.388483006574789,0.8192085595224333,-0.5692744470523557,2.229479361762515,15744583.252766883,-1.4253830065747892,0.8156085595224333,-0.609774447052356,2.1797603853492227,16932814.625469837,-1.5297830065747893,0.7859085595224332,-0.7438744470523561,2.017940427611399,17243341.312747963,-1.7016830065747897,0.7301085595224331,-0.9715744470523565,1.7530420701898437,16477757.505674984
Tyler Smith,DAL,2025,25,G,30,-2.2,-1.2,-1.5175690650939941,-1.1406067609786987,-1.85909,-0.380797,-2.0414715559139918,-1.8501862452830717,-1.85909,-0.7989868992236504,-1.5636736250315797,-0.380797,-1.9169159337323547,-0.91448584141841,-2.8314017751507645,0.054518619479569624,327111.71687741776,-1.8188159337323548,-0.8658858414184102,-2.684701775150765,0.158386358496273,1016840.4215460727,-1.788215933732355,-0.8433858414184102,-2.631601775150765,0.19725371343886314,1393005.7243052516,-1.8251159337323553,-0.8469858414184103,-2.6721017751507654,0.16754798419453984,1301546.2508200246,-1.9295159337323553,-0.8766858414184103,-2.8062017751507655,0.07199411152730342,615191.1228830385,-2.1014159337323557,-0.9324858414184104,-3.033901775150766,-0.08038532292204628,-755583.6112828786
Ace Bailey,UTA,2025,25,G,30,-0.8,-2.6,-0.5640788674354553,-1.6382710933685303,-0.690162,-1.13175,-0.6361697384806875,-0.6209149158611597,-0.690162,-1.7373334825077473,-2.1457762489028713,-1.13175,-0.6490822181139491,-1.6716199104702063,-2.3207021285841556,0.4383794676848069,2630276.806108841,-0.5509822181139492,-1.6230199104702066,-2.1740021285841555,0.5601987011989485,3596475.66169725,-0.5203822181139495,-1.6005199104702066,-2.120902128584156,0.6055638363584026,4276491.81236304,-0.5572822181139496,-1.6041199104702066,-2.1614021285841565,0.570902173050369,4434882.260689878,-0.6616822181139497,-1.6338199104702067,-2.2955021285841566,0.4589386520388486,3921639.960445003,-0.8335822181139501,-1.6896199104702068,-2.523202128584157,0.2786958549646406,2619607.82004895
Keegan Murray,SAC,2025,25,G,30,-1.4,1.3,-0.34033268690109253,0.11795523762702942,-0.734158,0.474978,-1.2384419459521034,-0.3324538855600914,-0.734158,0.876631999497951,-0.09157246364230107,0.474978,-0.7683512771707316,0.4200125119518833,-0.34833876521884827,2.507626415536306,15045758.493217835,-0.6702512771707319,0.46861251195188314,-0.20163876521884871,2.6987757735227045,17326140.466015764,-0.6396512771707321,0.4911125119518832,-0.1485387652188489,2.7692358617119943,19556343.655410107,-0.6765512771707323,0.48751251195188317,-0.1890387652188491,2.7154339799913747,21094034.243369002,-0.7809512771707323,0.4578125119518831,-0.3231387652188492,2.5400950691248454,21705163.16757319,-0.9528512771707327,0.40201251195188303,-0.5508387652188497,2.252241710753207,21169995.509542417
Jeremy Sochan,NYK,2025,25,G,30,-1.3,-1.3,-0.8114879131317139,0.24050913751125336,-2.33185,-0.972373,-1.1380632447068675,-0.9398829002839649,-2.33185,-0.8660116551725144,0.05177505404233973,-0.972373,-1.4699320483302776,-0.5955365337100583,-2.065468582040336,0.6536433943908384,3921860.3663450303,-1.3718320483302777,-0.5469365337100585,-1.9187685820403362,0.7844342879347961,5036068.128541391,-1.341232048330278,-0.5244365337100585,-1.8656685820403365,0.8330468337798898,5882976.740153583,-1.3781320483302781,-0.5280365337100585,-1.9061685820403367,0.7959083318133178,6182775.103192216,-1.4825320483302782,-0.5577365337100586,-2.040268582040337,0.6757437227990818,5774243.626192613,-1.6544320483302786,-0.6135365337100587,-2.2679685820403375,0.48157558837798087,4526580.337621777
Adama Bal,MEM,2025,25,G,30,-2.9,-2.8,-1.8357998132705688,-0.5949390530586243,-2.14926,-0.615628,-2.7441224646306437,-2.260459928048335,-2.14926,-1.8713829944054752,-0.9254229330103187,-0.615628,-2.384614130892993,-1.1374779758052647,-3.5220921066982576,-0.36521711740727764,-2191302.7044436657,-2.286514130892993,-1.0888779758052647,-3.3753921066982575,-0.285627687117759,-1833729.7512960127,-2.255914130892993,-1.0663779758052647,-3.322292106698258,-0.25554818625433373,-1804681.2913281051,-2.2928141308929932,-1.0699779758052648,-3.362792106698258,-0.278551314929802,-2163842.3246376887,-2.3972141308929933,-1.0996779758052648,-3.496892106698258,-0.3519121323801636,-3007096.209431147,-2.5691141308929937,-1.155477975805265,-3.7245921066982586,-0.46660805696461904,-4385892.696816192
Gradey Dick,TOR,2025,25,G,30,-0.4,0.5,-1.600509524345398,-0.32483601570129395,-1.74371,-0.515652,-0.23465493349974342,-1.9571158486048559,-1.74371,0.3404339519070386,-0.6094917389737979,-0.515652,-1.3118269273681997,-0.2615699290222531,-1.5733968563904528,1.1127122267186766,6676273.3603120595,-1.2137269273681999,-0.21296992902225326,-1.4266968563904532,1.2607998286796758,8094334.900123519,-1.1831269273682001,-0.19046992902225324,-1.3735968563904533,1.3156731462830846,9291283.759051146,-1.2200269273682003,-0.19406992902225328,-1.4140968563904535,1.2737594794161031,9894818.388000175,-1.3244269273682003,-0.22376992902225334,-1.5481968563904536,1.1377837688427312,9722385.060436519,-1.4963269273682007,-0.2795699290222534,-1.775896856390454,0.9167685962037678,8617186.588926436
Chris Boucher,BOS,2025,25,G,30,-1.3,-0.7,-0.8353878259658813,0.48995110392570496,0.319804,-0.251976,-1.1380632447068675,-0.9706954641623051,0.319804,-0.46386311947933007,0.3435396304912861,-0.251976,-0.5963182362897242,-0.12409982966268131,-0.7204180659524055,2.0459345731318126,12275607.438790876,-0.4982182362897245,-0.07549982966268143,-0.5737180659524059,2.2240050508710167,14278112.426591929,-0.46761823628972476,-0.052999829662681464,-0.5206180659524062,2.2897310658419974,16170080.786976188,-0.5045182362897249,-0.05659982966268151,-0.5611180659524064,2.2395399179319524,17397193.990478996,-0.608918236289725,-0.08629982966268157,-0.6952180659524065,2.0761565479048834,17740799.22497819,-0.7808182362897254,-0.14209982966268164,-0.922918065952407,1.8086035374015892,17000008.73908407
Taylor Hendricks,MEM,2025,25,G,30,-1.2,-1.2,-0.4016109108924866,-0.024015506729483604,-1.53091,-0.454868,-1.0376845434616313,-0.4114558134828898,-1.53091,-0.7989868992236504,-0.25763126557820437,-0.454868,-0.9933501189815072,-0.5038287216006182,-1.4971788405821254,1.1890075793184238,7134045.4759105425,-0.8952501189815073,-0.45522872160061834,-1.3504788405821255,1.3397743045186643,8601351.035009826,-0.8646501189815076,-0.43272872160061837,-1.2973788405821258,1.395617366116645,9855849.83951575,-0.9015501189815077,-0.4363287216006184,-1.337878840582126,1.3529640639995661,10510095.441961434,-1.0059501189815077,-0.4660287216006185,-1.4719788405821261,1.2145393389314274,10378262.941955829,-1.177850118981508,-0.5218287216006186,-1.6996788405821266,0.9893657725530287,9299565.345159194
Tony Bradley,ATL,2025,25,G,30,-2.6,-1.2,-1.937705397605896,0.7671473622322083,-2.64751,-0.487942,-2.4429863608949356,-2.3918400024728292,-2.64751,-0.7989868992236504,0.6677675463490886,-0.487942,-2.4941121211225883,-0.20638711762485393,-2.700499238747442,0.1469535604372663,881721.3626235977,-2.396012121122588,-0.1577871176248541,-2.5537992387474424,0.25542262662884296,1639813.262957172,-2.3654121211225885,-0.13528711762485413,-2.5006992387474427,0.2959554926347307,2090037.6889864684,-2.4023121211225886,-0.13888711762485417,-2.541199238747443,0.2649794583421293,2058413.4282933294,-2.5067121211225887,-0.16858711762485423,-2.675299238747443,0.16521946451503955,1411803.6286703036,-2.678612121122589,-0.2243871176248543,-2.9029992387474435,0.005698092794260834,53559.34857769621
Pj Hall,CHA,2025,25,G,30,-2.9,-1.1,-1.8943421840667725,-0.2451878935098648,-1.50862,-0.46955,-2.7441224646306437,-2.3359347028838613,-1.50862,-0.7319621432747864,-0.5163297864356067,-0.46955,-2.196225722504835,-0.572613976570131,-2.768839699074966,0.09818369974315169,589102.1984589101,-2.098125722504835,-0.5240139765701312,-2.622139699074966,0.20425054497027387,1311288.4987091583,-2.0675257225048354,-0.5015139765701312,-2.5690396990749664,0.24391389541233996,1722519.9294019449,-2.1044257225048355,-0.5051139765701312,-2.6095396990749666,0.21360105095655157,1659295.6840406843,-2.2088257225048356,-0.5348139765701313,-2.7436396990749667,0.11603695236690859,991538.0787142814,-2.380725722504836,-0.5906139765701314,-2.971339699074967,-0.039755818715790085,-373685.69264708075
Jeremiah Fears,NOP,2025,25,G,30,-0.5,-2.3,-0.02323363535106182,-0.7699446678161621,-0.00381077,-0.83875,-0.33503363474497944,0.0763607762104831,-0.00381077,-1.536259214661155,-1.130121604207782,-0.83875,-0.08749454284483212,-1.168376939622979,-1.2558714824678112,1.4397393908089653,8638436.344853792,0.010605457155167697,-1.1197769396229793,-1.1091714824678116,1.5989882595558145,10265504.62634833,0.041205457155167435,-1.0972769396229793,-1.056071482467812,1.6579015448915246,11708100.71002395,0.0043054571551672804,-1.1008769396229794,-1.096571482467812,1.6129065467032961,12529380.636100546,-0.10009454284483277,-1.1305769396229794,-1.2306714824678122,1.4667282057551285,12533221.852741692,-0.27199454284483315,-1.1863769396229795,-1.4583714824678127,1.2283891036878216,11546270.404673964
Wendell Moore Jr.,DET,2025,25,G,30,-2.2,-1.0,-0.6907026767730713,0.22337771952152252,-3.58863,-0.346478,-2.0414715559139918,-0.784162549474128,-3.58863,-0.6649373873259222,0.031736962675473046,-0.346478,-2.1380880351293734,-0.3265594748834831,-2.4646475100128566,0.3238599500565796,1943159.7003394775,-2.0399880351293733,-0.2779594748834832,-2.3179475100128566,0.4406193901284877,2828776.4846248915,-2.0093880351293736,-0.25545947488348325,-2.264847510012857,0.4841530663119187,3419088.95429477,-2.0462880351293737,-0.2590594748834833,-2.305347510012857,0.45088827849407237,3502590.3249976537,-2.150688035129374,-0.28875947488348336,-2.439447510012857,0.34354996743894994,2935641.342765176,-2.322588035129374,-0.34455947488348343,-2.6671475100128577,0.17116071478735084,1608828.9041794303
Kentavious Caldwell-pope,MEM,2025,25,G,30,-2.0,0.7,-0.8895636200904846,-0.09524442255496979,-1.2597,0.721184,-1.8407141534235196,-1.0405407028753813,-1.2597,0.4744834638047667,-0.3409455320405321,0.721184,-1.380318285432967,0.2849073105880782,-1.0954109748448888,1.6141903867419867,9685142.32045192,-1.2822182854329671,0.33350731058807814,-0.948710974844889,1.7790795686142016,11421690.830503175,-1.2516182854329674,0.3560073105880782,-0.8956109748448892,1.8400344396824062,12994323.213037152,-1.2885182854329675,0.35240731058807817,-0.9361109748448894,1.7934822998338007,13932129.201568933,-1.3929182854329676,0.3227073105880781,-1.0702109748448896,1.6421480898323848,14032188.27057953,-1.564818285432968,0.26690731058807804,-1.29791097484489,1.3950543913189588,13112844.442399168
Nick Smith Jr.,LAL,2025,25,G,30,-1.1,-2.4,-0.5830210447311401,-1.7734676599502563,-2.04703,-2.41696,-0.9373058422163956,-0.6453358019107411,-2.04703,-1.603283970610019,-2.3039115039807183,-2.41696,-1.209890548042379,-2.1080518248635793,-3.317942372905958,-0.25305425895442946,-1518325.5537265767,-1.111790548042379,-2.0594518248635794,-3.1712423729059585,-0.1662888048562723,-1067574.127177268,-1.0811905480423794,-2.0369518248635794,-3.1181423729059587,-0.13361184752223454,-943566.8672020205,-1.1180905480423795,-2.0405518248635794,-3.158642372905959,-0.1585960870651192,-1232006.1235392594,-1.2224905480423796,-2.0702518248635795,-3.292742372905959,-0.2385165827209246,-2038128.9696819556,-1.39439054804238,-2.1260518248635796,-3.5204423729059595,-0.3643507528488513,-3424722.917119342
Khris Middleton,DAL,2025,25,G,30,-0.1,-2.2,-0.8650444149971008,-0.5502300262451172,-0.638889,-1.08241,0.06648117023596467,-1.00892972678404,-0.638889,-1.469234458712291,-0.873128162971448,-1.08241,-0.5271125188493585,-1.1415908738945797,-1.668703392743938,1.0192674864308033,6115604.91858482,-0.42901251884935854,-1.0929908738945797,-1.5220033927439383,1.164004988632734,7472912.027022152,-0.3984125188493588,-1.0704908738945798,-1.4689033927439386,1.2176656934399153,8599155.127072683,-0.43531251884935895,-1.0740908738945798,-1.5094033927439388,1.1766769007395474,9140661.500324955,-0.539712518849359,-1.1037908738945799,-1.6435033927439389,1.0437635512956314,8918980.4210922,-0.7116125188493594,-1.15959087389458,-1.8712033927439393,0.8279482267489662,7782317.572187899
Jahmir Young,MIA,2025,25,G,30,-3.1,-1.7,-1.7470754384994507,-1.0418791770935059,-2.05203,-1.27639,-2.9448798671211156,-2.146073508140871,-2.05203,-1.1341106789679705,-1.4481950144748028,-1.27639,-2.380994458420662,-1.2862318978142577,-3.66722635623492,-0.4388827199947868,-2633296.319968721,-2.282894458420662,-1.237631897814258,-3.52052635623492,-0.3643948727971366,-2339415.083357617,-2.2522944584206623,-1.215131897814258,-3.4674263562349203,-0.33616195722463305,-2373975.741920359,-2.2891944584206625,-1.218731897814258,-3.5079263562349206,-0.3577566733900767,-2779125.3902287944,-2.3935944584206625,-1.2484318978142581,-3.6420263562349207,-0.4264540805294669,-3644058.647205907,-2.565494458420663,-1.3042318978142582,-3.869726356234921,-0.5332315970020032,-5012122.127115465
Jase Richardson,ORL,2025,25,G,30,-1.5,-1.4,-0.7122398018836975,-1.11832857131958,-1.98842,-0.821144,-1.3388206471973394,-0.8119289287003428,-1.98842,-0.9330364111213785,-1.5376155135462726,-0.821144,-1.379723191965894,-1.0972653082225503,-2.4769885001884444,0.314272823481574,1885636.940889444,-1.2816231919658942,-1.0486653082225503,-2.330288500188445,0.4305984680364503,2764442.164794011,-1.2510231919658945,-1.0261653082225504,-2.277188500188445,0.473975126210649,3347212.3412996037,-1.2879231919658947,-1.0297653082225504,-2.317688500188445,0.44083009789137045,3424456.3664397444,-1.3923231919658947,-1.0594653082225505,-2.451788500188445,0.33388832384261347,2853082.4050016096,-1.564223191965895,-1.1152653082225505,-2.6794885001884454,0.16217238570517933,1524342.9072283197
Doug Mcdermott,SAC,2025,25,G,30,-2.6,-2.0,-1.178999900817871,-0.5194191336631775,-1.34626,-2.09562,-2.4429863608949356,-1.4136915988850167,-1.34626,-1.3351849468145627,-0.8370896119874192,-2.09562,-1.734312653259984,-1.4226315196006605,-3.156944172860644,-0.15755637061884942,-945338.2237130965,-1.636212653259984,-1.3740315196006607,-3.010244172860645,-0.06513170308351511,-418145.533796167,-1.6056126532599844,-1.3515315196006608,-2.9571441728606453,-0.030406318799825895,-214729.4233643705,-1.6425126532599845,-1.3551315196006608,-2.997644172860645,-0.05695291788058015,-442421.65667992283,-1.7469126532599846,-1.3848315196006609,-3.131744172860645,-0.1420465595617799,-1213790.692386601,-1.918812653259985,-1.440631519600661,-3.3594441728606457,-0.2766646622026248,-2600515.5789961414
Zeke Nnaji,DEN,2025,25,G,30,-2.1,0.7,-2.514413595199585,0.19218294322490692,-2.78625,-0.175819,-1.9410928546687558,-3.1353514244941696,-2.78625,0.4744834638047667,-0.004750605252368589,-0.175819,-2.620898093054308,0.0979712861841327,-2.5229268068701756,0.2789062925802155,1673437.755481293,-2.522798093054308,0.14657128618413262,-2.3762268068701755,0.39361716950178177,2527022.228201439,-2.4921980930543084,0.16907128618413259,-2.323126806870176,0.43640934123202196,3081922.767780539,-2.5290980930543085,0.16547128618413254,-2.363626806870176,0.4037101076581349,3136100.858309924,-2.6334980930543086,0.13577128618413248,-2.497726806870176,0.2982444095441219,2548504.4444427136,-2.805398093054309,0.0799712861841324,-2.7254268068701766,0.1290348285307828,1212865.709541321
Dereck Lively II,DAL,2025,25,G,30,0.8,1.1,-0.9416744112968445,1.4070667028427124,-0.409937,0.914614,0.9698894814430887,-1.1077236710283587,-0.409937,0.7425824876002232,1.4162614668327744,0.914614,-0.18259039652842332,1.0244859848109993,0.8418955882825759,4.207299610459148,25243797.66275489,-0.08449039652842338,1.073085984810999,0.9885955882825757,4.4402866426855585,28506640.246041287,-0.053890396528423645,1.0955859848109992,1.0416955882825756,4.525890428912643,31961838.20898109,-0.0907903965284238,1.0919859848109992,1.0011955882825754,4.460538269027603,34650353.381460235,-0.19519039652842385,1.0622859848109991,0.8670955882825753,4.246955103794438,36290316.301025555,-0.36709039652842423,1.006485984810999,0.6393955882825748,3.8941635148539477,36603275.62946702
Daeqwon Plowden,SAC,2025,25,G,30,-1.2,-2.0,-0.2937546372413635,-1.2447421550750732,-0.58506,-1.53158,-1.0376845434616313,-0.27240391213855064,-0.58506,-1.3351849468145627,-1.6854775844398815,-1.53158,-0.6317161518667272,-1.5174141770848149,-2.149130328951542,0.5813634117231817,3488180.4703390906,-0.5336161518667273,-1.4688141770848149,-2.002430328951542,0.7092135290214164,4553150.856317494,-0.5030161518667275,-1.446314177084815,-1.9493303289515425,0.75676162211499,5344250.575376061,-0.5399161518667277,-1.449914177084815,-1.9898303289515427,0.7204349908911026,5596483.096240264,-0.6443161518667277,-1.479614177084815,-2.123930328951543,0.602958576113755,5152293.09206356,-0.8162161518667281,-1.535414177084815,-2.3516303289515434,0.4133549594237472,3885339.034912621
Kennedy Chandler,UTA,2025,25,G,30,-2.3,-2.2,-1.4790167808532715,-0.8850103616714478,-1.44602,-1.55671,-2.1418502571592275,-1.800483356027134,-1.44602,-1.469234458712291,-1.264710398202899,-1.55671,-1.7961178710621206,-1.4302182856383967,-3.2263361567005173,-0.19947857311524675,-1196871.4386914806,-1.6980178710621208,-1.381618285638397,-3.0796361567005177,-0.10949308842337478,-702945.6276780661,-1.667417871062121,-1.359118285638397,-3.026536156700518,-0.07565059854314797,-534244.5269117111,-1.7043178710621212,-1.362718285638397,-3.067036156700518,-0.10152380358736422,-788657.211027363,-1.8087178710621212,-1.392418285638397,-3.2011361567005183,-0.18438776279202415,-1575597.1208131027,-1.9806178710621216,-1.4482182856383972,-3.428836156700519,-0.3152198945163269,-2962916.3333438956
Nikola Jovic,MIA,2025,25,G,30,-1.2,1.2,-1.2064460515975952,-0.17573677003383636,-1.70317,0.407878,-1.0376845434616313,-1.4490760908696823,-1.70317,0.8096072435490871,-0.43509494886533595,0.407878,-1.3966435447771044,0.2607967648945837,-1.1358467798825207,1.5696475507629175,9417885.304577505,-1.2985435447771045,0.30939676489458356,-0.989146779882521,1.7331153822650809,11126600.75414182,-1.2679435447771048,0.33189676489458353,-0.9360467798825213,1.7935557768189723,12666090.895895585,-1.304843544777105,0.3282967648945835,-0.9765467798825215,1.7473960343117918,13574121.873740863,-1.409243544777105,0.2985967648945834,-1.1106467798825217,1.5973610955075397,13649482.508333841,-1.5811435447771054,0.24279676489458335,-1.3383467798825222,1.3524735420470153,12712604.812888848
Dalen Terry,PHI,2025,25,G,30,-1.5,0.6,-1.512610673904419,0.9093684554100037,-3.39638,0.121375,-1.3388206471973394,-1.843793722167081,-3.39638,0.40745870785590266,0.8341191735816167,0.121375,-2.1929981231214737,0.4543176271458398,-1.738680495975634,0.9520430463926417,5712258.27835585,-2.0948981231214736,0.5029176271458395,-1.591980495975634,1.0943207983439973,7025539.525368463,-2.064298123121474,0.5254176271458396,-1.5388804959756341,1.1470911641034256,8100757.800898393,-2.101198123121474,0.5218176271458396,-1.5793804959756343,1.1067814435581245,8597699.609848225,-2.205598123121474,0.4921176271458395,-1.7134804959756345,0.9761165774720948,8340935.676830602,-2.3774981231214745,0.43631762714583944,-1.941180495975635,0.7641191474861367,7182354.73741719
Jared Mccain,OKC,2025,25,G,30,0.4,-0.3,-0.2253287136554718,-1.270688533782959,-0.0381447,-1.28519,0.5683746764621447,-0.18418693176485834,-0.0381447,-0.19576409568387387,-1.7158262635451134,-1.28519,0.11534768156576213,-1.0655934530763291,-0.950245771510567,1.7773277816484796,10663966.689890878,0.213447681565762,-1.0169934530763292,-0.8035457715105672,1.9473196346629107,12501792.054535888,0.24404768156576173,-0.9944934530763292,-0.7504457715105675,2.010121484856212,14195477.92605457,0.20714768156576158,-0.9980934530763292,-0.7909457715105677,1.9621606321155836,15242456.22240028,0.10274768156576153,-1.0277934530763293,-0.9250457715105678,1.8061620172050254,15433690.56025729,-0.06915231843423886,-1.0835934530763294,-1.1527457715105682,1.5511482217653367,14580051.835744167
Amir Coffey,PHX,2025,25,G,30,-0.8,0.1,-0.9328706860542297,-0.4528927803039551,-2.4799,-0.672064,-0.6361697384806875,-1.0963736151395516,-2.4799,0.07233492811158238,-0.7592757878360477,-0.672064,-1.4041477845400798,-0.4530016199081551,-1.8571494044482348,0.8409089509824338,5045453.705894602,-1.30604778454008,-0.4044016199081552,-1.7104494044482352,0.9790224275659464,6285323.984973377,-1.2754477845400802,-0.38190161990815524,-1.6573494044482355,1.0302854789284248,7275876.052192537,-1.3123477845400804,-0.3855016199081553,-1.6978494044482357,0.9911254049570678,7699260.370787495,-1.4167477845400804,-0.41520161990815535,-1.8319494044482358,0.8642671464158768,7385180.051466597,-1.5886477845400808,-0.4710016199081554,-2.059649404448236,0.6587332849456505,6191778.0039789155
Khaman Maluach,PHX,2025,25,G,30,-2.5,-0.3,-2.6850228309631348,1.7607747316360474,-3.26365,0.065694,-2.3426076596496994,-3.355306535279505,-3.26365,-0.19576409568387387,1.8299828413508523,0.065694,-2.9871880649764013,0.5666375818889928,-2.4205504830874087,0.3584149912948257,2150489.947768954,-2.8890880649764012,0.6152375818889928,-2.2738504830874087,0.47672447656752315,3060571.139563499,-2.8584880649764015,0.6377375818889929,-2.2207504830874085,0.5208192120567616,3678025.275544851,-2.8953880649764017,0.6341375818889928,-2.2612504830874087,0.4871264976497405,3784096.0590427145,-2.9997880649764017,0.6044375818889928,-2.395350483087409,0.37837127411046084,3233190.104699371,-3.171688064976402,0.5486375818889927,-2.6230504830874093,0.20357612307972128,1913518.2475625484
Devin Carter,SAC,2025,25,G,30,-0.8,-1.3,-0.45332247018814087,0.19090206921100616,-0.0578832,-0.318547,-0.6361697384806875,-0.47812407855572453,-0.0578832,-0.8660116551725144,-0.006248804090046467,-0.318547,-0.3907256723454707,-0.39693581975418696,-0.7876614920996576,1.9660352934514624,11796211.760708775,-0.29262567234547077,-0.3483358197541871,-0.6409614920996578,2.141742111841015,13749984.358019317,-0.26202567234547103,-0.32583581975418713,-0.5878614920996581,2.2066125691332865,15583097.963219272,-0.2989256723454712,-0.3294358197541872,-0.6283614920996583,2.1570739652154773,16756581.976586875,-0.40332567234547123,-0.35913581975418724,-0.7624614920996584,1.9958512408515876,17054588.770101637,-0.5752256723454716,-0.4149358197541873,-0.9901614920996589,1.731966977682416,16279661.709999384
Corey Kispert,ATL,2025,25,G,30,-0.5,-1.5,-0.30738943815231323,-1.447678804397583,-0.469865,-1.75009,-0.33503363474497944,-0.28998235173170583,-0.469865,-1.0000611670702426,-1.9228463255007684,-1.75009,-0.3649603288255618,-1.5576658308570037,-1.9226261596825656,0.7809290355771893,4685574.213463136,-0.266860328825562,-1.5090658308570037,-1.7759261596825657,0.9167409526840089,5885476.916231337,-0.23626032882556225,-1.4865658308570038,-1.722826159682566,0.9671709242359052,6830161.066953964,-0.2731603288255624,-1.4901658308570038,-1.7633261596825662,0.9286462501200772,7213909.800182785,-0.37756032882556245,-1.5198658308570039,-1.8974261596825663,0.8038918711005255,6869272.116391416,-0.5494603288255628,-1.575665830857004,-2.1251261596825666,0.6019303688180495,5657857.744173371
Guerschon Yabusele,CHI,2025,25,G,30,-0.8,-1.3,-0.8955605030059814,-0.5910574197769165,-0.452055,-0.994941,-0.6361697384806875,-1.0482720841229527,-0.452055,-0.8660116551725144,-0.9208827062527816,-0.994941,-0.7121656075345467,-0.927278453808432,-1.6394440613429788,1.0477237192393447,6286342.315436068,-0.614065607534547,-0.8786784538084321,-1.4927440613429792,1.193489709967112,7662203.93798886,-0.5834656075345472,-0.8561784538084322,-1.4396440613429795,1.2475226897621732,8810005.235100469,-0.6203656075345474,-0.8597784538084322,-1.4801440613429797,1.206249958511728,9370390.927710805,-0.7247656075345474,-0.8894784538084323,-1.6142440613429798,1.0723964569797761,9163649.172821328,-0.8966656075345478,-0.9452784538084323,-1.8419440613429803,0.8549847668071172,8036448.125268372
Caleb Martin,DAL,2025,25,G,30,-3.6,1.0,-2.3768739700317383,0.5531409382820129,-3.67666,0.65151,-3.4467733733472956,-2.958030757440161,-3.67666,0.6755577316513589,0.4174508312481573,0.65151,-3.3604880435958187,0.5815061876331721,-2.7789818559626465,0.09104130646254904,546247.8387752943,-3.262388043595819,0.6301061876331719,-2.6322818559626473,0.19675164689319055,1263145.5730542836,-3.2317880435958193,0.652606187633172,-2.579181855962647,0.23628595572180763,1668651.4193074058,-3.2686880435958194,0.649006187633172,-2.6196818559626474,0.20607153283559915,1600804.8813735018,-3.3730880435958195,0.6193061876331719,-2.7537818559626475,0.10883331899856633,929982.8875091295,-3.54498804359582,0.5635061876331718,-2.981481855962648,-0.046406104148492354,-436195.1968780453
Jeff Green,HOU,2025,25,G,30,-3.1,-1.9,-3.7979869842529297,-0.8903653025627136,-1.86558,-1.68556,-2.9448798671211156,-4.790177001355793,-1.86558,-1.2681601908656988,-1.27097390744117,-1.68556,-3.2002122894923026,-1.4082313661022896,-4.608443655594592,-0.7941154040945222,-4764692.424567133,-3.102112289492303,-1.3596313661022896,-4.461743655594592,-0.752712085707379,-4832411.5902413735,-3.0715122894923033,-1.3371313661022897,-4.408643655594593,-0.7364545517288631,-5200842.044309232,-3.1084122894923034,-1.3407313661022897,-4.449143655594593,-0.7489155022717737,-5817725.404747594,-3.2128122894923035,-1.3704313661022898,-4.583243655594593,-0.787369996572111,-6728092.368108623,-3.384712289492304,-1.4262313661022898,-4.810943655594594,-0.8427954529890761,-7921874.401870789
Thanasis Antetokounmpo,MIL,2025,25,G,30,-4.4,-0.7,-2.639402389526367,1.5242317914962769,-4.44046,-0.300939,-4.249802983309184,-3.296491142282803,-4.44046,-0.46386311947933007,1.5533058581875645,-0.300939,-3.995584708530662,0.2628345795694114,-3.732750128961251,-0.47048685483931996,-2822921.12903592,-3.897484708530662,0.31143457956941134,-3.5860501289612507,-0.3983022198202095,-2557100.2512457455,-3.8668847085306624,0.3339345795694112,-3.532950128961251,-0.37090298227552054,-2619316.8608297263,-3.9037847085306625,0.33033457956941115,-3.5734501289612512,-0.39186184231805465,-3044061.163495113,-4.0081847085306626,0.3006345795694111,-3.7075501289612514,-0.4584538591838102,-3917497.395802843,-4.1800847085306625,0.24483457956941101,-3.9352501289612514,-0.5616564512319877,-5279302.169796998
Moussa Cisse,DAL,2025,25,G,30,-2.0,0.1,-1.8218152523040771,0.9697586894035339,-2.46949,-0.421839,-1.8407141534235196,-2.2424305661389248,-2.46949,0.07233492811158238,0.9047557681212046,-0.421839,-2.1842115731874814,0.18508389874426232,-1.9991276744432191,0.7121511686823132,4272907.012093879,-2.0861115731874813,0.2336838987442622,-1.852427674443219,0.8452739973386043,5426659.06291384,-2.0555115731874816,0.2561838987442622,-1.7993276744432194,0.8947306178562593,6318587.623300904,-2.0924115731874817,0.2525838987442621,-1.8398276744432196,0.8569483301224798,6656946.01805745,-2.1968115731874818,0.22288389874426207,-1.9739276744432197,0.7346520749012644,6277616.673072803,-2.368711573187482,0.167083898744262,-2.20162767444322,0.5368644338334133,5046269.0568347145
Killian Hayes,SAC,2025,25,G,30,-2.2,-0.9,-1.8841404914855957,0.2756436765193939,-2.46149,0.0398679,-2.0414715559139918,-2.322782340927323,-2.46149,-0.5979126313770582,0.09287084092932607,0.0398679,-2.275247965613772,-0.15505796348257736,-2.4303059290963493,0.35073035188179313,2104382.111290759,-2.1771479656137718,-0.10645796348257752,-2.2836059290963493,0.46869692554974024,3009034.262029332,-2.146547965613772,-0.08395796348257756,-2.2305059290963496,0.5126675396605713,3620458.165082955,-2.183447965613772,-0.0875579634825776,-2.27100592909635,0.479069494101488,3721507.6440791804,-2.2878479656137722,-0.11725796348257767,-2.40510592909635,0.3706277296364887,3167021.3622983904,-2.4597479656137726,-0.17305796348257774,-2.6328059290963504,0.19636482790637425,1845735.5199321792
Jordan Poole,NOP,2025,25,G,30,-0.9,-2.0,-0.4874993860721588,-1.3755512237548828,0.0635702,-1.46311,-0.7365484397259235,-0.5221860971558707,0.0635702,-1.3351849468145627,-1.8384809185125182,-1.46311,-0.3983881122939314,-1.5455919551090271,-1.9439800674029586,0.7615899493203229,4569539.695921937,-0.3002881122939316,-1.4969919551090274,-1.797280067402959,0.8966512597652451,5756501.087692874,-0.26968811229393186,-1.4744919551090274,-1.7441800674029593,0.9468095393352274,6686368.966785377,-0.306588112293932,-1.4780919551090275,-1.7846800674029595,0.9084920879174692,7057348.237360485,-0.41098811229393206,-1.5077919551090275,-1.9187800674029596,0.7844238462759712,6702917.454905101,-0.5828881122939324,-1.5635919551090276,-2.14648006740296,0.583627396051532,5485818.548989091
Mac Mcclung,CHI,2025,25,G,30,-3.1,-2.5,-1.6766952276229858,-0.04941640421748161,-1.24808,-1.19785,-2.9448798671211156,-2.0553369954828886,-1.24808,-1.6703087265588834,-0.287341912120716,-1.19785,-2.082765620868001,-1.0518335462265334,-3.1345991670945343,-0.14381136207421072,-862868.1724452643,-1.9846656208680014,-1.0032335462265336,-2.987899167094535,-0.050601250000678194,-324860.025004354,-1.9540656208680016,-0.9807335462265336,-2.9347991670945355,-0.015591563706229918,-110107.6228933957,-1.9909656208680018,-0.9843335462265337,-2.9752991670945352,-0.04235500330366517,-329022.13666353194,-2.0953656208680016,-1.0140335462265337,-3.1093991670945353,-0.1281666280289846,-1095186.399840234,-2.267265620868002,-1.0698335462265338,-3.337099167094536,-0.26400385624138833,-2481510.0548257683
Dariq Whitehead,MEM,2025,25,G,30,-2.2,-2.2,-1.4049711227416992,-1.1941348314285278,-2.18174,-1.69294,-2.0414715559139918,-1.7050212266751452,-2.18174,-1.469234458712291,-1.6262837584722971,-1.69294,-1.976077594196379,-1.5961527390615293,-3.5722303332579086,-0.3912363350430038,-2347418.0102580227,-1.8779775941963792,-1.5475527390615293,-3.4255303332579086,-0.3134093028758416,-2012087.7244629033,-1.8473775941963795,-1.5250527390615294,-3.372430333257909,-0.283967725259159,-2005380.0757801812,-1.8842775941963796,-1.5286527390615294,-3.412930333257909,-0.3064843023057566,-2380831.357171579,-1.9886775941963797,-1.5583527390615295,-3.547030333257909,-0.37823409325163315,-3232017.8915170715,-2.16057759419638,-1.6141527390615296,-3.7747303332579096,-0.49019451645598894,-4607594.141707432
Gabe Vincent,ATL,2025,25,G,30,-0.9,-0.8,-1.3628307580947876,-0.6820439696311951,-1.58671,-0.797409,-0.7365484397259235,-1.650692464618606,-1.58671,-0.5308878754281942,-1.0273068680021997,-0.797409,-1.3246503014481765,-0.7852012478101313,-2.109851549258308,0.6150896518382806,3690537.9110296834,-1.2265503014481767,-0.7366012478101315,-1.963151549258308,0.7443204491551318,4778537.283575946,-1.195950301448177,-0.7141012478101315,-1.9100515492583083,0.7923682975928674,5595704.917600831,-1.232850301448177,-0.7177012478101316,-1.9505515492583085,0.7556604970386872,5870121.8730959315,-1.3372503014481771,-0.7474012478101316,-2.0846515492583086,0.636921988256592,5442511.128092346,-1.5091503014481775,-0.8032012478101317,-2.312351549258309,0.44517535288738097,4184435.523322702
Julian Phillips,MIN,2025,25,G,30,-0.2,0.2,-0.5673441290855408,-0.4040640890598297,-2.31816,-0.798002,-0.03389753100927151,-0.6251245999663216,-2.31816,0.1393596840604464,-0.7021623733445668,-0.798002,-0.9923940436585311,-0.4536015630947068,-1.4459956067532378,1.2410239730770776,7446143.838462465,-0.8942940436585313,-0.4050015630947069,-1.2992956067532382,1.3935898292276083,8946846.703641245,-0.8636940436585315,-0.38250156309470695,-1.2461956067532385,1.450084110003915,10240493.98484765,-0.9005940436585317,-0.386101563094707,-1.2866956067532387,1.4069341152931978,10929345.594420621,-1.0049940436585318,-0.41580156309470706,-1.4207956067532388,1.266864785859456,10825384.932464771,-1.1768940436585322,-0.47160156309470713,-1.6484956067532393,1.03889870334349,9765151.21784861
Pat Spencer,GSW,2025,25,G,30,-1.1,-2.5,-1.4172905683517456,-0.6095036268234253,-0.804857,-1.47969,-0.9373058422163956,-1.7209038663918315,-0.804857,-1.6703087265588834,-0.9424586658371925,-1.47969,-1.1543555695360757,-1.3641524641320253,-2.518508033668101,0.28228619408078154,1693717.1644846892,-1.0562555695360758,-1.3155524641320255,-2.3718080336681013,0.39715239435797456,2549718.3717781967,-1.025655569536076,-1.2930524641320256,-2.3187080336681016,0.4400007874255275,3107285.5607990758,-1.0625555695360762,-1.2966524641320256,-2.359208033668102,0.4072586731706393,3163666.8249241603,-1.1669555695360763,-1.3263524641320257,-2.493308033668102,0.30165099235731063,2577613.7627130677,-1.3388555695360767,-1.3821524641320257,-2.7210080336681024,0.13220032662634093,1242619.8785314779
Yanic Konan Niederhauser,LAC,2025,25,G,30,-2.1,-0.3,-1.6815085411071777,0.7672679424285889,-2.18679,-0.824013,-1.9410928546687558,-2.061542479587672,-2.18679,-0.19576409568387387,0.6679085852866453,-0.824013,-2.0631417780854755,-0.11728950346574285,-2.1804312815512183,0.5547519092699652,3328511.455619791,-1.9650417780854756,-0.06868950346574298,-2.0337312815512187,0.6815017734504711,4375241.385552025,-1.934441778085476,-0.04618950346574302,-1.980631281551219,0.7286516154155417,5145737.708064555,-1.971341778085476,-0.04978950346574307,-2.0211312815512192,0.6926287350523772,5380478.5396338785,-2.075741778085476,-0.07948950346574313,-2.155231281551219,0.5761580731249785,4923282.258014405,-2.2476417780854763,-0.1352895034657432,-2.3829312815512194,0.3882622112741429,3649479.1966399555
Kyle Anderson,MIN,2025,25,G,30,-3.3,2.0,-2.4673781394958496,1.169089436531067,-3.15942,0.729448,-3.145637269611588,-3.0747117479616977,-3.15942,1.3458052911399994,1.1379067965743994,0.729448,-3.126589672524428,1.0710533625714664,-2.055536309952962,0.6623358011775446,3974014.807065268,-3.0284896725244286,1.1196533625714664,-1.9088363099529622,0.7934758219020723,5094114.776611305,-2.997889672524429,1.1421533625714666,-1.8557363099529622,0.8422147389352244,5947720.4863605555,-3.034789672524429,1.1385533625714666,-1.8962363099529624,0.804979852164201,6253244.487581948,-3.139189672524429,1.1088533625714665,-2.0303363099529625,0.6844961023530031,5849032.88452846,-3.3110896725244294,1.0530533625714664,-2.258036309952963,0.48978607114242945,4603754.950996833
Tyler Burton,MEM,2025,25,G,30,-3.4,-2.0,-1.7107980251312256,-0.6284183859825134,-1.77586,-0.108496,-3.246015970856824,-2.0993034582036443,-1.77586,-1.3351849468145627,-0.964582676379652,-0.108496,-2.3737264763534895,-0.8027545410647382,-3.1764810174182276,-0.16947597521888408,-1016855.8513133045,-2.27562647635349,-0.7541545410647383,-3.0297810174182285,-0.0777380431452458,-499078.236992478,-2.24502647635349,-0.7316545410647384,-2.9766810174182288,-0.04326123182008403,-305510.8191134335,-2.2819264763534903,-0.7352545410647384,-3.0171810174182285,-0.06961824135619901,-540808.4225032253,-2.3863264763534904,-0.7649545410647385,-3.1512810174182286,-0.1540841309895909,-1316651.9809886743,-2.5582264763534908,-0.8207545410647386,-3.378981017418229,-0.28763631907945886,-2703643.909186394
Ben Sheppard,IND,2025,25,G,30,-0.4,-0.9,-0.7042723894119263,-0.6976619362831116,-1.59328,-0.973614,-0.23465493349974342,-0.8016570750984096,-1.59328,-0.5979126313770582,-1.0455747220072433,-0.973614,-0.8765306695327176,-0.872367117794767,-1.7488977873274847,0.9423258333797415,5653955.000278449,-0.7784306695327178,-0.8237671177947672,-1.6021977873274849,1.0842444394990716,6960849.30158404,-0.7478306695327182,-0.8012671177947672,-1.5490977873274854,1.1368848076873974,8028680.511888402,-0.7847306695327183,-0.8048671177947673,-1.5895977873274856,1.0966742378319192,8519184.814325916,-0.8891306695327184,-0.8345671177947673,-1.7236977873274857,0.966337670696638,8257374.72285619,-1.0610306695327187,-0.8903671177947674,-1.9513977873274861,0.7548976879223518,7095677.425375282
Kobe Brown,IND,2025,25,G,30,-1.6,-3.1,-0.14522814750671387,-0.836739718914032,-1.41354,-1.49162,-1.4391993484425756,-0.08091861324524452,-1.41354,-2.072457262252068,-1.2082497158186223,-1.49162,-0.9778859872292734,-1.590775659356897,-2.5686616465861705,0.24419870605236765,1465192.236314206,-0.8797859872292736,-1.542175659356897,-2.4219616465861704,0.35730196736459785,2293878.6304807183,-0.8491859872292739,-1.519675659356897,-2.3688616465861707,0.39951224142029257,2821355.448910107,-0.8860859872292739,-1.523275659356897,-2.409361646586171,0.36725682810665194,2852924.4920980944,-0.990485987229274,-1.552975659356897,-2.543461646586171,0.26326066818767685,2249567.6748770634,-1.1623859872292743,-1.6087756593568971,-2.7711616465861715,0.0965463433041657,907489.4779070584
Chaz Lanier,DET,2025,25,G,30,-2.8,-1.3,-1.7156327962875366,-1.2657389640808105,-1.68438,-0.803439,-2.643743763385408,-2.1055366062542102,-1.68438,-0.8660116551725144,-1.7100369044869328,-0.803439,-2.1445534565465394,-1.1264958532198157,-3.2710493097663553,-0.22588015786821342,-1355280.9472092804,-2.0464534565465398,-1.077895853219816,-3.1243493097663557,-0.1374663756958585,-882534.1319674117,-2.01585345654654,-1.055395853219816,-3.071249309766356,-0.10419278427361525,-735809.442540271,-2.05275345654654,-1.058995853219816,-3.111749309766356,-0.12963208371428336,-1007007.9527092963,-2.1571534565465402,-1.088695853219816,-3.2458493097663563,-0.21105933325386445,-1803506.2238409373,-2.3290534565465406,-1.1444958532198162,-3.473549309766357,-0.3394519512515586,-3190686.083731954
Tre Johnson,WAS,2025,25,G,30,-0.3,-0.8,-1.2905659675598145,-1.7603172063827515,-0.640619,-1.29285,-0.13427623225450747,-1.5575262890779793,-0.640619,-0.5308878754281942,-2.2885298239435286,-1.29285,-0.7774738404441622,-1.3707558997905742,-2.1482297402347363,0.5821325503099715,3492795.3018598286,-0.6793738404441625,-1.3221558997905745,-2.001529740234737,0.710014324010364,4558291.960146538,-0.6487738404441628,-1.2996558997905745,-1.9484297402347373,0.757573875556253,5349986.70917826,-0.6856738404441629,-1.3032558997905745,-1.9889297402347375,0.721238504834838,5602724.95325799,-0.790073840444163,-1.3329558997905746,-2.1230297402347373,0.603733152610118,5158911.863716512,-0.9619738404441633,-1.3887558997905747,-2.350729740234738,0.4140804005228933,3892157.834483749
Caris Levert,DET,2025,25,G,30,-0.4,0.8,-2.6833488941192627,0.060165368020534515,-2.38384,0.221892,-0.23465493349974342,-3.3531484401312923,-2.38384,0.5415082197536308,-0.15916749214189183,0.221892,-1.9905477912103453,0.201410909203913,-1.7891368820064324,0.9042994560787103,5425796.736472262,-1.8924477912103455,0.2500109092039129,-1.6424368820064326,1.0448036263519078,6707639.281179248,-1.8618477912103457,0.27251090920391285,-1.5893368820064329,1.0969320208290567,7746533.931094799,-1.8987477912103459,0.2689109092039128,-1.629836882006433,1.057111939397358,8211856.967626559,-2.003147791210346,0.23921090920391275,-1.7639368820064332,0.9280683228208109,7930362.379870287,-2.1750477912103463,0.18341090920391268,-1.9916368820064336,0.7188237527402153,6756599.6780042155
Malevy Leons,GSW,2025,25,G,30,-2.8,-2.6,-2.08866810798645,0.04072755202651024,-2.0024,-0.624822,-2.643743763385408,-2.586466158188272,-2.0024,-1.7373334825077473,-0.1819033061354608,-0.624822,-2.4108699738578934,-0.8480195962144027,-3.258889570072296,-0.21874767197713108,-1312486.0318627865,-2.3127699738578933,-0.7994195962144028,-3.112189570072296,-0.12990646538481415,-833999.5077705069,-2.2821699738578936,-0.7769195962144029,-3.059089570072296,-0.09647816205595908,-681328.780439183,-2.3190699738578937,-0.7805195962144029,-3.099589570072297,-0.12203546210336609,-947995.8767113686,-2.4234699738578938,-0.810219596214403,-3.233689570072297,-0.20385342476303445,-1741931.5916686251,-2.595369973857894,-0.866019596214403,-3.4613895700722974,-0.3329094683941652,-3129189.872179262
Nique Clifford,SAC,2025,25,G,30,-1.1,-0.1,-1.6191675662994385,-0.19476646184921265,-1.90072,0.227581,-0.9373058422163956,-1.9811704179057006,-1.90072,-0.06171458378614578,-0.4573533925918506,0.227581,-1.606398753374032,-0.09716232545933212,-1.7035610788333642,0.9856343210509809,5913805.926305885,-1.5082987533740322,-0.048562325459332256,-1.5568610788333643,1.1291465481538694,7249120.839147842,-1.4776987533740324,-0.02606232545933229,-1.5037610788333646,1.1823637484773482,8349852.791747034,-1.5145987533740326,-0.02966232545933234,-1.5442610788333648,1.1417132219086181,8869056.65043053,-1.6189987533740327,-0.0593623254593324,-1.678361078833365,1.0099199092116788,8629785.822611984,-1.790898753374033,-0.11516232545933247,-1.9060610788333654,0.7960063920273304,7482079.5940015195
Jamison Battle,TOR,2025,25,G,30,-0.2,-0.7,-1.2177793979644775,-0.8697432279586792,-2.17104,-1.30745,-0.03389753100927151,-1.4636874185890738,-2.17104,-0.46386311947933007,-1.24685290266867,-1.30745,-1.2228749831994483,-1.006055340716,-2.2289303239154483,0.5139825747855505,3083895.448713303,-1.1247749831994485,-0.9574553407160001,-2.0822303239154487,0.6390276594582077,4102557.573721694,-1.0941749831994487,-0.9349553407160002,-2.029130323915449,0.6855604339940565,4841427.7848660275,-1.1310749831994489,-0.9385553407160002,-2.069630323915449,0.6500081982802987,5049393.685881016,-1.235474983199449,-0.9682553407160003,-2.2037303239154493,0.535095893080933,4572405.108294436,-1.4073749831994493,-1.0240553407160005,-2.4314303239154498,0.34984610003675937,3288386.1139097223
Nicolas Batum,LAC,2025,25,G,30,-0.9,1.0,-2.3579907417297363,0.7369167804718018,-2.14713,0.189355,-0.7365484397259235,-2.9336858703971878,-2.14713,0.6755577316513589,0.632407767038837,0.189355,-1.9391214367077039,0.499106832896732,-1.4400146038109718,1.2471432959633406,7482859.775780044,-1.841021436707704,0.5477068328967318,-1.2933146038109722,1.399919389074341,8987482.477857271,-1.8104214367077043,0.5702068328967317,-1.2402146038109727,1.4564897678915538,10285730.740850154,-1.8473214367077044,0.5666068328967316,-1.280714603810973,1.4132817323021793,10978655.15286979,-1.9517214367077045,0.5369068328967316,-1.414814603810973,1.2730202230702166,10877983.266539466,-2.1236214367077046,0.4811068328967315,-1.642514603810973,1.0447278218364666,9819942.145363951
Keaton Wallace,ATL,2025,25,G,30,-2.2,-0.1,-1.7898943424224854,-0.5419007539749146,-1.76183,-0.307781,-2.0414715559139918,-2.201277065638489,-1.76183,-0.06171458378614578,-0.8633856700342096,-0.307781,-2.00152620718416,-0.4109604179401185,-2.412486625124279,0.36478433425047624,2188706.0055028573,-1.9034262071841603,-0.36236041794011864,-2.265786625124279,0.48337727047683404,3103282.076461275,-1.8728262071841606,-0.3398604179401187,-2.212686625124279,0.5275746047775199,3725731.8589388463,-1.9097262071841608,-0.3434604179401187,-2.2531866251242794,0.49380363703973407,3835965.413252063,-2.0141262071841606,-0.3731604179401188,-2.3872866251242795,0.38478930802747585,3288032.3328809426,-2.186026207184161,-0.42896041794011885,-2.61498662512428,0.20955419938154615,1969709.30727923
Kevin Mccullar Jr.,NYK,2025,25,G,30,-3.5,-1.4,-1.6088942289352417,-0.13109976053237915,-2.38062,-0.722641,-3.3463946721020594,-1.9679256891079655,-2.38062,-0.9330364111213785,-0.3828844152556805,-0.722641,-2.5649801204033413,-0.679520608792353,-3.2445007291956944,-0.21026190594632274,-1261571.4356779365,-2.4668801204033413,-0.6309206087923531,-3.0978007291956944,-0.1209149202731755,-776273.7881537868,-2.4362801204033415,-0.6084206087923532,-3.0447007291956947,-0.08730354353469445,-616537.6244420123,-2.4731801204033417,-0.6120206087923532,-3.085200729195695,-0.11300047584368028,-877810.2964488773,-2.5775801204033417,-0.6417206087923533,-3.219300729195695,-0.19528077643613173,-1668678.1402622748,-2.749480120403342,-0.6975206087923533,-3.4470007291956954,-0.32512186367125084,-3055990.110258924
Maxime Raynaud,SAC,2025,25,G,30,-1.6,-2.4,-1.1260581016540527,-0.5887432098388672,-0.499428,-2.16445,-1.4391993484425756,-1.3454372675873172,-0.499428,-1.603283970610019,-0.9181758462480498,-2.16445,-1.0946882053432976,-1.5619699389526895,-2.656658144295987,0.17882913828723868,1072974.829723432,-0.9965882053432977,-1.5133699389526898,-2.5099581442959877,0.28883925345172473,1854348.007160073,-0.965988205343298,-1.4908699389526898,-2.456858144295988,0.3299299224600762,2329965.1124130585,-1.0028882053432981,-1.4944699389526899,-2.497358144295988,0.2985284451994947,2319028.667998715,-1.1072882053432982,-1.52416993895269,-2.631458144295988,0.1973597624339778,1686443.1171935895,-1.2791882053432986,-1.57996993895269,-2.8591581442959884,0.03544645580432675,333179.74115479714
Tyrese Martin,PHI,2025,25,G,30,-1.7,-0.8,-1.4135942459106445,-0.350694477558136,-1.99685,-0.772847,-1.5395780496878113,-1.716138444353616,-1.99685,-0.5308878754281942,-0.6397375844493236,-0.772847,-1.7508554980138091,-0.6478241532925059,-2.398679651306315,0.3757261293789029,2254356.7762734173,-1.6527554980138093,-0.599224153292506,-2.251979651306315,0.4948043916010504,3176644.1940787435,-1.6221554980138095,-0.576724153292506,-2.1988796513063154,0.5391773960474507,3807670.770887098,-1.6590554980138097,-0.5803241532925061,-2.239379651306316,0.5052724426053052,3925057.388646533,-1.7634554980138097,-0.6100241532925061,-2.373479651306316,0.39581447203861453,3382242.579859403,-1.9353554980138101,-0.6658241532925062,-2.6011796513063166,0.21982606598817628,2066259.9434293152
Terrence Shannon Jr.,MIN,2025,25,G,30,-1.2,-2.4,-0.37981027364730835,-1.436306118965149,-0.762423,-0.922758,-1.0376845434616313,-0.38334970563360676,-0.762423,-1.603283970610019,-1.9095440460328135,-0.922758,-0.727819083031746,-1.4785286722142776,-2.2063477552460236,0.5328958488782162,3197375.093269297,-0.6297190830317463,-1.4299286722142779,-2.059647755246024,0.6587347286120852,4229076.957689587,-0.5991190830317465,-1.407428672214278,-2.0065477552460242,0.7055548277406425,4982628.193504418,-0.6360190830317467,-1.411028672214278,-2.047047755246025,0.6697834461510899,5203011.766390897,-0.7404190830317467,-1.440728672214278,-2.181147755246025,0.554145524607426,4735184.590680949,-0.9123190830317471,-1.496528672214278,-2.4088477552460255,0.36766364475045094,3455862.5174320503
Derik Queen,NOP,2025,25,G,30,-1.3,-2.0,-0.9219388961791992,0.40791353583335876,-1.52206,-1.37416,-1.1380632447068675,-1.0822799874277622,-1.52206,-1.3351849468145627,0.24758281676253469,-1.37416,-1.2474677440448765,-0.8205873766840094,-2.0680551207288858,0.6513836178092322,3908301.706855393,-1.1493677440448766,-0.7719873766840095,-1.9213551207288861,0.7820835924826817,5020976.663738817,-1.1187677440448769,-0.7494873766840096,-1.8682551207288864,0.8306632290433573,5866143.72350419,-1.155667744044877,-0.7530873766840096,-1.9087551207288866,0.7935498273784604,6164453.769041357,-1.260067744044877,-0.7827873766840097,-2.0428551207288868,0.6734683282519897,5754800.334279818,-1.4319677440448775,-0.8385873766840097,-2.270555120728887,0.47944131330474565,4506519.172116851
Jevon Carter,ORL,2025,25,G,30,-1.0,-0.7,-0.9509541988372803,0.09017227590084076,-1.91058,-0.856267,-0.8369271409711595,-1.1196874822920688,-1.91058,-0.46386311947933007,-0.12406933727209893,-0.856267,-1.289064874421076,-0.48139981891714295,-1.7704646933382189,0.9218966295826558,5531379.777495935,-1.1909648744210761,-0.4327998189171431,-1.6237646933382193,1.063057141982553,6824826.85152799,-1.1603648744210764,-0.4102998189171431,-1.5706646933382196,1.115423108149735,7877117.98975343,-1.1972648744210765,-0.41389981891714317,-1.6111646933382198,1.075421827971401,8354091.844047438,-1.3016648744210766,-0.44359981891714323,-1.7452646933382199,0.9457782422115516,8081693.995262554,-1.473564874421077,-0.4993998189171433,-1.9729646933382203,0.7355149325109852,6913488.789465523
Sidy Cissoko,POR,2025,25,G,30,-1.5,0.8,-1.050695538520813,1.1080396175384521,-2.97078,0.282064,-1.3388206471973394,-1.2482773404072196,-2.97078,0.5415082197536308,1.066498705800011,0.282064,-1.8526259958681865,0.630023641851214,-1.2226023540169726,1.475402281026588,8852413.686159529,-1.7545259958681867,0.6786236418512137,-1.075902354016973,1.6358205858212886,10501968.160972673,-1.723925995868187,0.7011236418512138,-1.022802354016973,1.6951571639595955,11971199.891882664,-1.760825995868187,0.6975236418512137,-1.0633023540169733,1.6498393153287088,12816281.769336479,-1.8652259958681872,0.6678236418512137,-1.1974023540169734,1.5025919806926278,12839678.526858123,-2.0371259958681875,0.6120236418512136,-1.4251023540169738,1.2624377416921535,11866311.326665716
Jarace Walker,IND,2025,25,G,30,-2.4,-1.9,-0.8510773777961731,-0.7957585453987122,-2.09233,-1.00625,-2.2422289584044637,-0.9909229570970186,-2.09233,-1.2681601908656988,-1.1603153008324463,-1.00625,-1.775160638500494,-1.144908497232715,-2.9200691357332094,-0.005760114705456365,-34560.68823273819,-1.6770606385004942,-1.096308497232715,-2.7733691357332093,0.09499089680556175,609841.5574917065,-1.6464606385004945,-1.073808497232715,-2.7202691357332096,0.1327301111172591,937340.0447100837,-1.6833606385004947,-1.0774084972327151,-2.76076913573321,0.10388482811683689,806998.1217772125,-1.7877606385004947,-1.1071084972327152,-2.89486913573321,0.011179988568294918,95533.22591585145,-1.959660638500495,-1.1629084972327153,-3.1225691357332104,-0.13636182588756737,-1281735.9823903593
Bradley Beal,LAC,2025,25,G,30,-1.1,-1.9,-0.549903392791748,-0.8577551245689392,-0.37994,-0.738692,-0.9373058422163956,-0.6026394216785786,-0.37994,-1.2681601908656988,-1.2328307877927709,-0.738692,-0.639961754631658,-1.0798943262194898,-1.7198560808511478,0.9700116099618828,5820069.659771297,-0.5418617546316582,-1.03129432621949,-1.5731560808511482,1.1129510549196788,7145145.772584339,-0.5112617546316585,-1.00879432621949,-1.5200560808511485,1.16596092919064,8234016.081944301,-0.5481617546316586,-1.01239432621949,-1.5605560808511487,1.1254685326619662,8742864.655424688,-0.6525617546316587,-1.0420943262194902,-1.6946560808511488,0.9941988060976568,8495448.682080602,-0.824461754631659,-1.0978943262194902,-1.9223560808511493,0.7811743311385124,7342665.311371736
Alijah Martin,TOR,2025,25,G,30,-3.4,-1.6,-1.91450035572052,0.300703763961792,-2.05742,-0.53564,-3.246015970856824,-2.36192328937208,-2.05742,-1.0670859230191065,0.12218285247054533,-0.53564,-2.5551197534096346,-0.4935143568495204,-3.048634110259155,-0.08981647457178421,-538898.8474307052,-2.457019753409635,-0.4449143568495205,-2.9019341102591554,0.006415376904011594,41186.71972375444,-2.4264197534096352,-0.42241435684952056,-2.8488341102591557,0.042518821632408076,300267.9183680659,-2.4633197534096354,-0.4260143568495206,-2.889334110259156,0.014921159500605486,115910.55123260355,-2.5677197534096354,-0.45571435684952066,-3.023434110259156,-0.07365266872739636,-629363.5273289765,-2.739619753409636,-0.5115143568495207,-3.2511341102591564,-0.21418008141079803,-2013190.3871825875
Cam Whitmore,WAS,2025,25,G,30,0.0,-2.1,-0.6737995743751526,-0.5900267958641052,-1.10082,-0.933649,0.16685987148120063,-0.7623705067168249,-1.10082,-1.402209702763427,-0.9196772172417628,-0.933649,-0.5654435450785414,-1.08517864000173,-1.6506221850802714,1.0368281939703066,6220969.16382184,-0.4673435450785417,-1.0365786400017303,-1.503922185080272,1.182201264851525,7589732.120346791,-0.43674354507854196,-1.0140786400017303,-1.4508221850802723,1.2360920221254423,8729281.860249875,-0.4736435450785421,-1.0176786400017304,-1.4913221850802725,1.194927765679259,9282437.869349623,-0.5780435450785422,-1.0473786400017304,-1.6254221850802726,1.0614334362769748,9069969.941655478,-0.7499435450785426,-1.1031786400017305,-1.853122185080273,0.8446316155593896,7939133.452346028
Cam Christie,LAC,2025,25,G,30,-1.7,0.6,-2.1309430599212646,-0.40636929869651794,-2.72276,0.250352,-1.5395780496878113,-2.6409684346603024,-2.72276,0.40745870785590266,-0.7048587059743252,0.250352,-2.301102161449371,-0.015682666039474175,-2.316784827488845,0.441565372921142,2649392.237526852,-2.203002161449371,0.03291733396052565,-2.170084827488845,0.5635223026517001,3617813.1830239147,-2.172402161449371,0.05541733396052562,-2.1169848274888454,0.6089372787729245,4300315.062694393,-2.2093021614493713,0.05181733396052557,-2.1574848274888456,0.5742376011720157,4460792.533424454,-2.3137021614493714,0.02211733396052551,-2.2915848274888457,0.4621482106129734,3949065.702652071,-2.4856021614493717,-0.03368266603947456,-2.519284827488846,0.28169168873659817,2647767.225496808
Omer Yurtseven,GSW,2025,25,G,30,-3.7,-1.7,-2.1139016151428223,0.34521937370300293,-2.63006,-0.856895,-3.547152074592532,-2.618998036296996,-2.63006,-1.1341106789679705,0.17425138852406213,-0.856895,-2.9320700369631756,-0.6055847634813027,-3.5376548004444786,-0.3733578383434828,-2240147.0300608966,-2.8339700369631755,-0.5569847634813029,-3.3909548004444785,-0.2943154489869845,-1889505.1824964404,-2.8033700369631758,-0.5344847634813029,-3.337854800444479,-0.26443395680483683,-1867432.602955758,-2.840270036963176,-0.538084763481303,-3.378354800444479,-0.28728606190983924,-2231695.5861280137,-2.944670036963176,-0.567784763481303,-3.512454800444479,-0.36014682353799227,-3077461.8100686157,-3.1165700369631764,-0.6235847634813031,-3.7401548004444796,-0.4739936600484971,-4455313.835486371
Chris Paul,TOR,2025,25,G,30,-0.4,-1.3,-1.6575254201889038,-0.10166603326797485,-1.03231,-0.864205,-0.23465493349974342,-2.030622641075131,-1.03231,-0.8660116551725144,-0.3484566920780012,-0.864205,-1.0991958581916246,-0.6928911157501719,-1.7920869739417964,0.9015268520704843,5409161.112422906,-1.0010958581916247,-0.6442911157501721,-1.6453869739417968,1.0419273242904312,6689173.421944569,-0.970495858191625,-0.6217911157501721,-1.592286973941797,1.0940181838894099,7725956.414627014,-1.0073958581916251,-0.6253911157501721,-1.6327869739417973,1.054226730754621,8189444.089848047,-1.1117958581916252,-0.6550911157501722,-1.7668869739417974,0.9252779056500633,7906518.209337906,-1.2836958581916256,-0.7108911157501723,-1.9945869739417978,0.716194290216537,6731883.9871647265
Jae'sean Tate,HOU,2025,25,G,30,-2.2,0.6,-1.7682271003723145,0.14172059297561646,-2.54845,-0.220443,-2.0414715559139918,-2.1733429353188205,-2.54845,0.40745870785590266,-0.06377486030751,-0.220443,-2.254421497077604,0.041080282516130884,-2.2133412145614733,0.5270256498844375,3162153.8993066247,-2.156321497077604,0.0896802825161307,-2.066641214561473,0.6526187040195158,4189812.079805292,-2.1257214970776044,0.11218028251613066,-2.0135412145614735,0.6993498233301065,4938808.452357213,-2.1626214970776045,0.10858028251613061,-2.054041214561474,0.6636463077034093,5155337.247501625,-2.2670214970776046,0.07888028251613055,-2.1881412145614743,0.5482330979034253,4684662.78624673,-2.438921497077605,0.02308028251613048,-2.4158412145614747,0.36213277557095375,3403874.990900244
Caleb Love,POR,2025,25,G,30,-1.4,-1.2,-1.2935384511947632,-1.8864402770996094,-0.954442,-1.08175,-1.2384419459521034,-1.5613585140117974,-0.954442,-0.7989868992236504,-2.4360520906939582,-1.08175,-1.2514141533213003,-1.4389296633058695,-2.69034381662717,0.15429628655492755,925777.7193295653,-1.1533141533213005,-1.3903296633058697,-2.54364381662717,0.26312232382634876,1689245.3189651591,-1.1227141533213008,-1.3678296633058697,-2.4905438166271705,0.3037844002231005,2145325.4343755357,-1.159614153321301,-1.3714296633058698,-2.5310438166271707,0.2727098156323825,2118464.3897954742,-1.264014153321301,-1.4011296633058699,-2.665143816627171,0.17262351081819513,1475071.3524116941,-1.4359141533213013,-1.45692966330587,-2.8928438166271713,0.012548067421338717,117945.83578435658
Taelon Peter,IND,2025,25,G,30,-2.7,-1.3,-1.3221032619476318,-0.1235969290137291,-2.92954,-0.601188,-2.5433650621401718,-1.5981852197032587,-2.92954,-0.8660116551725144,-0.37410858458182517,-0.601188,-2.35703009394781,-0.6137694132514465,-2.9707995071992563,-0.03940091966924808,-236405.5180154885,-2.25893009394781,-0.5651694132514467,-2.8240995071992563,0.05956687935993568,382419.3654907871,-2.22833009394781,-0.5426694132514467,-2.7709995071992566,0.09666063639293297,682617.4142068927,-2.2652300939478103,-0.5462694132514467,-2.8114995071992572,0.0683076513169431,530627.4969602774,-2.3696300939478103,-0.5759694132514468,-2.9455995071992573,-0.022767135104033165,-194545.62480666552,-2.5415300939478107,-0.6317694132514469,-3.173299507199258,-0.16754114122919642,-1574806.6428889392
Adou Thiero,LAL,2025,25,G,30,-2.6,-2.3,-1.8256925344467163,0.05153366178274155,-3.35968,-1.05621,-2.4429863608949356,-2.2474292874532393,-3.35968,-1.536259214661155,-0.16926373276532,-1.05621,-2.6833652161160586,-0.9205776491421583,-3.603942865258217,-0.4073825667978504,-2444295.4007871025,-2.585265216116059,-0.8719776491421585,-3.4572428652582174,-0.33067025508826203,-2122903.037666642,-2.5546652161160592,-0.8494776491421585,-3.4041428652582177,-0.3016321652445669,-2130126.3509571315,-2.5915652161160594,-0.8530776491421586,-3.444642865258218,-0.3238409973795638,-2515661.635843928,-2.6959652161160594,-0.8827776491421586,-3.578742865258218,-0.3945718107292534,-3371624.014117686,-2.86786521611606,-0.9385776491421587,-3.8064428652582185,-0.5048020236528358,-4744897.726969352
Andersson Garcia,UTA,2025,25,G,30,-3.4,-1.2,-2.0674619674682617,-0.0967383086681366,-2.62296,-0.171601,-3.246015970856824,-2.5591264953257524,-2.62296,-0.7989868992236504,-0.34269288456238833,-0.171601,-2.8093674887275255,-0.43776026126201284,-3.2471277499895383,-0.21181488360600087,-1270889.3016360053,-2.7112674887275254,-0.389160261262013,-3.1004277499895383,-0.12256023978122298,-786836.7393954516,-2.6806674887275257,-0.366660261262013,-3.0473277499895386,-0.0889822873927654,-628392.9135677094,-2.717567488727526,-0.37026026126201306,-3.087827749989539,-0.11465372655342834,-890653.0786123424,-2.821967488727526,-0.3999602612620131,-3.221927749989539,-0.1968496164992115,-1682083.909978093,-2.9938674887275263,-0.4557602612620132,-3.4496277499895394,-0.32654737558931646,-3069389.2408940443
Noah Penda,ORL,2025,25,G,30,-1.3,-1.3,-1.1833405494689941,0.32489272952079773,-2.40994,-0.792219,-1.1380632447068675,-1.4192877077396464,-2.40994,-0.8660116551725144,0.15047593960623346,-0.792219,-1.655763650815505,-0.5025849051887603,-2.158348556004265,0.5735018542633898,3441011.125580339,-1.557663650815505,-0.45398490518876045,-2.0116485560042654,0.7010279436259762,4500599.398078768,-1.5270636508155053,-0.4314849051887605,-1.9585485560042657,0.7484587505342535,5285615.696272899,-1.5639636508155055,-0.43508490518876053,-1.999048556004266,0.7122215748754227,5532679.63794726,-1.6683636508155055,-0.4647849051887606,-2.133148556004266,0.5950413574134839,5084640.299925369,-1.840263650815506,-0.5205849051887607,-2.3608485560042665,0.4059406797892353,3815648.350373875
Maxi Kleber,LAL,2025,25,G,30,-2.2,-0.0,-2.6943295001983643,1.4702463150024414,-3.01077,-1.10033,-2.0414715559139918,-3.3673050033197374,-3.01077,0.005310172162718285,1.4901607110015138,-1.10033,-2.806515519744577,0.13171362772141068,-2.674801892023166,0.16558149121984655,993488.9473190793,-2.7084155197445767,0.18031362772141057,-2.528101892023166,0.2749538393725935,1765203.6487720502,-2.677815519744577,0.20281362772141054,-2.4750018920231662,0.315813660198782,2230276.0683237985,-2.714715519744577,0.1992136277214105,-2.515501892023167,0.28458825358561235,2210738.4715037546,-2.819115519744577,0.16951362772141043,-2.649601892023167,0.1840025602970848,1572305.557789796,-2.9910155197445776,0.11371362772141036,-2.8773018920231674,0.023079161973999264,216933.09071616962
Garrett Temple,TOR,2025,25,G,30,-4.0,-1.2,-3.457770347595215,0.8798419833183289,-3.51965,0.758163,-3.8482881783282403,-4.35155837867599,-3.51965,-0.7989868992236504,0.7995829696393115,0.758163,-3.9064988523347437,0.2529196901385537,-3.65357916219619,-0.4321708130462405,-2593024.878277443,-3.8083988523347436,0.3015196901385535,-3.5068791621961903,-0.357203256237788,-2293244.905046599,-3.777798852334744,0.3240196901385536,-3.45377916219619,-0.3287967034441965,-2321962.319722916,-3.814698852334744,0.32041969013855354,-3.4942791621961904,-0.3505238547782663,-2722939.408688529,-3.919098852334744,0.2907196901385535,-3.6283791621961905,-0.41965976947599803,-3586001.123367794,-4.090998852334744,0.2349196901385534,-3.8560791621961905,-0.5271818658965913,-4955257.546496062
Jonathan Mogbo,TOR,2025,25,G,30,-1.9,-0.4,-2.1021008491516113,1.1247310638427734,-3.79247,-0.0438568,-1.7403354521782834,-2.603784095625308,-3.79247,-0.26278885163273796,1.086022175853198,-0.0438568,-2.7121965159345307,0.25979217474015337,-2.4524043411943772,0.3334071437539394,2000442.8625236363,-2.6140965159345306,0.30839217474015324,-2.305704341194377,0.45059694084519075,2892832.360226125,-2.583496515934531,0.3308921747401533,-2.2526043411943775,0.4942863904282615,3490650.4892043835,-2.620396515934531,0.32729217474015326,-2.2931043411943777,0.4609027923903514,3580385.0718467287,-2.724796515934531,0.2975921747401532,-2.427204341194378,0.35317108749546083,3017854.0060704635,-2.8966965159345315,0.24179217474015313,-2.6549043411943782,0.18011385738439006,1692984.1649894377
Joe Ingles,MIN,2025,25,G,30,-2.9,-1.7,-2.931962728500366,0.05393502861261368,-2.18622,-1.27288,-2.7441224646306437,-3.673669678265493,-2.18622,-1.1341106789679705,-0.1664549280317489,-1.27288,-2.8680040476320454,-0.8578152023332398,-3.7258192499652854,-0.4671925311505689,-2803155.1869034134,-2.7699040476320453,-0.80921520233324,-3.5791192499652853,-0.39476427028014904,-2534386.6151985573,-2.7393040476320456,-0.78671520233324,-3.5260192499652856,-0.3672768491451091,-2593709.1086627613,-2.7762040476320458,-0.79031520233324,-3.566519249965286,-0.38830296785824986,-3016415.1149164573,-2.880604047632046,-0.8200152023332401,-3.700619249965286,-0.45511768565557137,-3888989.7262805714,-3.052504047632046,-0.8758152023332402,-3.9283192499652864,-0.5586984208962729,-5251498.098579778
Luke Travers,CLE,2025,25,G,30,-3.2,-1.2,-1.8071290254592896,0.10345659404993057,-1.91735,-1.20801,-3.045258568366352,-2.2234965932024258,-1.91735,-0.7989868992236504,-0.1085310799616094,-1.20801,-2.3953683871895923,-0.7051759930617533,-3.1005443802513457,-0.12263324770489144,-735799.4862293486,-2.2972683871895923,-0.6565759930617534,-2.9538443802513457,-0.02822608307270378,-181211.45332675826,-2.2666683871895925,-0.6340759930617534,-2.900744380251346,0.0072168921846935685,50965.69260830599,-2.3035683871895927,-0.6376759930617535,-2.941244380251346,-0.019877022045499616,-154408.68265385015,-2.4079683871895927,-0.6673759930617535,-3.0753443802513463,-0.10678288499928257,-912461.8879765696,-2.579868387189593,-0.7231759930617536,-3.3030443802513467,-0.2444781150358568,-2297977.4207980675
Kj Simpson,DEN,2025,25,G,30,-1.7,-0.7,-2.0453603267669678,0.022895950824022293,-2.62507,-0.0384951,-1.5395780496878113,-2.5306323237925756,-2.62507,-0.46386311947933007,-0.20276038021579484,-0.0384951,-2.2317601244934626,-0.23503953323170831,-2.4667996577251707,0.32218542208972756,1933112.5325383653,-2.1336601244934625,-0.18643953323170848,-2.320099657725171,0.43886921247580707,2817540.3440946816,-2.103060124493463,-0.1639395332317085,-2.2669996577251714,0.4823755062576195,3406535.825191309,-2.139960124493463,-0.16753953323170856,-2.3074996577251716,0.4491316033223638,3488944.120928787,-2.244360124493463,-0.19723953323170862,-2.4415996577251717,0.3418624444340411,2921221.424937771,-2.4162601244934634,-0.2530395332317087,-2.669299657725172,0.16959061123345137,1594070.6812822735
E.j. Liddell,BKN,2025,25,G,30,-2.3,-1.8,-1.033879280090332,0.0799083337187767,-1.27604,-1.85036,-2.1418502571592275,-1.2265972597860422,-1.27604,-1.2011354349168348,-0.13607475394874077,-1.85036,-1.5481625056484232,-1.0625233962885252,-2.6106859019369484,0.21274887678439944,1276493.2607063965,-1.4500625056484233,-1.0139233962885252,-2.4639859019369483,0.32437495244796044,2082487.194715906,-1.4194625056484236,-0.9914233962885253,-2.4108859019369486,0.366050539673769,2585048.911176157,-1.4563625056484237,-0.9950233962885253,-2.4513859019369493,0.3342029383490244,2596155.265682892,-1.5607625056484238,-1.0247233962885254,-2.5854859019369494,0.23155708923772833,1978659.9586781736,-1.7326625056484242,-1.0805233962885255,-2.81318590193695,0.06713557398067836,631042.3046140141
Amari Williams,BOS,2025,25,G,30,-3.9,-1.5,-2.798290252685547,0.0036828864831477404,-3.8704,0.166415,-3.747909477083004,-3.5013346689958462,-3.8704,-1.0000611670702426,-0.22523330913100265,0.166415,-3.7065480486929503,-0.3529598254004151,-4.059507874093366,-0.6127354574642393,-3676412.744785436,-3.60844804869295,-0.30435982540041523,-3.9128078740933656,-0.5520366143448677,-3544075.064094051,-3.5778480486929505,-0.28185982540041526,-3.859707874093366,-0.5287948106779994,-3734348.953008032,-3.6147480486929506,-0.2854598254004153,-3.900207874093366,-0.5465827465764326,-4245964.091955045,-3.7191480486929507,-0.31515982540041537,-4.034307874093366,-0.602675481276169,-5149874.041014491,-3.891048048692951,-0.37095982540041544,-4.262007874093366,-0.6880504331364078,-6467345.183375196
Sharife Cooper,WAS,2025,25,G,30,-1.7,-2.3,-0.25650644302368164,-1.4202126264572144,-1.59047,-1.98029,-1.5395780496878113,-0.22438229918754582,-1.59047,-1.536259214661155,-1.89071998409706,-1.98029,-1.118143449625119,-1.8024230662527383,-2.9205665158778573,-0.006092935458294635,-36557.61274976781,-1.0200434496251192,-1.7538230662527383,-2.7738665158778577,0.09464059274920056,607592.6054498677,-0.9894434496251194,-1.7313230662527381,-2.7207665158778576,0.13237347874858008,934821.5069224725,-1.0263434496251196,-1.7349230662527382,-2.7612665158778578,0.10353302242704464,804265.2248177683,-1.1307434496251196,-1.7646230662527382,-2.895366515877858,0.010844164548593582,92663.60295102315,-1.30264344962512,-1.8204230662527383,-3.1230665158778583,-0.13667051324597365,-1284637.4960068213
Larry Nance Jr.,CLE,2025,25,G,30,-2.9,-0.4,-2.8351168632507324,0.9056100249290466,-2.32224,-0.568449,-2.7441224646306437,-3.548812762256518,-2.32224,-0.26278885163273796,0.8297230533410984,-0.568449,-2.8717250756290533,-0.0005049327638798248,-2.872230008392933,0.026528358976467017,159170.1538588021,-2.7736250756290532,0.048095067236120004,-2.7255300083929335,0.12896095346288816,827929.321231742,-2.7430250756290535,0.07059506723611997,-2.6724300083929338,0.16730883891292234,1181535.0204030576,-2.7799250756290537,0.06699506723611992,-2.7129300083929335,0.13799931521376887,1072006.2804435997,-2.8843250756290537,0.03729506723611986,-2.8470300083929336,0.0437573231294285,373907.20128742926,-3.056225075629054,-0.01850493276388021,-3.074730008392934,-0.10639455569929981,-1000057.9669757945
Keshon Gilbert,ATL,2025,25,G,30,-3.3,-2.7,-1.9220244884490967,0.7778380513191223,-4.43099,-0.218654,-3.145637269611588,-2.3716236519607223,-4.43099,-1.8043582384566115,0.6802721157213824,-0.218654,-3.3160836405241034,-0.447580040911743,-3.7636636814358466,-0.48504024876705865,-2910241.492602352,-3.2179836405241034,-0.39898004091174316,-3.6169636814358466,-0.4139422494463958,-2657509.2414458613,-3.1873836405241036,-0.3764800409117432,-3.563863681435847,-0.38693633402568617,-2732544.390889396,-3.2242836405241038,-0.38008004091174324,-3.604363681435847,-0.40759520261772814,-3166281.0529750367,-3.328683640524104,-0.4097800409117433,-3.738463681435847,-0.47319391445852227,-4043451.462926363,-3.500583640524104,-0.4655800409117434,-3.9661636814358476,-0.5747098879072683,-5401998.235001905
Ochai Agbaji,BKN,2025,25,G,30,-2.3,0.3,-1.4320322275161743,-0.3583966791629791,-2.20838,-0.252345,-2.1418502571592275,-1.739909304521602,-2.20838,0.2063844400093105,-0.648746612165324,-0.252345,-2.0300465205602767,-0.23156905738533784,-2.2616155779456144,0.48682455579330125,2920947.3347598077,-1.9319465205602768,-0.18296905738533797,-2.114915577945615,0.6107207280635026,3920827.0741676874,-1.901346520560277,-0.160469057385338,-2.061815577945615,0.6568376386009169,4638587.403799676,-1.9382465205602772,-0.16406905738533806,-2.1023155779456153,0.621602587292745,4828733.218607503,-2.042646520560277,-0.19376905738533812,-2.236415577945615,0.5077405149029857,4338652.854656312,-2.2145465205602775,-0.2495690573853382,-2.4641155779456154,0.3242740030724393,3048020.6259074616
Lachlan Olbrich,CHI,2025,25,G,30,-2.1,-0.8,-2.298321485519409,1.0476264953613281,-1.80747,-0.713343,-1.9410928546687558,-2.8567582773423155,-1.80747,-0.5308878754281942,0.9958353396578419,-0.713343,-2.201773710670357,-0.08279851192345074,-2.2845722225938077,0.4679030242074921,2807418.1452449523,-2.103673710670357,-0.034198511923450914,-2.137872222593808,0.5909922523514308,3794170.260096186,-2.073073710670357,-0.01169851192345095,-2.0847722225938083,0.6368170788186022,4497202.2106169695,-2.1099737106703573,-0.015298511923450997,-2.125272222593808,0.6018048034962085,4674940.074519247,-2.2143737106703574,-0.04499851192345106,-2.259372222593808,0.48868036714824836,4175783.510889126,-2.3862737106703578,-0.10079851192345113,-2.4870722225938087,0.30646635141552164,2880637.212389928
Dalano Banton,BOS,2025,25,G,30,-1.4,-0.7,-1.8085951805114746,0.27473121881484985,-2.58262,-0.117937,-1.2384419459521034,-2.225386809142311,-2.58262,-0.46386311947933007,0.09180356728840411,-0.117937,-2.0154829183648046,-0.163332184063642,-2.178815102428447,0.5561202077068083,3336721.2462408496,-1.9173829183648048,-0.11473218406364216,-2.032115102428447,0.6829268818554124,4384390.581511748,-1.886782918364805,-0.0922321840636422,-1.9790151024284472,0.7300972869377703,5155947.040354535,-1.9236829183648052,-0.09583218406364225,-2.0195151024284472,0.6940587228410817,5391586.970774092,-2.028082918364805,-0.1255321840636423,-2.1536151024284473,0.5775361303293471,4935057.78438688,-2.1999829183648054,-0.18133218406364238,-2.381315102428448,0.38955209104336574,3661603.4499081206
Micah Peavy,NOP,2025,25,G,30,-1.3,-0.4,-1.566489815711975,0.39731571078300476,-2.45461,0.149818,-1.1380632447068675,-1.9132565068297138,-2.45461,-0.26278885163273796,0.235186867590297,0.149818,-1.8353099171788605,0.040738671985853014,-1.7945712451930076,0.8991936607517549,5395161.964510529,-1.7372099171788606,0.08933867198585288,-1.6478712451930078,1.039506808882101,6673633.713023089,-1.706609917178861,0.11183867198585284,-1.594771245193008,1.0915660603750275,7708639.518368445,-1.743509917178861,0.1082386719858528,-1.6352712451930083,1.0517987151177357,8170582.778777596,-1.847909917178861,0.07853867198585274,-1.7693712451930084,0.922929713874225,7886452.863649531,-2.0198099171788613,0.022738671985852665,-1.9970712451930086,0.713981638285295,6711086.1166586755
Julian Reese,WAS,2025,25,G,30,-2.4,-2.6,-2.460008382797241,-0.06936576962471008,-1.74248,-1.03774,-2.2422289584044637,-3.0652104120941015,-1.74248,-1.7373334825077473,-0.31067606968903155,-1.03774,-2.349973123499522,-1.028583184065593,-3.3785563075651153,-0.28739877960577115,-1724392.6776346269,-2.2518731234995224,-0.9799831840655931,-3.2318563075651157,-0.20276395301404862,-1301744.5783501924,-2.2212731234995227,-0.9574831840655932,-3.178756307565116,-0.1708582044093354,-1206600.639538727,-2.258173123499523,-0.9610831840655932,-3.219256307565116,-0.1952542339044308,-1516773.9398163995,-2.362573123499523,-0.9907831840655933,-3.3533563075651163,-0.27322710073533496,-2334731.0403254526,-2.5344731234995233,-1.0465831840655935,-3.5810563075651167,-0.3957542232612461,-3719900.5281369956
Miles Kelly,DAL,2025,25,G,30,-3.3,-1.4,-2.13373064994812,-0.23224332928657532,-1.86885,-0.923674,-3.145637269611588,-2.644562288594628,-1.86885,-0.9330364111213785,-0.5011889288156459,-0.923674,-2.553016519402072,-0.7859664466456748,-3.338982966047747,-0.26507584518470273,-1590455.0711082164,-2.4549165194020723,-0.737366446645675,-3.192282966047747,-0.17904998449442563,-1149500.9004542127,-2.4243165194020726,-0.714866446645675,-3.1391829660477475,-0.14664073274974418,-1035576.8546786935,-2.4612165194020728,-0.718466446645675,-3.1796829660477477,-0.17142079006345856,-1331630.9813709592,-2.565616519402073,-0.7481664466456751,-3.313782966047748,-0.2506652156715694,-2141939.281217875,-2.737516519402073,-0.8039664466456752,-3.5414829660477483,-0.37535142793327686,-3528124.004590252
Lucas Williamson,MEM,2025,25,G,30,-3.2,-2.8,-1.9002715349197388,-0.8049126267433167,-1.4018,-1.11681,-3.045258568366352,-2.343579019546512,-1.4018,-1.8713829944054752,-1.171022547510618,-1.11681,-2.263545862637621,-1.3864051806386977,-3.6499510432763187,-0.4303789374882089,-2582273.6249292535,-2.165445862637621,-1.3378051806386977,-3.5032510432763186,-0.3552838494443926,-2280922.313433001,-2.134845862637621,-1.3153051806386977,-3.450151043276319,-0.32683113503800004,-2308081.4756383565,-2.1717458626376214,-1.3189051806386978,-3.490651043276319,-0.34859349438183324,-2707943.983056958,-2.2761458626376214,-1.3486051806386978,-3.6247510432763193,-0.41784598671189044,-3570502.3133728392,-2.448045862637622,-1.404405180638698,-3.8524510432763197,-0.5255660303873728,-4940069.465078781
Lindy Waters III,SAS,2025,25,G,30,-1.6,-0.2,-1.495191216468811,-0.49592313170433044,-1.62233,-0.937961,-1.4391993484425756,-1.8213359772922388,-1.62233,-0.12873933973500984,-0.8096070630069624,-0.937961,-1.627621775244938,-0.6254358009139908,-2.2530575761589287,0.49391062049205264,2963463.722952316,-1.5295217752449382,-0.5768358009139909,-2.106357576158929,0.6181076132602036,3968250.877130507,-1.4989217752449384,-0.5543358009139909,-2.0532575761589293,0.6643334097447284,4691522.539617273,-1.5358217752449386,-0.557935800913991,-2.0937575761589295,0.6290153098328273,4886316.729843371,-1.6402217752449386,-0.587635800913991,-2.2278575761589297,0.5148782542885011,4399644.980460329,-1.812121775244939,-0.6434358009139911,-2.45555757615893,0.3309448247525481,3110723.161047722
Cody Williams,UTA,2025,25,G,30,-2.2,-2.5,-2.2482168674468994,-0.7551482319831848,-2.1324,-1.99731,-2.0414715559139918,-2.792161734431417,-2.1324,-1.6703087265588834,-1.1128146694693437,-1.99731,-2.3220110967818033,-1.5934777986760755,-3.915488895457879,-0.5531921771960225,-3319153.063176135,-2.223911096781803,-1.5448777986760756,-3.7687888954578788,-0.4874309536346775,-3129306.7223346294,-2.1933110967818035,-1.5223777986760756,-3.715688895457879,-0.4623567545931072,-3265163.400936524,-2.2302110967818036,-1.5259777986760756,-3.7561888954578793,-0.4815422801841097,-3740716.740926202,-2.3346110967818037,-1.5556777986760757,-3.8902888954578794,-0.542262589643687,-4633644.6737571005,-2.506511096781804,-1.6114777986760758,-4.11798889545788,-0.6354951013310387,-5973350.18585333
Rayj Dennis,ATL,2025,25,G,30,-3.4,-1.0,-2.154575824737549,-0.24243582785129547,-1.2499,-0.538776,-3.246015970856824,-2.67143658241365,-1.2499,-0.6649373873259222,-0.5131107800960798,-0.538776,-2.3891175177568247,-0.5722747224740007,-2.9613922402308255,-0.033209256288549586,-199255.53773129752,-2.291017517756825,-0.5236747224740008,-2.814692240230826,0.06608921557809376,424292.7640113619,-2.2604175177568253,-0.5011747224740009,-2.761592240230826,0.10330266400624516,729523.4132121035,-2.2973175177568255,-0.5047747224740009,-2.8020922402308264,0.07485838888310392,581514.9365217279,-2.4017175177568255,-0.534474722474001,-2.9361922402308265,-0.01651866902732917,-141152.35721190835,-2.573617517756826,-0.590274722474001,-3.163892240230827,-0.16180592808425473,-1520898.3807583707
Jalen Wilson,BKN,2025,25,G,30,-1.0,-2.1,-1.3974381685256958,-0.6411672830581665,-1.89255,-1.34109,-0.8369271409711595,-1.695309491131014,-1.89255,-1.402209702763427,-0.9794946681705154,-1.34109,-1.4749288773673912,-1.2409314569779808,-2.715860334345372,0.13589390891574618,815363.4534944771,-1.3768288773673913,-1.192331456977981,-2.5691603343453724,0.24382302050787297,1565343.7916605445,-1.3462288773673916,-1.169831456977981,-2.5160603343453727,0.2841604428243895,2006741.047225839,-1.3831288773673918,-1.1734314569779811,-2.556560334345373,0.25333347575249515,1967945.1063405331,-1.4875288773673918,-1.2031314569779812,-2.690660334345373,0.1540670600561907,1316506.109521351,-1.6594288773673922,-1.2589314569779813,-2.9183603343453735,-0.00461622262372452,-43390.28610859637
Nikola Topic,OKC,2025,25,G,30,-3.4,-2.5,-1.6448127031326294,-0.6640408039093018,-1.5496,-1.83606,-3.246015970856824,-2.0142329827076857,-1.5496,-1.6703087265588834,-1.0062491201937935,-1.83606,-2.26994965118817,-1.5042059489175588,-3.774155600105729,-0.48992755823989254,-2939565.349439355,-2.17184965118817,-1.455605948917559,-3.627455600105729,-0.4191983581176162,-2691253.459115096,-2.1412496511881702,-1.433105948917559,-3.5743556001057293,-0.39232593443128994,-2770605.74895377,-2.1781496511881704,-1.436705948917559,-3.6148556001057295,-0.4128829872937164,-3207357.6218950483,-2.2825496511881704,-1.4664059489175592,-3.7489556001057296,-0.47814457594089393,-4085754.964306459,-2.454449651188171,-1.5222059489175592,-3.97665560010573,-0.5790881187320225,-5443151.51196026
Tyus Jones,DEN,2025,25,G,30,-1.3,-1.3,-0.8394320607185364,-0.5335356593132019,-1.53357,-1.66278,-1.1380632447068675,-0.9759094263436666,-1.53357,-0.8660116551725144,-0.8536012767502232,-1.66278,-1.2158475570168448,-1.1274643106409126,-2.343311867657757,0.42006302858471767,2520378.171508306,-1.117747557016845,-1.0788643106409128,-2.196611867657758,0.5410875119765568,3473781.826889495,-1.0871475570168452,-1.0563643106409129,-2.1435118676577583,0.5861649768463438,4139497.066488881,-1.1240475570168453,-1.059964310640913,-2.184011867657758,0.5517227230812776,4285892.4574399805,-1.2284475570168454,-1.089664310640913,-2.318111867657758,0.4404856914453583,3763959.043114417,-1.4003475570168458,-1.145464310640913,-2.5458118676577586,0.2614764635793851,2457753.7718966296
Kobe Bufkin,LAL,2025,25,G,30,-2.9,-1.7,-2.169494867324829,-0.7397981286048889,-1.4153,-0.53518,-2.7441224646306437,-2.6906707091618896,-1.4153,-1.1341106789679705,-1.094860126875758,-0.53518,-2.2833643912641777,-0.9213836019479095,-3.204747993212087,-0.1865600225799999,-1119360.1354799995,-2.1852643912641776,-0.8727836019479096,-3.058047993212087,-0.09581569695162495,-615136.7744294322,-2.154664391264178,-0.8502836019479096,-3.0049479932120873,-0.06169853458517885,-435715.0512405331,-2.191564391264178,-0.8538836019479097,-3.045447993212088,-0.0877812355934604,-681902.1943371192,-2.295964391264178,-0.8835836019479097,-3.179547993212088,-0.17133885921247027,-1464093.9787477434,-2.4678643912641784,-0.9393836019479098,-3.4072479932120885,-0.30334882380140626,-2851333.942995443
Cole Anthony,PHX,2025,25,G,30,-1.5,0.4,-1.3728853464126587,-0.18799152970314026,-2.11205,-0.731857,-1.3388206471973394,-1.6636551748579471,-2.11205,0.2734091959581746,-0.4494289633689633,-0.731857,-1.7048419406850954,-0.30262558913692955,-2.007467529822025,0.7047380808871048,4228428.485322628,-1.6067419406850956,-0.2540255891369297,-1.8607675298220252,0.8375677570633646,5377185.000346801,-1.5761419406850958,-0.23152558913692972,-1.8076675298220255,0.8869182671741372,6263416.802783758,-1.613041940685096,-0.23512558913692977,-1.8481675298220257,0.849216911106624,6596886.808858478,-1.717441940685096,-0.26482558913692983,-1.9822675298220258,0.7271886296248236,6213841.383916711,-1.8893419406850964,-0.3206255891369299,-2.2099675298220265,0.5298560043695362,4980393.169903554
Christian Koloko,ATL,2025,25,G,30,-2.6,0.6,-3.3784093856811523,0.9768437743186951,-3.44566,0.239294,-2.4429863608949356,-4.2492435825764945,-3.44566,0.40745870785590266,0.9130429734743815,0.239294,-3.3792966478238102,0.5199318937767613,-2.859364754047049,0.03530518073333644,211831.08440001862,-3.28119664782381,0.5685318937767612,-2.712664754047049,0.13818999903497078,887179.7938045125,-3.2505966478238104,0.591031893776761,-2.6595647540470493,0.17670157285983665,1247866.5075361666,-3.2874966478238106,0.587431893776761,-2.7000647540470495,0.14726720209513378,1144001.0793154184,-3.3918966478238106,0.5577318937767609,-2.8341647540470496,0.05261182750486204,449569.1182655964,-3.563796647823811,0.5019318937767608,-3.06186475404705,-0.09824196927017917,-923427.5514783734
Drew Eubanks,SAC,2025,25,G,30,-3.5,-0.3,-1.8512723445892334,0.5301945209503174,-2.30818,-1.45338,-3.3463946721020594,-2.280407630909176,-2.30818,-0.19576409568387387,0.3906111144593667,-1.45338,-2.644994101003745,-0.4195109937415024,-3.0645050947452472,-0.09991836187176406,-599510.1712305844,-2.546894101003745,-0.37091099374150255,-2.9178050947452476,-0.004244387991119392,-27248.970902986497,-2.516294101003745,-0.3484109937415026,-2.864705094745248,0.031657125583204195,223562.62086858804,-2.5531941010037453,-0.35201099374150263,-2.905205094745248,0.004213478738406474,32731.145535689175,-2.6575941010037454,-0.3817109937415027,-3.0393050947452482,-0.0838503877615132,-716503.2404298857,-2.8294941010037458,-0.43751099374150276,-3.2670050947452487,-0.223511892275754,-2100904.94870758
Gary Harris,MIL,2025,25,G,30,-2.2,0.1,-1.423909068107605,0.6065393686294556,-3.1883,-0.0445751,-2.0414715559139918,-1.729436656779864,-3.1883,0.07233492811158238,0.4799093286586297,-0.0445751,-2.3197360708979518,0.16922305225673737,-2.1505130186412145,0.5801829179613105,3481097.507767863,-2.2216360708979517,0.21782305225673726,-2.0038130186412144,0.7079844326287764,4545260.057476745,-2.191036070897952,0.24032305225673722,-1.9507130186412147,0.7555149333590652,5335446.459381719,-2.227936070897952,0.23672305225673718,-1.991213018641215,0.7192017200393783,5586902.8016099,-2.332336070897952,0.20702305225673712,-2.125313018641215,0.6017697334337154,5142134.407585768,-2.5042360708979525,0.15122305225673704,-2.3530130186412155,0.41224155518287564,3874873.5672556553
Blake Wesley,POR,2025,25,G,30,-1.6,-1.1,-2.388901472091675,-0.228033185005188,-3.39052,-0.810726,-1.4391993484425756,-2.9735370138056174,-3.39052,-0.7319621432747864,-0.49626445287158216,-0.810726,-2.6010854540827313,-0.6796508653821228,-3.2807363194648542,-0.23153687093353295,-1389221.2256011977,-2.502985454082731,-0.631050865382123,-3.134036319464854,-0.14346359477575632,-921036.2784603556,-2.4723854540827315,-0.608550865382123,-3.0809363194648545,-0.11031325399682737,-779032.199725595,-2.5092854540827316,-0.612150865382123,-3.1214363194648547,-0.1356585487095449,-1053822.7380854872,-2.6136854540827317,-0.6418508653821231,-3.2555363194648548,-0.21677453814991005,-1852342.7639817449,-2.785585454082732,-0.6976508653821232,-3.4832363194648552,-0.3446386406771215,-3239438.4850947
Jericho Sims,MIL,2025,25,G,30,-2.9,-2.2,-2.1690585613250732,0.19063632190227509,-0.796015,-2.02915,-2.7441224646306437,-2.690108208930978,-0.796015,-1.469234458712291,-0.0065596405226198695,-2.02915,-2.076748557853874,-1.1683146997449703,-3.2450632575988445,-0.21059458681146603,-1263567.5208687962,-1.9786485578538742,-1.1197146997449705,-3.0983632575988445,-0.12126737445439945,-778536.5439972446,-1.9480485578538744,-1.0972146997449705,-3.0452632575988448,-0.08766315492848753,-619077.2001049791,-1.9849485578538746,-1.1008146997449706,-3.0857632575988454,-0.11335462834653101,-880561.4239215225,-2.0893485578538744,-1.1305146997449707,-3.219863257598845,-0.19561685394452819,-1671549.9292930725,-2.261248557853875,-1.1863146997449707,-3.4475632575988455,-0.32542725008168194,-3058860.596542272
Ousmane Dieng,MIL,2025,25,G,30,-1.9,-1.1,-2.0994973182678223,-1.602877140045166,-1.35787,-1.33576,-1.7403354521782834,-2.6004275368703618,-1.35787,-0.7319621432747864,-2.104377033090536,-1.33576,-1.8995443296828818,-1.3906997254551074,-3.2902440551379892,-0.2370670329918234,-1422402.1979509406,-1.801444329682882,-1.3420997254551077,-3.1435440551379896,-0.14932796122554542,-958685.5110680016,-1.7708443296828822,-1.3195997254551077,-3.09044405513799,-0.11629859013433677,-821300.6435286863,-1.8077443296828823,-1.3231997254551078,-3.13094405513799,-0.14155161983099582,-1099601.293171142,-1.9121443296828824,-1.3528997254551078,-3.2650440551379902,-0.22236210955152458,-1900088.6733599692,-2.084044329682883,-1.408699725455108,-3.4927440551379907,-0.3497074776551227,-3287083.1297838357
Dorian Finney-smith,HOU,2025,25,G,30,-1.3,1.1,-1.900923728942871,0.8422778248786926,-1.86591,0.465483,-1.1380632447068675,-2.3444198498097126,-1.86591,0.7425824876002232,0.7556453318218179,0.465483,-1.7827976981721934,0.6545702731406804,-1.128227425031513,1.5780108410580203,9468065.046348121,-1.6846976981721935,0.7031702731406801,-0.9815274250315134,1.7417464988796287,11182012.522807218,-1.6540976981721938,0.7256702731406802,-0.9284274250315135,1.8022838367025218,12727728.454793211,-1.690997698172194,0.7220702731406802,-0.9689274250315137,1.7560501544138998,13641348.809518058,-1.795397698172194,0.6923702731406801,-1.103027425031514,1.6057703927777616,13721340.121693831,-1.9672976981721944,0.63657027314068,-1.3307274250315144,1.3604671334349085,12787740.750998363
Dalton Knecht,LAL,2025,25,G,30,0.0,-2.2,-0.09224316477775574,-1.0861468315124512,-1.45712,-2.22381,0.16685987148120063,-0.012608608256657772,-1.45712,-1.469234458712291,-1.49997352483369,-2.22381,-0.4342895789251524,-1.7310059945153269,-2.1652955734404795,0.5675907009347707,3405544.205608624,-0.33618957892515255,-1.682405994515327,-2.0185955734404795,0.6948725971671715,4461082.073813242,-0.3055895789251528,-1.659905994515327,-1.9654955734404798,0.7422150151510266,5241522.436996551,-0.34248957892515297,-1.663505994515327,-2.00599557344048,0.7060452547735352,5484700.748131777,-0.446889578925153,-1.693205994515327,-2.14009557344048,0.589088256798698,5033770.936110012,-0.6187895789251534,-1.7490059945153271,-2.3677955734404805,0.40036660286731496,3763254.6917165914
Cam Thomas,MIL,2025,25,G,30,0.5,-4.4,0.4723709523677826,-2.0289604663848877,1.33281,-2.6864,0.6687533777073806,0.7153107223230064,1.33281,-2.9437790895873004,-2.6027535614206334,-2.6864,0.9056247000101291,-2.744310883669311,-1.8386861836591821,0.8580078397772144,5148047.038663287,1.0037247000101288,-2.695710883669311,-1.6919861836591823,0.9967703131020178,6399265.410114954,1.0343247000101283,-2.673210883669311,-1.6388861836591828,1.0482682773953917,7402870.574966257,0.9974247000101282,-2.676810883669311,-1.679386183659183,1.0089290325445381,7837562.510612482,0.8930247000101281,-2.7065108836693113,-1.8134861836591831,0.8814775193134557,7532243.032083868,0.7211247000101277,-2.7623108836693113,-2.0411861836591836,0.6749363193429451,6344078.782263041
Isaiah Crawford,HOU,2025,25,G,30,-3.3,-1.4,-1.5169973373413086,-0.1790810078382492,-2.95307,-0.682038,-3.145637269611588,-1.8494491548165553,-2.95307,-0.9330364111213785,-0.4390066007039358,-0.682038,-2.6493854748093812,-0.684693670608438,-3.334079145417819,-0.2622835175569123,-1573701.1053414738,-2.551285474809381,-0.6360936706084381,-3.187379145417819,-0.1760852837121861,-1130467.521432235,-2.5206854748093814,-0.6135936706084382,-3.1342791454178194,-0.14361363923061818,-1014199.5202466258,-2.5575854748093816,-0.6171936706084382,-3.17477914541782,-0.16844128422500965,-1308485.5841167201,-2.6619854748093816,-0.6468936706084383,-3.30887914541782,-0.2478432779313593,-2117825.7667890247,-2.833885474809382,-0.7026936706084383,-3.5365791454178206,-0.3727970387088663,-3504113.966878842
Trevon Scott,BKN,2025,25,G,30,-3.6,-2.3,-2.199862003326416,-0.4684353768825531,-2.30782,-0.496381,-3.4467733733472956,-2.729821032610495,-2.30782,-1.536259214661155,-0.777455483790404,-0.496381,-2.828138135319264,-0.9366985661505196,-3.7648367014697834,-0.48558797054420255,-2913527.8232652154,-2.7300381353192638,-0.8880985661505197,-3.6181367014697834,-0.41453120380089964,-2661290.328401776,-2.699438135319264,-0.8655985661505198,-3.5650367014697837,-0.3875402130554299,-2736808.984597446,-2.736338135319264,-0.8691985661505198,-3.605536701469784,-0.40818769842059277,-3170883.6788708493,-2.8407381353192642,-0.8988985661505199,-3.739636701469784,-0.4737487191323897,-4048192.2799606537,-3.0126381353192646,-0.95469856615052,-3.9673367014697845,-0.5752006935500199,-5406611.573438672
Hunter Tyson,DEN,2025,25,G,30,-2.9,-0.3,-2.0223641395568848,-1.0497076511383057,-1.3879,-1.34234,-2.7441224646306437,-2.500984873097443,-1.3879,-0.19576409568387387,-1.4573517391701476,-1.34234,-2.211002445909362,-0.9984852782846739,-3.209487724194036,-0.18940588735618002,-1136435.3241370802,-2.112902445909362,-0.9498852782846741,-3.062787724194036,-0.09882816700198888,-634476.8321527686,-2.082302445909362,-0.9273852782846741,-3.0096877241940363,-0.06477130961208757,-457414.9884805625,-2.1192024459093624,-0.9309852782846741,-3.0501877241940365,-0.09080801529927496,-705414.8244478278,-2.2236024459093624,-0.9606852782846742,-3.1842877241940366,-0.17421334329955168,-1488656.5027615353,-2.395502445909363,-1.0164852782846743,-3.411987724194037,-0.3059647119721188,-2875922.041405595
Isaiah Livers,PHX,2025,25,G,30,-3.1,-1.4,-2.0486297607421875,0.4297097325325012,-2.93034,-0.702054,-2.9448798671211156,-2.5348473869983064,-2.93034,-0.9330364111213785,0.27307715594504833,-0.702054,-2.803355751373141,-0.45400441839211,-3.257360169765251,-0.2178480699990702,-1307088.419994421,-2.705255751373141,-0.4054044183921101,-3.110660169765251,-0.12895310378232236,-827878.9262825096,-2.674655751373141,-0.38290441839211015,-3.0575601697652512,-0.09550534144830528,-674458.7213079319,-2.711555751373141,-0.3865044183921102,-3.0980601697652514,-0.12107748310981872,-940554.1042936941,-2.8159557513731412,-0.41620441839211025,-3.2321601697652516,-0.20294458800286286,-1734165.5633762237,-2.9878557513731416,-0.4720044183921103,-3.459860169765252,-0.3320840744866364,-3121431.5639867787
Gary Trent Jr.,MIL,2025,25,G,30,-0.9,-3.3,-0.48047369718551636,-1.6930904388427734,-0.655348,-1.21774,-0.7365484397259235,-0.5131283449744679,-0.655348,-2.2065067741497955,-2.209896746922544,-1.21774,-0.6350082615667971,-1.8780478403574465,-2.513056101924244,0.28646280154824544,1718776.8092894726,-0.5369082615667973,-1.8294478403574466,-2.366356101924244,0.40152064151690625,2577762.5185385384,-0.5063082615667975,-1.8069478403574464,-2.313256101924244,0.44443840109854804,3138623.988557947,-0.5432082615667977,-1.8105478403574464,-2.353756101924244,0.4116433801803721,3197728.1059171674,-0.6476082615667977,-1.8402478403574465,-2.487856101924244,0.3058605195263773,2613584.2565632854,-0.8195082615667981,-1.8960478403574466,-2.7155561019242445,0.13611240077736392,1279391.50557965
Bez Mbeng,UTA,2025,25,G,30,-2.4,-2.2,-1.8694106340408325,0.3289247453212738,-2.60505,-0.848417,-2.2422289584044637,-2.303792117967733,-2.60505,-1.469234458712291,0.15519206415885484,-0.848417,-2.3836903587907323,-0.7208197981844787,-3.104510156975211,-0.12511379520592128,-750682.7712355277,-2.2855903587907322,-0.6722197981844789,-2.957810156975211,-0.030846030746642605,-198031.51739344554,-2.2549903587907325,-0.6497197981844789,-2.904710156975211,0.00454648677945575,32107.289636516507,-2.2918903587907327,-0.6533197981844789,-2.945210156975212,-0.0225089427404255,-174853.96899617344,-2.3962903587907327,-0.683019798184479,-3.079310156975212,-0.10928737854228512,-933862.8353913974,-2.568190358790733,-0.7388197981844791,-3.3070101569752124,-0.2467662389853228,-2319484.6921998006
Jordan Mclaughlin,SAS,2025,25,G,30,-2.6,-0.7,-1.3941730260849,-0.18984656035900116,-2.10163,-0.795459,-2.4429863608949356,-1.69109996071444,-2.10163,-0.46386311947933007,-0.4515987355263388,-0.795459,-2.0785721072031254,-0.5703069516685563,-2.6488790588716817,0.18453319246754593,1107199.1548052756,-1.9804721072031255,-0.5217069516685564,-2.5021790588716817,0.2948167486068372,1892723.526055895,-1.9498721072031258,-0.49920695166855644,-2.449079058871682,0.336006393182756,2372877.1486566234,-1.986772107203126,-0.5028069516685565,-2.4895790588716826,0.3045294260825034,2365645.4876941033,-2.0911721072031257,-0.5325069516685565,-2.6236790588716823,0.2031107880700802,1735585.7462745975,-2.263072107203126,-0.5883069516685566,-2.8513790588716827,0.040773060786284,383247.28186801396
Anthony Gill,WAS,2025,25,G,30,-2.4,-2.0,-1.3471004962921143,-0.01240033470094204,-2.26283,-1.98235,-2.2422289584044637,-1.6304124870311996,-2.26283,-1.3351849468145627,-0.24404535701597638,-1.98235,-2.0451571484785545,-1.1871934346101798,-3.232350583088734,-0.20305777049907148,-1218346.622994429,-1.9470571484785546,-1.13859343461018,-3.085650583088735,-0.11328369762809956,-727281.3387723992,-1.9164571484785549,-1.11609343461018,-3.032550583088735,-0.07951773104500762,-561554.2166398439,-1.953357148478555,-1.1196934346101801,-3.073050583088735,-0.10533257086259494,-818244.47697481,-2.0577571484785553,-1.1493934346101802,-3.2071505830887355,-0.18800327631686262,-1606491.756193118,-2.2296571484785557,-1.2051934346101802,-3.434850583088736,-0.31850726576700894,-2993816.051736849
Bobi Klintman,DET,2025,25,G,30,-3.2,-1.3,-1.9632552862167358,-0.6119918823242188,-1.82309,-0.153714,-3.045258568366352,-2.424779770093258,-1.82309,-0.8660116551725144,-0.9453691015698853,-0.153714,-2.431042779486537,-0.6550315855807999,-3.086074365067337,-0.11355046054052081,-681302.7632431249,-2.3329427794865367,-0.6064315855808,-2.9393743650673367,-0.018634663486713745,-119634.53958470224,-2.302342779486537,-0.5839315855808,-2.886274365067337,0.016992417984644636,120000.45580756043,-2.339242779486537,-0.5875315855808001,-2.9267743650673372,-0.01024191623924775,-79561.25372972438,-2.443642779486537,-0.6172315855808002,-3.0608743650673373,-0.09761272539438921,-834102.690749564,-2.6155427794865376,-0.6730315855808002,-3.288574365067338,-0.2360974278399808,-2219202.967125313
Bruce Brown,DEN,2025,25,G,30,-2.1,-0.6,-2.222327947616577,-0.5855115652084351,-2.65816,-0.552929,-1.9410928546687558,-2.758784876467624,-2.65816,-0.39683836353046603,-0.9143958911731892,-0.552929,-2.4526792437121263,-0.6213877515678851,-3.0740669952800115,-0.10597537999632989,-635852.2799779794,-2.3545792437121262,-0.5727877515678852,-2.9273669952800114,-0.01063751444469765,-68292.84273495892,-2.3239792437121265,-0.5502877515678852,-2.8742669952800117,0.025142340286608868,177555.20710403184,-2.3608792437121267,-0.5538877515678853,-2.914766995280012,-0.00220851591520963,-17156.193332531453,-2.4652792437121267,-0.5835877515678853,-3.048866995280012,-0.08996514228615425,-768753.9401380339,-2.637179243712127,-0.6393877515678854,-3.2765669952800125,-0.22910495718542417,-2153477.085373454
Xavier Tillman,CHA,2025,25,G,30,-3.2,-0.7,-2.3073887825012207,1.3861790895462036,-3.68596,0.694094,-3.045258568366352,-2.8684481386984855,-3.68596,-0.46386311947933007,1.3918298696397042,0.694094,-3.199888902354946,0.5406869167201247,-2.6592019856348212,0.17696699967869955,1061801.9980721974,-3.1017889023549463,0.5892869167201245,-2.512501985634822,0.2868876968181225,1841819.0135723464,-3.0711889023549466,0.6117869167201245,-2.459401985634822,0.32794599979286304,2315954.650537199,-3.1080889023549467,0.6081869167201245,-2.499901985634822,0.2965692084901201,2303808.9253929514,-3.2124889023549468,0.5784869167201244,-2.6340019856348222,0.19548226367389432,1670399.8527387008,-3.384388902354947,0.5226869167201244,-2.8617019856348227,0.033707746984985666,316836.7093558066
Isaiah Collier,UTA,2025,25,G,30,-1.5,-3.8,-0.796867311000824,-0.962382972240448,-1.30296,-2.29436,-1.3388206471973394,-0.9210335329149842,-1.30296,-2.541630553894116,-1.3552107549628583,-2.29436,-1.1876047267041079,-2.0637337696189912,-3.251338496323099,-0.21430063981198566,-1285803.838871914,-1.089504726704108,-2.0151337696189913,-3.1046384963230995,-0.12519400703469005,-803745.5251627102,-1.0589047267041083,-1.9926337696189913,-3.0515384963231,-0.09166962919716126,-647370.9213903529,-1.0958047267041084,-1.9962337696189913,-3.0920384963230996,-0.1173002064122004,-911211.4634512555,-1.2002047267041085,-2.0259337696189914,-3.2261384963230997,-0.19936079791580627,-1703542.0054065234,-1.3721047267041089,-2.0817337696189915,-3.4538384963231,-0.32882882206718084,-3090833.7472545537
Walter Clayton Jr.,MEM,2025,25,G,30,-0.3,-2.6,-1.471178412437439,-1.1632100343704224,-1.03558,-2.15634,-0.13427623225450747,-1.7903778703213653,-1.03558,-1.7373334825077473,-1.5901119769347978,-2.15634,-0.9867447008586243,-1.8279284864808485,-2.814673187339473,0.06610244702758701,396614.68216552207,-0.8886447008586245,-1.7793284864808487,-2.667973187339473,0.1705582090712559,1094983.702237463,-0.8580447008586247,-1.7568284864808486,-2.614873187339473,0.20963840670458844,1480466.4281478038,-0.8949447008586249,-1.7604284864808486,-2.6553731873394737,0.1797703398147839,1396491.9537492045,-0.9993447008586249,-1.7901284864808487,-2.789473187339474,0.08367894916584262,715038.2942011087,-1.1712447008586253,-1.8459284864808487,-3.0171731873394743,-0.06961318360143554,-654330.6507517328
Javonte Cooke,POR,2025,25,G,30,-4.3,-1.2,-2.3789236545562744,-0.19568711519241333,-2.26143,-0.910969,-4.149424282063948,-2.960673279016743,-2.26143,-0.7989868992236504,-0.45843025241859264,-0.910969,-3.12384252036023,-0.7227953838807477,-3.8466379042409775,-0.522970489103137,-3137822.9346188223,-3.0257425203602297,-0.6741953838807478,-3.6999379042409775,-0.454789099014788,-2919746.0156749394,-2.99514252036023,-0.6516953838807479,-3.6468379042409778,-0.4288388887763265,-3028460.232538418,-3.03204252036023,-0.6552953838807479,-3.687337904240978,-0.4486925585005518,-3485533.5329439873,-3.13644252036023,-0.684995383880748,-3.821437904240978,-0.5116251674234645,-4371847.288136854,-3.3083425203602306,-0.7407953838807481,-4.049137904240979,-0.608614133904264,-5720681.941144078
Nick Richards,CHI,2025,25,G,30,-3.5,-4.3,-2.28039288520813,0.5382208824157715,-1.79945,-2.10473,-3.3463946721020594,-2.8336441285094898,-1.79945,-2.876754333638436,0.3999993019686946,-2.10473,-2.65982960020385,-1.527161677223247,-4.186991277427097,-0.6612955646423846,-3967773.3878543074,-2.56172960020385,-1.4785616772232473,-4.040291277427097,-0.6050778634796323,-3884599.88353924,-2.53112960020385,-1.4560616772232473,-3.9871912774270974,-0.5834580682510493,-4120380.877988911,-2.5680296002038503,-1.4596616772232474,-4.027691277427097,-0.6000088790694352,-4660988.974387188,-2.6724296002038503,-1.4893616772232474,-4.161791277427097,-0.6520053551707893,-5571398.800041499,-2.8443296002038507,-1.5451616772232475,-4.389491277427098,-0.7304249149143135,-6865645.057085221
Aj Johnson,DAL,2025,25,G,30,-1.7,-1.0,-1.668850064277649,-1.5661535263061523,-3.28015,-0.981346,-1.5395780496878113,-2.045222749527622,-3.28015,-0.6649373873259222,-2.0614225544907505,-0.981346,-2.2883169330718114,-1.2359019806055576,-3.5242189136773687,-0.36633305666223703,-2197998.3399734222,-2.1902169330718113,-1.1873019806055578,-3.377518913677369,-0.286818385311832,-1841374.0337019616,-2.1596169330718116,-1.1648019806055578,-3.3244189136773694,-0.2567659444325026,-1813281.0995823336,-2.1965169330718117,-1.1684019806055579,-3.3649189136773696,-0.2797484341370499,-2173141.7860634318,-2.3009169330718118,-1.198101980605558,-3.4990189136773697,-0.35304091366147466,-3016741.6680555753,-2.472816933071812,-1.253901980605558,-3.72671891367737,-0.46762080136497497,-4395412.010087714
Yang Hansen,POR,2025,25,G,30,-2.9,-1.0,-2.8830056190490723,0.04461578279733658,-3.30289,-1.59295,-2.7441224646306437,-3.610552541699608,-3.30289,-0.6649373873259222,-0.1773553624983384,-1.59295,-3.2191883354434174,-0.8117475832747535,-4.030935918718171,-0.6013178360513057,-3607907.0163078345,-3.1210883354434173,-0.7631475832747536,-3.884235918718171,-0.5396146662143675,-3464326.1570962393,-3.0904883354434176,-0.7406475832747537,-3.8311359187181715,-0.5160093332448212,-3644057.911374928,-3.1273883354434178,-0.7442475832747537,-3.8716359187181713,-0.534074537255467,-4148797.82030792,-3.231788335443418,-0.7739475832747538,-4.005735918718171,-0.591085337482304,-5050836.030493038,-3.403688335443418,-0.8297475832747538,-4.233435918718172,-0.6780191522845337,-6373055.938319827
Toby Okani,MEM,2025,25,G,30,-3.5,-2.5,-2.514486789703369,-1.092421531677246,-2.39974,-1.44729,-3.3463946721020594,-3.1354457892870053,-2.39974,-1.6703087265588834,-1.507312848132977,-1.44729,-2.9605268204630217,-1.5416371915639535,-4.5021640120269755,-0.7646346374149288,-4587807.824489573,-2.862426820463022,-1.4930371915639538,-4.355464012026976,-0.7194955059143052,-4619161.147969839,-2.8318268204630224,-1.4705371915639538,-4.302364012026976,-0.7018857451033017,-4956717.131919517,-2.8687268204630225,-1.4741371915639538,-4.342864012026976,-0.7153780550947202,-5557199.807586807,-2.9731268204630226,-1.503837191563954,-4.4769640120269765,-0.757247495124558,-6470694.990789252,-3.145026820463023,-1.559637191563954,-4.704664012026977,-0.8184714835520183,-7693240.716019838
Johni Broome,PHI,2025,25,G,30,-3.4,-1.5,-2.5619165897369385,-0.21363067626953125,-2.01352,-1.69105,-3.246015970856824,-3.1965938676675245,-2.01352,-1.0000611670702426,-0.4794182825119434,-1.69105,-2.818709946174783,-1.0568431498607287,-3.875553096035512,-0.5358009666447561,-3214805.7998685366,-2.7206099461747835,-1.008243149860729,-3.7288530960355124,-0.4686359683042413,-3008642.9165132293,-2.6900099461747837,-0.985743149860729,-3.6757530960355127,-0.4430536544653024,-3128844.9078339664,-2.726909946174784,-0.989343149860729,-3.716253096035513,-0.46262672524073867,-3593776.9270151067,-2.831309946174784,-1.019043149860729,-3.850353096035513,-0.5246302398665511,-4482975.892264478,-3.0032099461747843,-1.0748431498607292,-4.0780530960355135,-0.62004161670194,-5828094.817105455
Rob Dillingham,CHI,2025,25,G,30,-1.7,-0.5,-2.1439619064331055,-0.6824976801872253,-3.84539,-0.471092,-1.5395780496878113,-2.6577527653209114,-3.84539,-0.329813607581602,-1.0278375592491997,-0.471092,-2.680906938336241,-0.6095810556102673,-3.2904879939465084,-0.2372086346882022,-1423251.808129213,-2.5828069383362413,-0.5609810556102675,-3.1437879939465088,-0.14947813756302383,-959649.6431546131,-2.5522069383362416,-0.5384810556102675,-3.090687993946509,-0.11645187017626075,-822383.1071847535,-2.5891069383362417,-0.5420810556102675,-3.1311879939465093,-0.14170253264071553,-1100773.6140596066,-2.6935069383362418,-0.5717810556102676,-3.2652879939465094,-0.22250518419238646,-1901311.2490276268,-2.865406938336242,-0.6275810556102677,-3.49298799394651,-0.34983724319047504,-3288302.8637882215
Rayan Rupert,MEM,2025,25,G,30,-2.8,-2.4,-2.116316080093384,-0.6157028675079346,-4.02757,-1.35287,-2.643743763385408,-2.622110844951881,-4.02757,-1.603283970610019,-0.9497097265092195,-1.35287,-3.0978082027790967,-1.3019545657064129,-4.39976276848551,-0.7336695599858295,-4402017.359914977,-2.9997082027790967,-1.2533545657064131,-4.25306276848551,-0.6849309441849436,-4397256.661667338,-2.969108202779097,-1.2308545657064132,-4.19996276848551,-0.6660183025536011,-4703421.252633532,-3.006008202779097,-1.2344545657064132,-4.240462768485511,-0.6805043352046007,-5286293.776736381,-3.110408202779097,-1.2641545657064133,-4.374562768485511,-0.7256641013739412,-6200814.259522357,-3.2823082027790975,-1.3199545657064133,-4.602262768485511,-0.7924750194208257,-7448886.379496482
Jordan Hawkins,NOP,2025,25,G,30,-2.6,-2.6,-1.9681392908096313,-1.8124936819076538,-2.76963,-1.97842,-2.4429863608949356,-2.431076391530536,-2.76963,-1.7373334825077473,-2.3495590384776546,-1.97842,-2.5478975841418237,-2.0217708403284673,-4.569668424470291,-0.7836731846332919,-4702039.107799752,-2.449797584141824,-1.9731708403284676,-4.422968424470292,-0.7409068863560228,-4756622.210405666,-2.4191975841418243,-1.9506708403284674,-4.369868424470292,-0.7241560038283201,-5113989.699035598,-2.4560975841418244,-1.9542708403284674,-4.410368424470292,-0.7369932371629833,-5725110.864929488,-2.5604975841418245,-1.9839708403284675,-4.544468424470292,-0.7766936455960128,-6636862.735490844,-2.732397584141825,-2.0397708403284676,-4.772168424470292,-0.8342346474866091,-7841406.9222126305
Bismack Biyombo,SAS,2025,25,G,30,-3.4,-2.2,-4.57749080657959,0.39192894101142883,-4.69308,-2.08629,-3.246015970856824,-5.795139299147668,-4.69308,-1.469234458712291,0.22888612909218686,-2.08629,-4.578078423334831,-1.1088794432067013,-5.686957866541532,-0.9401941365487567,-5641164.819292541,-4.479978423334831,-1.0602794432067015,-5.540257866541532,-0.9367014414670827,-6013623.2542186715,-4.4493784233348315,-1.0377794432067016,-5.4871578665415335,-0.9341661576420793,-6597081.4052683655,-4.486278423334832,-1.0413794432067016,-5.527657866541533,-0.9361609851865479,-7272285.765126143,-4.590678423334832,-1.0710794432067017,-5.661757866541533,-0.9399609833364874,-8031985.401829953,-4.762578423334832,-1.1268794432067017,-5.889457866541534,-0.9365435704510982,-8803061.89441365
Jahmai Mashack,MEM,2025,25,G,30,-2.4,-2.2,-2.318324327468872,-0.2596471607685089,-3.93949,-1.42405,-2.2422289584044637,-2.882546607600786,-3.93949,-1.469234458712291,-0.5332423454894066,-1.42405,-3.0214218553350833,-1.142175601400566,-4.1635974567356495,-0.65267628179275,-3916057.6907565,-2.9233218553350833,-1.0935756014005662,-4.0168974567356495,-0.5956362694217566,-3823984.849687678,-2.8927218553350835,-1.0710756014005662,-3.9637974567356498,-0.5737188278049143,-4051602.361958306,-2.9296218553350837,-1.0746756014005663,-4.0042974567356495,-0.5904966570550225,-4587096.131334826,-3.0340218553350837,-1.1043756014005663,-4.13839745673565,-0.6432448164080827,-5496539.821103398,-3.205921855335084,-1.1601756014005664,-4.36609745673565,-0.7229407242232936,-6795297.242032782
Ben Saraf,BKN,2025,25,G,30,-2.3,-1.7,-2.763976812362671,-0.6030753254890442,-3.51216,-1.33689,-2.1418502571592275,-3.4570966385406585,-3.51216,-1.1341106789679705,-0.9349396799862084,-1.33689,-3.0370356318999616,-1.1353134529847264,-4.172349084884688,-0.6559161076186025,-3935496.645711615,-2.9389356318999615,-1.0867134529847267,-4.025649084884688,-0.5991837218645791,-3846759.4943705983,-2.908335631899962,-1.0642134529847267,-3.9725490848846885,-0.577377629759401,-4077440.8213608903,-2.945235631899962,-1.0678134529847267,-4.013049084884688,-0.5940705314158673,-4614858.702144742,-3.049635631899962,-1.0975134529847268,-4.147149084884688,-0.6465374860699786,-5524675.74921769,-3.2215356318999624,-1.1533134529847269,-4.374849084884689,-0.7257559120809361,-6821758.662234828
Drake Powell,BKN,2025,25,G,30,-2.8,-1.1,-1.9512752294540405,-1.349723219871521,-3.56842,-0.692121,-2.643743763385408,-2.4093346817856984,-3.56842,-0.7319621432747864,-1.8082706987893857,-0.692121,-2.8738328150570354,-1.0774512806880574,-3.951284095745093,-0.5684554747404793,-3410732.848442876,-2.7757328150570357,-1.0288512806880576,-3.8045840957450934,-0.5039524806400532,-3235374.9257091414,-2.745132815057036,-1.0063512806880577,-3.7514840957450937,-0.47933371434813954,-3385054.690726562,-2.782032815057036,-1.0099512806880577,-3.791984095745094,-0.49817187597753904,-3869898.76696872,-2.886432815057036,-1.0396512806880578,-3.926084095745094,-0.5577420247642528,-4765916.756451038,-3.0583328150570366,-1.0954512806880579,-4.153784095745094,-0.64902157906748,-6100492.610919521
Bronny James,LAL,2025,25,G,30,-2.2,-1.6,-1.765963077545166,-0.501406729221344,-2.90975,-1.71783,-2.0414715559139918,-2.170424081661589,-2.90975,-1.0670859230191065,-0.8160210579331797,-1.71783,-2.37388187919186,-1.2003123269840954,-3.5741942061759557,-0.39224322762933567,-2353459.365776014,-2.27578187919186,-1.1517123269840956,-3.4274942061759557,-0.3144852271408109,-2018995.158244006,-2.2451818791918603,-1.1292123269840957,-3.374394206175956,-0.2850686364507518,-2013154.7106152093,-2.2820818791918605,-1.1328123269840957,-3.414894206175956,-0.30756615567195866,-2389235.4104909096,-2.3864818791918605,-1.1625123269840958,-3.5489942061759563,-0.3792528440404307,-3240723.1373823616,-2.558381879191861,-1.2183123269840959,-3.7766942061759567,-0.49110611991536757,-4616162.778479137
Kam Jones,IND,2025,25,G,30,-2.3,-2.4,-1.390185832977295,-0.5954483151435852,-2.3263,-1.30091,-2.1418502571592275,-1.6859595385222836,-2.3263,-1.603283970610019,-0.92601860116775,-1.30091,-2.051369931893837,-1.276737523925923,-3.32810745581976,-0.2588753445131723,-1553252.0670790337,-1.9532699318938371,-1.2281375239259233,-3.1814074558197607,-0.17246720107935595,-1107239.4309294652,-1.9226699318938374,-1.2056375239259234,-3.128307455819761,-0.1399195770532696,-988112.05315019,-1.9595699318938375,-1.2092375239259234,-3.1688074558197608,-0.16480517254771584,-1280239.5413851666,-2.063969931893838,-1.2389375239259235,-3.3029074558197613,-0.2443990467986953,-2088394.742875788,-2.235869931893838,-1.2947375239259236,-3.5306074558197618,-0.3696786181654072,-3474802.304375346
Nolan Traore,BKN,2025,25,G,30,-1.0,-2.2,-1.889168620109558,-0.5032169222831726,-1.46317,-1.7736,-0.8369271409711595,-2.329264771867107,-1.46317,-1.469234458712291,-0.8181383849394049,-1.7736,-1.5431206376127555,-1.3536576145505652,-2.8967782521633207,0.009891303124948458,59347.81874969075,-1.4450206376127557,-1.3050576145505652,-2.7500782521633207,0.11146100752337325,715579.6683000564,-1.414420637612756,-1.2825576145505653,-2.696978252163321,0.14949655852437738,1055744.6962991531,-1.451320637612756,-1.2861576145505653,-2.7374782521633216,0.12042525601516157,935487.4737769783,-1.5557206376127561,-1.3158576145505654,-2.8715782521633217,0.026972040759725636,230476.6277326708,-1.7276206376127565,-1.3716576145505655,-3.099278252163322,-0.12184050560113008,-1145242.5128889459
Kyle Lowry,PHI,2025,25,G,30,-3.5,-0.4,-3.7638633251190186,0.13113854825496674,-2.39019,-0.450649,-3.3463946721020594,-4.746183643132192,-2.39019,-0.26278885163273796,-0.07615235171468687,-0.450649,-3.4942561050780845,-0.26319673444914166,-3.757452839527226,-0.4821347073927298,-2892808.244356379,-3.3961561050780844,-0.2145967344491418,-3.610752839527226,-0.4108183920910462,-2637454.0772245163,-3.3655561050780847,-0.19209673444914188,-3.5576528395272264,-0.3837334543213772,-2709925.6544175665,-3.402456105078085,-0.19569673444914193,-3.5981528395272266,-0.40445259419652335,-3141868.6422374337,-3.506856105078085,-0.225396734449142,-3.7322528395272268,-0.4702508709524831,-4018303.0973063884,-3.6787561050780853,-0.28119673444914206,-3.959952839527227,-0.5721057029484587,-5377520.141189504
Tre Mann,CHA,2025,25,G,30,-2.0,-2.1,-2.0211400985717773,-0.8073680996894836,-2.21548,-1.05483,-1.8407141534235196,-2.4994067986791375,-2.21548,-1.402209702763427,-1.1738946385000304,-1.05483,-2.1852003173675523,-1.2103114470878191,-3.3955117644553714,-0.2968483571077097,-1781090.142646258,-2.087100317367552,-1.1617114470878191,-3.2488117644553713,-0.21280952816962506,-1366237.170848993,-2.0565003173675525,-1.1392114470878192,-3.1957117644553716,-0.1811195087769646,-1279065.9709829239,-2.0934003173675526,-1.1428114470878192,-3.236211764455372,-0.20535099904252807,-1595207.6307621668,-2.1978003173675527,-1.1725114470878193,-3.370311764455372,-0.2827790582023157,-2416352.7079199525,-2.369700317367553,-1.2283114470878194,-3.5980117644553724,-0.404381104615527,-3800989.0892179483
Brooks Barnhizer,OKC,2025,25,G,30,-3.4,-2.0,-2.319430112838745,-0.32652467489242554,-3.68376,-1.17764,-3.246015970856824,-2.8839722229401126,-3.68376,-1.3351849468145627,-0.6114669115590257,-1.17764,-3.271249397932312,-1.0414306194578629,-4.312680017390175,-0.7053597594593854,-4232158.556756313,-3.1731493979323124,-0.992830619457863,-4.165980017390176,-0.6535601164233739,-4195855.94743806,-3.1425493979323127,-0.970330619457863,-4.112880017390176,-0.6335394956087647,-4474055.917989097,-3.179449397932313,-0.9739306194578631,-4.153380017390176,-0.6488705971283565,-5040556.572612501,-3.283849397932313,-1.003630619457863,-4.287480017390176,-0.6968284802181507,-5954413.300033705,-3.4557493979323133,-1.059430619457863,-4.515180017390176,-0.7683905632373459,-7222504.003741825
Trey Jemison III,NYK,2025,25,G,30,-3.0,-1.0,-3.6358487606048584,-0.08770245313644409,-4.51992,-1.79319,-2.8445011658758794,-4.581143001611047,-4.51992,-0.6649373873259222,-0.33212392297202864,-1.79319,-3.981854722495642,-0.930083770099317,-4.91193849259496,-0.8634019450837586,-5180411.670502551,-3.8837547224956426,-0.8814837700993171,-4.76523849259496,-0.8326667090676146,-5345720.272214086,-3.853154722495643,-0.8589837700993171,-4.71213849259496,-0.8202706282172525,-5792751.176470238,-3.890054722495643,-0.8625837700993172,-4.7526384925949605,-0.8297864026454691,-6445946.733030535,-3.994454722495643,-0.8922837700993173,-4.886738492594961,-0.8584890915882678,-7335806.457403582,-4.166354722495644,-0.9480837700993173,-5.114438492594961,-0.8973561134048467,-8434718.529783355
Patrick Williams,CHI,2025,25,G,30,-3.5,-0.9,-2.2349698543548584,-0.46753907203674316,-3.87562,-0.179143,-3.3463946721020594,-2.775083243813987,-3.87562,-0.5979126313770582,-0.776407103650262,-0.179143,-3.3323659719720156,-0.5178209116757734,-3.850186883647789,-0.5245560556531955,-3147336.333919173,-3.2342659719720155,-0.4692209116757735,-3.703486883647789,-0.4564994149840422,-2930726.2441975507,-3.2036659719720157,-0.44672091167577355,-3.6503868836477893,-0.43059435944332597,-3040857.3663887684,-3.240565971972016,-0.4503209116757736,-3.6908868836477895,-0.4504135891438467,-3498902.843187231,-3.344965971972016,-0.48002091167577365,-3.8249868836477896,-0.5132321633216046,-4385579.100226379,-3.5168659719720163,-0.5358209116757737,-4.05268688364779,-0.6100275003357992,-5733966.910011354
Will Riley,WAS,2025,25,G,30,-0.6,-3.0,-0.6400896906852722,-1.3557928800582886,-0.684701,-2.40724,-0.4354123359902154,-0.7189106015810648,-0.684701,-2.0054325063032037,-1.8153701931488828,-2.40724,-0.6130079791904267,-2.0760142331506954,-2.689022212341122,0.1552536699856955,931522.019914173,-0.5149079791904267,-2.0274142331506955,-2.542322212341122,0.26412616268787403,1695689.9644561515,-0.484307979190427,-2.0049142331506955,-2.4892222123411223,0.30480505424054377,2152533.2930467203,-0.5212079791904272,-2.0085142331506955,-2.529722212341123,0.2737176445309054,2126293.4062449797,-0.6256079791904272,-2.0382142331506956,-2.663822212341123,0.1735888743229583,1483320.4028671656,-0.7975079791904276,-2.0940142331506957,-2.8915222123411235,0.013441325257503257,126342.03246705756
Trendon Watford,PHI,2025,25,G,30,-1.9,-0.7,-1.879909634590149,0.2865869104862213,-2.39857,-1.31665,-1.7403354521782834,-2.317327779261947,-2.39857,-0.46386311947933007,0.10567080426030845,-1.31665,-2.1520777438134098,-0.5582807717396739,-2.7103585155530836,0.13984859893669882,839091.593620193,-2.0539777438134097,-0.5096807717396741,-2.563658515553084,0.24797110378930584,1591974.4863273436,-2.02337774381341,-0.4871807717396741,-2.5105585155530843,0.2883785273473456,2036529.160126955,-2.06027774381341,-0.49078077173967416,-2.551058515553084,0.25749816949801885,2000297.2802945105,-2.16467774381341,-0.5204807717396742,-2.685158515553084,0.15805497100532395,1350582.8883399137,-2.3365777438134105,-0.5762807717396743,-2.9128585155530846,-0.0009284864899377521,-8727.329188872682
Leaky Black,WAS,2025,25,G,30,-2.6,-1.7,-2.3680710792541504,-0.4689911901950836,-2.46408,-1.56176,-2.4429863608949356,-2.9466817773714675,-2.46408,-1.1341106789679705,-0.7781056014832933,-1.56176,-2.617916046088801,-1.1579920934837546,-3.7759081395725556,-0.4907413492642501,-2944448.095585501,-2.519816046088801,-1.1093920934837547,-3.6292081395725555,-0.42007375228348165,-2696873.4896599525,-2.489216046088801,-1.0868920934837547,-3.576108139572556,-0.39322362666678207,-2776945.251520815,-2.5261160460888012,-1.0904920934837548,-3.616608139572556,-0.4137636725269522,-3214198.9609238706,-2.6305160460888013,-1.1201920934837548,-3.750708139572556,-0.4789689490999892,-4092799.249438391,-2.8024160460888017,-1.1759920934837549,-3.9784081395725566,-0.5798168747450971,-5450001.470137788
Dejon Jarreau,MEM,2025,25,G,30,-3.7,-1.7,-2.0540084838867188,0.26111894845962524,-1.55993,-0.155562,-3.547152074592532,-2.54178181607446,-1.55993,-1.1341106789679705,0.07588171439496671,-0.155562,-2.549621296888997,-0.40459698819100126,-2.9542182850799983,-0.028473260170413628,-170839.56102248176,-2.4515212968889974,-0.3559969881910014,-2.8075182850799987,0.07107738186568402,456316.79157769145,-2.4209212968889977,-0.33349698819100143,-2.754418285079999,0.10838210661283997,765394.436899876,-2.457821296888998,-0.3370969881910015,-2.794918285079999,0.07986821395825443,620432.2596705122,-2.562221296888998,-0.36679698819100154,-2.9290182850799993,-0.011739355334072733,-100313.02611675824,-2.7341212968889983,-0.4225969881910016,-3.1567182850799997,-0.1574180196233412,-1479654.138646028
Andre Jackson Jr.,MIL,2025,25,G,30,-2.2,-0.7,-1.9370594024658203,0.37104853987693787,-2.89406,-0.535042,-2.0414715559139918,-2.3910071640161874,-2.89406,-0.46386311947933007,0.2044629677426381,-0.535042,-2.4421795733100597,-0.26481405057889734,-2.706993623888957,0.14227084691226444,853625.0814735866,-2.3440795733100597,-0.21621405057889748,-2.560293623888957,0.25051163035503604,1608284.6668793315,-2.31347957331006,-0.19371405057889757,-2.5071936238889574,0.29096186640890204,2054772.7005796665,-2.35037957331006,-0.19731405057889762,-2.5476936238889576,0.26004885496106317,2020111.515108531,-2.45477957331006,-0.22701405057889767,-2.6817936238889577,0.1604975367755192,1371454.6616975474,-2.6266795733100605,-0.28281405057889775,-2.909493623888958,0.001330493493070528,12506.002858973281
Jeremiah Robinson-earl,DAL,2025,25,G,30,-0.5,-3.6,-0.8840753436088562,-0.5074270963668823,-1.49812,-1.84739,-0.33503363474497944,-1.0334650339871496,-1.49812,-2.4075810419963877,-0.8230628957423262,-1.84739,-0.9555395562440431,-1.6926779792462379,-2.648217535490281,0.18501892682129364,1110113.560927762,-0.8574395562440432,-1.644077979246238,-2.501517535490281,0.2953257360280593,1895991.2253001407,-0.8268395562440435,-1.6215779792462381,-2.4484175354902815,0.33652379735846377,2376531.0569454716,-0.8637395562440435,-1.6251779792462382,-2.4889175354902817,0.3050404106997056,2369614.9183974536,-0.9681395562440436,-1.6548779792462383,-2.623017535490282,0.203600516815786,1739770.4882012282,-1.140039556244044,-1.7106779792462383,-2.8507175354902823,0.0412266973475043,387511.24870520853
Sean Pedulla,LAC,2025,25,G,30,-3.5,-1.7,-1.4933362007141113,-1.415055751800537,-0.832276,-1.17747,-3.3463946721020594,-1.8189444291793395,-0.832276,-1.1341106789679705,-1.8846881468259176,-1.17747,-1.9992050337604663,-1.3987562752646294,-3.3979613090250957,-0.2982078370952715,-1789247.022571629,-1.9011050337604665,-1.3501562752646294,-3.2512613090250957,-0.21425511157660404,-1375517.816321798,-1.8705050337604667,-1.3276562752646295,-3.198161309025096,-0.18259625845232139,-1289494.7771902941,-1.9074050337604669,-1.3312562752646295,-3.2386613090250966,-0.20680397783522375,-1606494.6606195853,-2.011805033760467,-1.3609562752646296,-3.3727613090250967,-0.28415332896131085,-2428095.879040981,-2.1837050337604675,-1.4167562752646297,-3.600461309025097,-0.4056217301897832,-3812650.3765969328
Chris Mañon,LAL,2025,25,G,30,-3.4,-1.6,-1.6200264692306519,0.656027615070343,-3.44022,-1.39767,-3.246015970856824,-1.98227774417994,-3.44022,-1.0670859230191065,0.5377942045260533,-1.39767,-2.889504571678921,-0.6423205728310177,-3.5318251445099387,-0.3703151896013916,-2221891.1376083493,-2.791404571678921,-0.5937205728310179,-3.385125144509939,-0.29106788325085464,-1868655.810470487,-2.7608045716789213,-0.5712205728310179,-3.3320251445099394,-0.26111221865982187,-1843974.488175662,-2.7977045716789215,-0.574820572831018,-3.3725251445099396,-0.2840208959410927,-2206331.123849597,-2.9021045716789216,-0.604520572831018,-3.5066251445099397,-0.35706897433066814,-3051161.527035047,-3.074004571678922,-0.6603205728310181,-3.73432514450994,-0.4712338721877465,-4429373.148773913
Cj Huntley,PHX,2025,25,G,30,-3.2,-1.7,-2.418450355529785,-0.6351157426834106,-2.86284,-0.708401,-3.045258568366352,-3.0116324187883823,-2.86284,-1.1341106789679705,-0.9724163679963951,-0.708401,-2.9732436623849114,-0.9383093489881218,-3.9115530113730332,-0.5514951568369538,-3308970.9410217227,-2.875143662384912,-0.8897093489881219,-3.7648530113730336,-0.48559558385248663,-3117523.648332964,-2.844543662384912,-0.867209348988122,-3.711753011373034,-0.4604713074123616,-3251848.372946098,-2.8814436623849122,-0.870809348988122,-3.752253011373034,-0.4796950276293803,-3726366.913630553,-2.9858436623849123,-0.9005093489881221,-3.8863530113730342,-0.540541803739543,-4618940.523790471,-3.1577436623849127,-0.9563093489881221,-4.114053011373035,-0.6339890541020483,-5959194.061791395
Hayden Gray,UTA,2025,25,G,30,-3.4,-2.0,-2.0914947986602783,-0.521683931350708,-2.23534,-0.718596,-3.246015970856824,-2.5901104219793565,-2.23534,-1.3351849468145627,-0.8397386760063701,-0.718596,-2.69048879761206,-0.964506540940311,-3.654995338552371,-0.43286938626385896,-2597216.317583154,-2.5923887976120605,-0.9159065409403111,-3.5082953385523714,-0.3579516091688567,-2298049.33086406,-2.561788797612061,-0.8934065409403111,-3.4551953385523717,-0.3295630747991519,-2327374.4342316114,-2.598688797612061,-0.8970065409403112,-3.4956953385523724,-0.3512764832675456,-2728785.977318948,-2.703088797612061,-0.9267065409403112,-3.6297953385523725,-0.42036689381003717,-3592043.514944644,-2.8749887976120614,-0.9825065409403113,-3.857495338552373,-0.5278117247858275,-4961177.9189823335
Lawson Lovering,MEM,2025,25,G,30,-3.2,-1.6,-3.0576562881469727,-0.33549416065216064,-3.39555,0.162848,-3.045258568366352,-3.8357180029844944,-3.39555,-1.0670859230191065,-0.6219582424736715,0.162848,-3.4255088571169487,-0.5087320551642595,-3.9342409122812083,-0.5612264435573835,-3367358.661344301,-3.327408857116949,-0.4601320551642596,-3.7875409122812087,-0.49612436814521554,-3185118.443492284,-3.2968088571169494,-0.4376320551642596,-3.734440912281209,-0.47128875647052515,-3328241.198194849,-3.3337088571169495,-0.4412320551642597,-3.774940912281209,-0.4902923086461116,-3808688.712024725,-3.4381088571169496,-0.47093205516425973,-3.9090409122812093,-0.5504100839079751,-4703265.175195327,-3.61000885711695,-0.5267320551642598,-4.13674091228121,-0.6426195006153147,-6040316.133662667
Neemias Queta,BOS,2025,25,G,30,0.0,4.0,-0.43320852518081665,1.4488743543624878,1.05939,2.04096,0.16685987148120063,-0.45219251053353565,1.05939,2.6863004101172807,1.4651625876559051,2.04096,0.25801912031588836,2.0641409992577286,2.322160119573617,6.794734946409026,40768409.67845415,0.3561191203158882,2.1127409992577286,2.468860119573617,7.079754441878504,45452023.51686,0.38671912031588773,2.1352409992577286,2.5219601195736163,7.184192064494183,50734764.359457925,0.3498191203158876,2.1316409992577285,2.481460119573616,7.104475114143265,55188983.58168772,0.24541912031588753,2.1019409992577285,2.347360119573616,6.843328531589751,58476379.169005066,0.07351912031588714,2.0461409992577284,2.1196601195736156,6.409774898474439,60248820.1732583
Noa Essengue,CHI,2025,25,G,30,-3.0,-2.0,-1.4179941415786743,-0.3301010727882385,-1.67706,-0.855156,-2.8445011658758794,-1.7218109364363232,-1.67706,-1.3351849468145627,-0.6156501138977655,-0.855156,-2.0811240341040675,-0.9353303535707761,-3.0164543876748438,-0.0691488201507608,-414892.92090456485,-1.9830240341040677,-0.8867303535707762,-2.8697543876748437,0.0282141738993156,181134.99643360614,-1.952424034104068,-0.8642303535707763,-2.816654387674844,0.06472705060245147,457102.4313545124,-1.989324034104068,-0.8678303535707763,-2.8571543876748446,0.036817109845847074,286002.67270450934,-2.093724034104068,-0.8975303535707764,-2.9912543876748443,-0.05279070760649638,-451097.6523116638,-2.2656240341040683,-0.9533303535707764,-3.2189543876748448,-0.19507382011378088,-1833600.6637835263
Vladislav Goldin,MIA,2025,25,G,30,-3.5,-1.6,-2.71039080619812,-0.17439357936382294,-3.1367,-1.07129,-3.3463946721020594,-3.3880117741151325,-3.1367,-1.0670859230191065,-0.43352386015656785,-1.07129,-3.290368815405731,-0.8572999277252249,-4.147668743130955,-0.646732422531891,-3880394.535191346,-3.192268815405731,-0.808699927725225,-4.000968743130956,-0.5891325033417961,-3782230.6714543314,-3.161668815405731,-0.7861999277252251,-3.947868743130956,-0.5670123960665052,-4004241.5410216604,-3.1985688154057312,-0.7897999277252251,-3.9883687431309562,-0.5839448008188204,-4536200.001720762,-3.3029688154057313,-0.8194999277252252,-4.122468743130956,-0.6372047768347405,-5444927.562148396,-3.4748688154057317,-0.8752999277252252,-4.350168743130957,-0.717769742473466,-6746692.485313681
John Tonje,BOS,2025,25,G,30,-3.4,-1.7,-1.9226362705230713,-0.24867203831672668,-2.09009,-0.731865,-3.246015970856824,-2.3724123817927,-2.09009,-1.1341106789679705,-0.5204050831808698,-0.731865,-2.569506117549841,-0.7954602540496133,-3.364966371599454,-0.2797751344904851,-1678650.8069429104,-2.471406117549841,-0.7468602540496134,-3.218266371599454,-0.19466261095429047,-1249733.9623265448,-2.4408061175498412,-0.7243602540496135,-3.1651663715994545,-0.16258395363961398,-1148167.880602954,-2.4777061175498414,-0.7279602540496135,-3.205666371599455,-0.18711186265925775,-1453522.3715096465,-2.5821061175498414,-0.7576602540496136,-3.339766371599455,-0.26552139724921914,-2268885.649922523,-2.754006117549842,-0.8134602540496136,-3.5674663715994557,-0.3887899757686987,-3654439.930617352
Rocco Zikarsky,MIN,2025,25,G,30,-2.8,-2.0,-1.5045100450515747,0.2023036628961563,-3.20986,-0.772432,-2.643743763385408,-1.8333501215684145,-3.20986,-1.3351849468145627,0.007087288469710129,-0.772432,-2.562317961651274,-0.7001765527816174,-3.262494514432891,-0.22086590332396086,-1325195.4199437653,-2.464217961651274,-0.6515765527816175,-3.115794514432891,-0.13215141336300973,-848412.0737905225,-2.433617961651274,-0.6290765527816176,-3.0626945144328914,-0.09876897679029356,-697506.5140930532,-2.4705179616512742,-0.6326765527816176,-3.103194514432892,-0.12429129371861208,-965519.6278649226,-2.5749179616512743,-0.6623765527816177,-3.237294514432892,-0.20599342338396362,-1760217.9226844374,-2.7468179616512747,-0.7181765527816177,-3.4649945144328926,-0.3348527841455506,-3147456.1113373553
Max Shulga,BOS,2025,25,G,30,-3.5,-1.6,-1.792284369468689,-0.6288388967514038,-2.28499,-0.71133,-3.3463946721020594,-2.2043583681328993,-2.28499,-1.0670859230191065,-0.9650745348593662,-0.71133,-2.6119143467449866,-0.9144968192928241,-3.5264111660378106,-0.36748220085076183,-2204893.205104571,-2.5138143467449865,-0.8658968192928242,-3.3797111660378105,-0.28804458889612883,-1849246.260713147,-2.4832143467449868,-0.8433968192928243,-3.326611166037811,-0.2580200406815274,-1822137.5272929466,-2.520114346744987,-0.8469968192928243,-3.3671111660378115,-0.2809812563197573,-2182718.595343139,-2.624514346744987,-0.8766968192928244,-3.5012111660378116,-0.3542032950468196,-3026674.240240975,-2.7964143467449873,-0.9324968192928245,-3.728911166037812,-0.46866357522191304,-4405213.5858970275
Chucky Hepburn,TOR,2025,25,G,30,-3.5,-1.9,-1.4154627323150635,-0.3990991413593292,-1.32562,-0.365084,-3.3463946721020594,-1.7185473592769234,-1.32562,-1.2681601908656988,-0.696355027115902,-0.365084,-2.1301873437929943,-0.7765330726605336,-2.906720416453528,0.003194292656356024,19165.755938136143,-2.0320873437929947,-0.7279330726605338,-2.7600204164535285,0.10441452215549663,670341.2322382884,-2.001487343792995,-0.7054330726605338,-2.7069204164535288,0.14232357610706667,1005089.094468105,-2.038387343792995,-0.7090330726605338,-2.747420416453529,0.11334875439826729,880515.7939166201,-2.142787343792995,-0.7387330726605339,-2.881520416453529,0.020214997793097413,172737.56044197333,-2.3146873437929956,-0.794533072660534,-3.1092204164535295,-0.1280551120676426,-1203656.8430922728
N'faly Dante,ATL,2025,25,G,30,-3.0,-1.6,-2.568491220474243,0.1271107941865921,-2.86985,-0.167107,-2.8445011658758794,-3.2050701006552904,-2.86985,-1.0670859230191065,-0.08086349145068183,-0.167107,-2.9731404221770568,-0.4383521381565962,-3.411492560333653,-0.30569167963730604,-1834150.0778238361,-2.875040422177057,-0.3897521381565963,-3.2647925603336536,-0.22221458825122853,-1426617.6565728872,-2.8444404221770574,-0.36725213815659635,-3.211692560333654,-0.19072789717493924,-1346920.4098494211,-2.8813404221770575,-0.3708521381565964,-3.252192560333654,-0.21480430652123694,-1668642.8139182732,-2.9857404221770576,-0.40055213815659646,-3.3862925603336542,-0.29171887552612186,-2492743.625748222,-3.157640422177058,-0.45635213815659653,-3.6139925603336547,-0.4124490225487931,-3876823.661325878
Zyon Pullin,MIN,2025,25,G,30,-3.2,-1.9,-1.6624549627304077,-0.7826291918754578,-2.69566,-1.499,-3.045258568366352,-2.0369779715529033,-2.69566,-1.2681601908656988,-1.144958300866386,-1.499,-2.592632179973085,-1.3040394972440283,-3.896671677217113,-0.5450452794454298,-3270271.676672579,-2.494532179973085,-1.2554394972440286,-3.7499716772171134,-0.47862261585377086,-3072757.193781209,-2.463932179973085,-1.2329394972440286,-3.6968716772171137,-0.45330899986871287,-3201268.1570728505,-2.5008321799730853,-1.2365394972440287,-3.737371677217114,-0.47267713160305425,-3671850.493718847,-2.6052321799730853,-1.2662394972440287,-3.871471677217114,-0.5340020702927956,-4563058.370693346,-2.7771321799730857,-1.3220394972440288,-4.0991716772171145,-0.6282612342971365,-5905355.293523091
Enrique Freeman,MIN,2025,25,G,30,-2.8,-1.4,-1.5425471067428589,-0.2158268839120865,-3.35821,-1.22466,-2.643743763385408,-1.8823887687483962,-3.35821,-0.9330364111213785,-0.48198711887029466,-1.22466,-2.6281141773779346,-0.8798945099972245,-3.5080086873751593,-0.35780017229898164,-2146801.03379389,-2.530014177377935,-0.8312945099972247,-3.3613086873751596,-0.277715698736605,-1782934.7858890041,-2.4994141773779353,-0.8087945099972247,-3.30820868737516,-0.2474570104308573,-1747541.4076627146,-2.5363141773779354,-0.8123945099972247,-3.34870868737516,-0.27059680749453824,-2102050.1199790724,-2.6407141773779355,-0.8420945099972248,-3.4828086873751603,-0.34441014916364715,-2942991.6128063495,-2.812614177377936,-0.8978945099972249,-3.7105086873751607,-0.45987445379738456,-4322600.045706502
Isaac Jones,DET,2025,25,G,30,-2.8,-1.7,-2.8242619037628174,-0.7850459218025208,-2.52198,-1.12419,-2.643743763385408,-3.5348181868394892,-2.52198,-1.1341106789679705,-1.1477850753410124,-1.12419,-2.9001806500749656,-1.1353619181029944,-4.03554256817796,-0.6031719228359408,-3619031.537015645,-2.8020806500749655,-1.0867619181029946,-3.88884256817796,-0.5416306803529476,-3477268.967865924,-2.771480650074966,-1.0642619181029946,-3.8357425681779604,-0.5180839591250134,-3658708.9193408447,-2.808380650074966,-1.0678619181029947,-3.8762425681779606,-0.5361044592649375,-4164566.6604618886,-2.912780650074966,-1.0975619181029947,-4.010342568177961,-0.5929672400087216,-5066916.925219327,-3.0846806500749664,-1.1533619181029948,-4.238042568177962,-0.6796497197155648,-6388382.492760288
Darius Brown,CLE,2025,25,G,30,-3.8,-1.9,-1.2623628377914429,-0.6761465072631836,-2.70557,-0.777068,-3.647530775837767,-1.5211658745615413,-2.70557,-1.2681601908656988,-1.0204087881214967,-0.777068,-2.6247555501331026,-1.0218789929957317,-3.646634543128834,-0.42873820661483414,-2572429.2396890046,-2.5266555501331025,-0.9732789929957318,-3.4999345431288345,-0.35352654098074826,-2269640.393096404,-2.4960555501331028,-0.9507789929957319,-3.4468345431288347,-0.3250316297778779,-2295373.369491374,-2.532955550133103,-0.9543789929957319,-3.487334543128835,-0.3468261731190251,-2694215.078023211,-2.637355550133103,-0.984078992995732,-3.621434543128835,-0.4161852302401876,-3556311.1161070094,-2.8092555501331034,-1.0398789929957322,-3.8491345431288355,-0.5240862195005671,-4926159.950092412
Norchad Omier,LAC,2025,25,G,30,-3.7,-2.1,-1.5767086744308472,-0.617280900478363,-1.97618,-1.17332,-3.547152074592532,-1.9264309999428784,-1.97618,-1.402209702763427,-0.9515555030153049,-1.17332,-2.48325435817847,-1.1756950685929106,-3.6589494267713807,-0.4348173197724636,-2608903.9186347816,-2.38515435817847,-1.1270950685929106,-3.5122494267713806,-0.3600385319902264,-2311447.375377253,-2.3545543581784703,-1.1045950685929107,-3.459149426771381,-0.3317003066355721,-2342467.565460411,-2.3914543581784704,-1.1081950685929107,-3.499649426771381,-0.35337534382130054,-2745090.345872627,-2.4958543581784705,-1.1378950685929108,-3.6337494267713812,-0.42233870278341135,-3608892.6620583073,-2.667754358178471,-1.1936950685929109,-3.8614494267713817,-0.5295678018811042,-4977684.204273083
Mark Sears,MIL,2025,25,G,30,-3.3,-1.8,-1.0279216766357422,-0.9927754402160645,-0.874131,-0.972988,-3.145637269611588,-1.2189165189281115,-0.874131,-1.2011354349168348,-1.3907598875872,-0.972988,-1.7462282628465664,-1.1882944408346783,-2.9345227036812447,-0.015407519000410864,-92445.11400246518,-1.6481282628465665,-1.1396944408346785,-2.787822703681245,0.08483543822227502,544643.5133870057,-1.6175282628465668,-1.1171944408346786,-2.7347227036812454,0.12239075558298163,864323.5159270164,-1.654428262846567,-1.1207944408346786,-2.7752227036812456,0.09368573296890828,727769.5108490735,-1.758828262846567,-1.1504944408346787,-2.9093227036812457,0.0014453111440557275,12350.212632179075,-1.9307282628465674,-1.2062944408346787,-3.137022703681246,-0.14530792825077707,-1365825.0683676011
Isaiah Stevens,SAC,2025,25,G,30,-3.5,-1.8,-2.2372169494628906,-0.18373510241508484,-2.72096,-1.02767,-3.3463946721020594,-2.7779802736917683,-2.72096,-1.2011354349168348,-0.4444503516191592,-1.02767,-2.9484449819312757,-0.8910852621786646,-3.83953024410994,-0.5197859472928529,-3118715.6837571175,-2.8503449819312756,-0.8424852621786647,-3.69283024410994,-0.45135471735716937,-2897697.2854330274,-2.819744981931276,-0.8199852621786647,-3.6397302441099404,-0.42531407429053164,-3003567.9926397344,-2.856644981931276,-0.8235852621786648,-3.680230244109941,-0.44523671820573946,-3458687.8743658257,-2.961044981931276,-0.8532852621786648,-3.814330244109941,-0.5083977083387922,-4344268.585709147,-3.1329449819312765,-0.9090852621786649,-4.042030244109942,-0.6057744630488893,-5693990.392466224
Trentyn Flowers,CHI,2025,25,G,30,-2.7,-1.6,-1.9285409450531006,0.2806783616542816,-2.24943,-1.1906,-2.5433650621401718,-2.3800248849177006,-2.24943,-1.0670859230191065,0.09875975688460542,-1.1906,-2.390939982352624,-0.719642055378167,-3.110582037730791,-0.12890438462432469,-773426.3077459481,-2.292839982352624,-0.6710420553781671,-2.963882037730791,-0.034850051552175756,-223737.33096496837,-2.2622399823526242,-0.6485420553781671,-2.910782037730791,0.00046521166815272075,3285.3248004945144,-2.2991399823526244,-0.6521420553781672,-2.951282037730792,-0.026531295076140406,-206100.40641047398,-2.4035399823526244,-0.6818420553781672,-3.085382037730792,-0.11311463102105437,-966566.7843675303,-2.575439982352625,-0.7376420553781673,-3.3130820377307924,-0.2502622145257893,-2352345.1912038773
Jalen Williams,OKC,2025,25,G,30,1.4,0.5,1.5332938432693481,-0.2139255553483963,1.6337,1.23298,1.5721616889145043,2.083087859115081,1.6337,0.3404339519070386,-0.4797631934777501,1.23298,1.7629831826765285,0.36455025280976283,2.127533435486291,6.424558781417877,38547352.68850727,1.8610831826765286,0.4131502528097626,2.274233435486291,6.7027369957704845,43031571.512846515,1.8916831826765281,0.43565025280976266,2.327333435486291,6.804698326448156,48054779.58137688,1.854783182676528,0.4320502528097626,2.2868334354862907,6.726870073338092,52255672.103704974,1.750383182676528,0.40235025280976255,2.1527334354862906,6.471977177204294,55303174.41875425,1.5784831826765275,0.3465502528097625,1.9250334354862901,6.049042219687559,56858105.42288207
Ajay Mitchell,OKC,2025,25,G,30,2.2,2.4,1.0348645448684692,-0.08756200224161148,1.06888,2.00114,2.375191298876393,1.440496201882859,1.06888,1.6139043149354555,-0.3319596418912155,2.00114,1.6281891669197508,1.0943615576814134,2.722550724601164,7.584812347331458,45508874.08398875,1.7262891669197507,1.1429615576814134,2.869250724601164,7.883905887675059,50614675.79887389,1.7568891669197506,1.1654615576814136,2.922350724601164,7.993437796472172,56449657.718686484,1.7199891669197505,1.1618615576814135,2.881850724601164,7.909835373609993,61445183.14927716,1.6155891669197504,1.1321615576814135,2.747750724601164,7.635823559852525,65248265.03541104,1.44368916691975,1.0763615576814134,2.5200507246011634,7.180424936840566,67492562.16318154
Nickeil Alexander-walker,ATL,2025,25,G,30,1.4,0.5,0.9903995394706726,-0.13737235963344574,1.3313,0.450593,1.5721616889145043,1.3831704355222525,1.3313,0.3404339519070386,-0.39022128100551173,0.450593,1.4288773748122523,0.13360189030050898,1.5624792651127613,5.401264341709249,32407586.050255492,1.5269773748122522,0.18220189030050882,1.7091792651127609,5.6595804572755934,36334506.53570931,1.5575773748122521,0.20470189030050878,1.762279265112761,5.7543524393128385,40637236.92642727,1.520677374812252,0.20110189030050873,1.7217792651127608,5.682007587708185,44138971.34283474,1.416277374812252,0.17140189030050867,1.5876792651127607,5.445270843225632,46529948.26077991,1.2443773748122515,0.1156018903005086,1.3599792651127602,5.053164787505979,47497333.5897878
Immanuel Quickley,TOR,2025,25,G,30,1.7,0.1,1.0826172828674316,-0.19990234076976776,1.52534,-0.147323,1.8732977926502128,1.5020606226474056,1.52534,0.07233492811158238,-0.4633606717978649,-0.147323,1.6335661384325395,-0.17944958122876084,1.4541165572037786,5.213765620122418,31282593.720734507,1.7316661384325396,-0.130849581228761,1.6008165572037787,5.468272701224311,35106310.741860084,1.762266138432539,-0.10834958122876104,1.653916557203778,5.561665952995282,39276484.96005269,1.725366138432539,-0.11194958122876109,1.6134165572037777,5.490372675322532,42650313.0164405,1.620966138432539,-0.14164958122876115,1.4793165572037776,5.257117808970061,44922176.82000537,1.4490661384325385,-0.19744958122876122,1.2516165572037772,4.870923935578666,45784356.69279827
Moses Moody,GSW,2025,25,G,30,0.6,1.6,0.3048309087753296,0.25026896595954895,0.589701,1.77971,0.7691320789526166,0.499312516338245,0.589701,1.0777062673445434,0.06319082442918811,1.77971,0.6193818650969539,0.9735356972579104,1.5929175623548644,5.454437530258877,32726625.181553263,0.7174818650969537,1.0221356972579103,1.739617562354864,5.713823575928222,36682747.35745919,0.7480818650969536,1.0446356972579105,1.7927175623548641,5.808982833278824,41023036.76861506,0.7111818650969535,1.0410356972579105,1.752217562354864,5.736342602197881,44561056.60239359,0.6067818650969534,1.0113356972579104,1.6181175623548638,5.498627823449396,46985884.72393157,0.43488186509695304,0.9555356972579102,1.3904175623548634,5.1048610786741655,47983254.01594156
Jaylen Brown,BOS,2025,25,G,30,0.7,-1.3,3.051435947418213,-1.2739323377609253,1.70489,-0.157427,0.8695107801978528,4.040327238398952,1.70489,-0.8660116551725144,-1.7196204410338454,-0.157427,2.2049093395322683,-0.9143530320687866,1.2905563074634818,4.936087661431568,29616525.968589406,2.3030093395322684,-0.8657530320687867,1.4372563074634817,5.1848454710331735,33286707.924032975,2.3336093395322677,-0.8432530320687868,1.490356307463481,5.276157698150667,37260225.66434002,2.2967093395322675,-0.8468530320687868,1.4498563074634807,5.206451642671247,40444757.650598794,2.1923093395322675,-0.8765530320687869,1.3157563074634806,4.978452245358916,42540974.005636856,2.020409339532267,-0.932353032068787,1.0880563074634801,4.601182087854473,43248912.260794066
Jrue Holiday,POR,2025,25,G,30,0.2,1.8,0.5402358174324036,-0.23915645480155945,0.975512,1.65786,0.36761727397167276,0.8028043673587797,0.975512,1.2117557792422715,-0.5092749985608886,1.65786,0.7153112137768175,0.7867802602271275,1.502091474003945,5.296428968579658,31778573.811477948,0.8134112137768172,0.8353802602271274,1.6487914740039447,5.552622405763336,35647835.84500062,0.8440112137768172,0.8578802602271275,1.7018914740039448,5.646626056361458,39876473.210024625,0.807111213776817,0.8542802602271274,1.6613914740039446,5.574867220261221,43306683.54043323,0.702711213776817,0.8245802602271274,1.5272914740039445,5.340070838226627,45631012.11406331,0.5308112137768166,0.7687802602271273,1.299591474003944,4.951259491898475,46539472.52180855
Trae Young,WAS,2025,25,G,30,3.4,-3.9,2.322950601577759,-1.7324587106704712,3.55594,-1.8402,3.5797357138192236,3.1011396602311354,3.55594,-2.6086553098429803,-2.255944600539327,-1.8402,3.4122717913501197,-2.2349333034607692,1.1773384878893505,4.747630811248846,28485784.867493074,3.51037179135012,-2.1863333034607697,1.32403848788935,4.992408925389995,32051265.30100377,3.54097179135012,-2.1638333034607697,1.3771384878893502,5.082280649242662,35891065.94495168,3.50407179135012,-2.16743330346077,1.33663848788935,5.013673282694043,38947216.79462387,3.3996717913501198,-2.19713330346077,1.20253848788935,4.789311766508141,40924764.83104741,3.2277717913501194,-2.25293330346077,0.9748384878893495,4.418218682325754,41529143.705331944
Kon Knueppel,CHA,2025,25,G,30,4.3,1.4,0.8899208903312683,-0.8586386442184448,2.92985,0.151752,4.483144025026349,1.2536300134922966,2.92985,0.9436567554468152,-1.2338642134830335,0.151752,2.888874679506215,-0.04615181934540613,2.8427228601608086,7.829438664307293,46976631.98584376,2.986974679506215,0.0024481806545937346,2.9894228601608086,8.132756349791286,52212295.765660055,3.017574679506214,0.0249481806545937,3.042522860160808,8.243817243639212,58217837.37458012,2.980674679506214,0.02134818065459365,3.0020228601608077,8.159048645738276,63381121.68982408,2.876274679506214,-0.008351819345406408,2.8679228601608076,7.881175496852474,67344802.24411435,2.7043746795062136,-0.06415181934540648,2.640222860160807,7.419220378622606,69737125.17171153
Donovan Clingan,POR,2025,25,G,30,0.6,1.4,-0.09568191319704056,1.016414999961853,1.9063,0.824366,0.7691320789526166,-0.017041957284578912,1.9063,0.9436567554468152,0.9593282159109273,0.824366,0.8861300405560125,0.9091169904525809,1.7952470310085933,5.813532692502662,34881196.15501597,0.9842300405560123,0.9577169904525806,1.941947031008593,6.080030778228476,39033797.59622682,1.0148300405560122,0.9802169904525807,1.995047031008593,6.177764332286635,43627371.71460822,0.9779300405560121,0.9766169904525807,1.9545470310085928,6.103160654564336,47410572.596786685,0.873530040556012,0.9469169904525806,1.8204470310085927,5.85894468582558,50064799.51927331,0.7016300405560116,0.8911169904525805,1.5927470310085923,5.4541390077111656,51266299.5940393
Paul George,PHI,2025,25,G,30,0.2,1.2,0.27692949771881104,0.7934637665748596,0.0500412,1.50665,0.36761727397167276,0.46334108763722703,0.0500412,0.8096072435490871,0.6985490330293831,1.50665,0.29366652053629994,1.004935425526157,1.298601946062457,4.949596925085979,29697581.550515875,0.3917665205362997,1.0535354255261569,1.4453019460624565,5.198637545216255,33375253.04028836,0.4223665205362992,1.076035425526157,1.4984019460624562,5.290052139334923,37358348.20798323,0.38546652053629904,1.072435425526157,1.457901946062456,5.220268007329184,40552085.93453458,0.281066520536299,1.042735425526157,1.323801946062456,4.9920100899630375,42656826.05893597,0.1091665205362986,0.9869354255261568,1.0961019460624555,4.614300968877282,43372223.47158334
Jalen Suggs,ORL,2025,25,G,30,-0.4,3.6,-0.06596822291612625,1.2718651294708252,-0.709866,1.9692,-0.23465493349974342,0.02126592217065515,-0.709866,2.4182013863218246,1.2581203554668627,1.9692,-0.3077516704430294,1.881840580596229,1.5740889101531996,5.4215192430232095,32529115.458139256,-0.20965167044302957,1.930440580596229,1.7207889101531995,5.680243446749516,36467162.92813189,-0.17905167044302983,1.9529405805962292,1.7738889101531994,5.775163141679019,40784202.10653723,-0.21595167044302999,1.9493405805962292,1.7333889101531992,5.702705627698914,44299757.85709071,-0.32035167044303003,1.919640580596229,1.599288910153199,5.4655958455732065,46703625.81233998,-0.4922516704430304,1.863840580596229,1.3715889101531986,5.072856376942692,47682425.117913134
Devin Booker,PHX,2025,25,G,30,2.9,-0.1,3.313410997390747,-1.3240822553634644,3.67908,-0.506156,3.0778422075930454,4.37807420081758,3.67908,-0.06171458378614578,-1.7782792532560965,-0.506156,3.7116654694702085,-0.7820499456807474,2.929615523789461,8.008475784162062,48050854.70497237,3.809765469470208,-0.7334499456807475,3.076315523789461,8.314847815157128,53381322.973308764,3.8403654694702083,-0.7109499456807475,3.1294155237894605,8.427014269650169,59511574.7722695,3.803465469470208,-0.7145499456807476,3.0889155237894608,8.341402447528383,64797682.49289001,3.699065469470208,-0.7442499456807476,2.9548155237894607,8.060737289555771,68879161.35399987,3.5271654694702077,-0.8000499456807477,2.72711552378946,7.594041377373133,71380358.9955291
Aaron Gordon,DEN,2025,25,G,30,1.3,2.4,1.78976571559906,0.3168978989124298,1.34589,0.330954,1.4717829876692685,2.4137399415720173,1.34589,1.6139043149354555,0.1411246327681696,0.330954,1.7438043097470952,0.6953276492345418,2.439131958981637,7.021579791150552,42129478.746903315,1.8419043097470948,0.7439276492345417,2.5858319589816365,7.310710938832057,46934764.227301806,1.8725043097470944,0.7664276492345418,2.6389319589816362,7.41663682819933,52376289.280743666,1.8356043097470942,0.7628276492345417,2.598431958981636,7.33578475913957,56985843.16594802,1.7312043097470942,0.7331276492345417,2.464331958981636,7.070879672416778,60420808.21839483,1.5593043097470938,0.6773276492345416,2.2366319589816355,6.630944149671752,62327705.415610954
Collin Gillespie,PHX,2025,25,G,30,1.7,0.9,0.5200873613357544,0.1614183634519577,1.13128,0.867586,1.8732977926502128,0.7768283064904573,1.13128,0.6085329757024948,-0.040734985571799553,0.867586,1.2604686997135568,0.478461330043565,1.7389300297571217,5.712595895449574,34275575.37269744,1.3585686997135566,0.5270613300435649,1.8856300297571216,5.97711439425992,38373074.41114869,1.3891686997135566,0.549561330043565,1.9387300297571217,6.0741314107229085,42895516.02252519,1.3522686997135565,0.545961330043565,1.8982300297571215,6.00007424472574,46609776.7478785,1.2478686997135564,0.5162613300435649,1.7641300297571214,5.757667837032413,49199386.82079872,1.075968699713556,0.4604613300435648,1.536430029757121,5.355934769283727,50343226.69444734
Michael Porter Jr.,BKN,2025,25,G,30,2.3,-1.7,2.1997878551483154,-0.8506482839584351,3.6854,-1.00143,2.4755700001216283,2.9423541442285943,3.6854,-1.1341106789679705,-1.2245181354735988,-1.00143,3.0344413814500744,-1.1200196048138564,1.914421776636218,6.029634865279669,36177809.19167802,3.132541381450074,-1.0714196048138565,2.0611217766362175,6.300322037104819,40448067.47821294,3.163141381450074,-1.0489196048138565,2.1142217766362177,6.399571886131449,45193776.6598603,3.126241381450074,-1.0525196048138565,2.0737217766362175,6.323811712246757,49124634.143075265,3.021841381450074,-1.0822196048138566,1.9396217766362174,6.075766456214743,51917545.88368413,2.8499413814500736,-1.1380196048138567,1.711921776636217,5.6644586996762065,53243204.16569792
Dyson Daniels,ATL,2025,25,G,30,1.4,2.3,-0.294277161359787,1.0583322048187256,1.00725,2.72279,1.5721616889145043,-0.27307756764050206,1.00725,1.5468795589865914,1.0083574778943296,2.72279,0.7687780404246674,1.7593423456269737,2.528120386051641,7.196351875450846,43178111.252705075,0.8668780404246672,1.8079423456269736,2.674820386051641,7.488611036377755,48076882.85354519,0.8974780404246672,1.8304423456269738,2.727920386051641,7.595669151398273,53640615.5471746,0.860578040424667,1.8268423456269738,2.687420386051641,7.513953520399599,58369893.73716818,0.756178040424667,1.7971423456269737,2.5533203860516407,7.246189084145732,61918830.647806995,0.5842780404246666,1.7413423456269737,2.3256203860516402,6.801398424277474,63929894.119761474
Stephon Castle,SAS,2025,25,G,30,1.4,0.1,1.7858514785766602,0.2242584228515625,0.984258,1.14777,1.5721616889145043,2.408693576795522,0.984258,0.07233492811158238,0.032767094203699276,1.14777,1.6550377552366753,0.4176240074384272,2.0726617626751027,6.321834105171585,37931004.63102951,1.7531377552366754,0.46622400743842696,2.2193617626751023,6.598083537040871,42359696.307802394,1.7837377552366749,0.48872400743842703,2.272461762675102,6.69934671945771,47310786.53281035,1.7468377552366747,0.485124007438427,2.231961762675102,6.622050952309299,51441416.20772911,1.6424377552366747,0.4554240074384269,2.0978617626751017,6.368921176359639,54422558.83041666,1.4705377552366743,0.39962400743842685,1.8701617626751013,5.948979973249529,55917568.13611838
Og Anunoby,NYK,2025,25,G,30,0.9,1.8,1.7749360799789429,1.8187028169631958,1.46228,1.05163,1.0702681826883247,2.394621081264539,1.46228,1.2117557792422715,1.8977395365169412,1.05163,1.6423897546509545,1.3870417719197377,3.029431526570692,8.21637341635341,49298240.49812046,1.7404897546509541,1.4356417719197376,3.1761315265706918,8.526254058401431,54738551.05493719,1.7710897546509536,1.4581417719197378,3.2292315265706915,8.639690500944312,61013494.317668736,1.7341897546509535,1.4545417719197378,3.1887315265706913,8.553110043869259,66442269.442785196,1.6297897546509534,1.4248417719197377,3.054631526570691,8.269237627940264,70660800.91550213,1.457889754650953,1.3690417719197376,2.8269315265706907,7.797095834798132,73288973.83529343
James Harden,CLE,2025,25,G,30,2.3,-1.7,2.9194767475128174,-0.2824127972126007,1.85757,-0.532925,2.4755700001216283,3.8702010415114527,1.85757,-1.1341106789679705,-0.5598706084484351,-0.532925,2.7344470138776935,-0.7423020958054685,1.992144918072225,6.17240537605937,37034432.25635622,2.8325470138776936,-0.6937020958054686,2.138844918072225,6.445824577474109,41382193.78738379,2.863147013877693,-0.6712020958054686,2.1919449180722244,6.546063320646662,46228299.17040674,2.8262470138776927,-0.6748020958054687,2.151444918072224,6.46954890546423,50256749.80742725,2.7218470138776927,-0.7045020958054687,2.017344918072224,6.219006272690814,53141532.98026847,2.5499470138776923,-0.7603020958054688,1.7896449180722236,5.803458003967212,54549731.18436592
Scottie Barnes,TOR,2025,25,G,30,0.5,2.2,1.372286081314087,1.5048764944076538,1.27837,1.94167,0.6687533777073806,1.8755112882473124,1.27837,1.4798548030377274,1.5306665640131323,1.94167,1.274211555318231,1.65073045568362,2.9249420110018507,7.998800256132389,47992801.536794335,1.372311555318231,1.6993304556836197,3.0716420110018507,8.305008009474918,53318151.420828976,1.4029115553182305,1.72183045568362,3.1247420110018505,8.417115001504769,59441666.14062669,1.3660115553182304,1.7182304556836199,3.0842420110018502,8.331548532109142,64721135.30713026,1.2616115553182303,1.6885304556836198,2.95014201100185,8.051033542052043,68796242.63750556,1.08971155531823,1.6327304556836197,2.7224420110018497,7.584592612974266,71291545.12668914
Amen Thompson,HOU,2025,25,G,30,1.4,2.4,0.8434661626815796,0.3874497711658478,1.58772,1.70429,1.5721616889145043,1.1937390309147113,1.58772,1.6139043149354555,0.2236469822412216,1.70429,1.4512069066097386,1.1806137657255589,2.6318206723352975,7.402411783599465,44414470.70159679,1.5493069066097387,1.2292137657255588,2.7785206723352975,7.698316091201369,49423189.30551279,1.5799069066097382,1.251713765725559,2.8316206723352972,7.806693615141056,55130870.31012615,1.543006906609738,1.248113765725559,2.791120672335297,7.723971655305727,60001356.61274596,1.438606906609738,1.218413765725559,2.657020672335297,7.45287515245938,63684967.23526847,1.2667069066097376,1.1626137657255589,2.4293206723352965,7.002426688242815,65819463.7095255
Franz Wagner,ORL,2025,25,G,30,2.9,1.8,1.7973496913909912,-0.21579676866531372,1.89276,1.90352,3.0778422075930454,2.423517455831676,1.89276,1.2117557792422715,-0.481951893994763,1.90352,2.464706554474907,0.8777746284158362,3.3424811828907433,8.883880433809535,53303282.60285721,2.562806554474907,0.9263746284158361,3.489181182890743,9.204765017647285,59094591.413295574,2.5934065544749063,0.9488746284158361,3.5422811828907426,9.322184482064976,65833266.81234287,2.556506554474906,0.9452746284158361,3.5017811828907424,9.232566126949813,71720420.18737155,2.452106554474906,0.915574628415836,3.3676811828907423,8.93863489306579,76380813.93394506,2.2802065544749057,0.859774628415836,3.139981182890742,8.44941336205371,79420446.78371784
Jalen Brunson,NYK,2025,25,G,30,3.6,-1.5,4.302244186401367,-0.9125720858573914,4.13409,-1.26742,3.780493116309697,5.6529108921821845,4.13409,-1.0000611670702426,-1.296948497103841,-1.26742,4.522498002830627,-1.1881432213913612,3.3343547814392656,8.866255867258658,53197535.20355195,4.620598002830627,-1.1395432213913614,3.481054781439265,9.186854801689911,58979607.82684924,4.651198002830627,-1.1170432213913615,3.5341547814392658,9.304170871537153,65706054.694795385,4.614298002830626,-1.1206432213913615,3.4936547814392647,9.214631376687585,71581099.46038452,4.509898002830626,-1.1503432213913616,3.3595547814392646,8.920961257905208,76229792.36802518,4.337998002830625,-1.2061432213913617,3.1318547814392637,8.432183096830821,79258490.52668947
Jamal Murray,DEN,2025,25,G,30,3.9,-3.0,3.5933895111083984,-0.798162043094635,4.22204,-1.33,4.0816292200454045,4.739031828502098,4.22204,-2.0054325063032037,-1.1631265979743306,-1.33,4.347567016182501,-1.4995197014258448,2.8480473147566565,7.840357351477896,47042144.10886738,4.445667016182502,-1.4509197014258448,2.994747314756657,8.14386219573128,52283595.29659483,4.4762670161825024,-1.4284197014258448,3.0478473147566576,8.254990834164449,58296745.27086935,4.439367016182501,-1.432019701425845,3.0073473147566565,8.170170566664599,63467518.995963946,4.334967016182501,-1.461719701425845,2.8732473147566564,7.8921263339957335,67438377.36652024,4.1630670161825005,-1.517519701425845,2.6455473147566555,7.429880717798653,69837327.26432425
Ausar Thompson,DET,2025,25,G,30,-0.5,3.7,-1.0323591232299805,1.872432827949524,-0.379054,3.63362,-0.33503363474497944,-1.2246374229159378,-0.379054,2.4852261422706885,1.9605858735762656,3.63362,-0.6462416858869724,2.6931440052823183,2.046902319395346,6.27385896132752,37643153.76796512,-0.5481416858869725,2.7417440052823183,2.193602319395346,6.549202928492842,42045882.80092405,-0.5175416858869728,2.7642440052823183,2.2467023193953457,6.650138366016834,46963277.140810885,-0.554441685886973,2.7606440052823182,2.206202319395345,6.5730925737866945,51061097.73168982,-0.658841685886973,2.730944005282318,2.072102319395345,6.320790492566427,54011281.17478999,-0.8307416858869734,2.675144005282318,1.8444023193953447,5.902254703996828,55478372.93982169
Anthony Edwards,MIN,2025,25,G,30,3.1,-1.2,4.130306720733643,-0.5507873892784119,2.06941,-0.405289,3.278599610083517,5.4312433831529106,2.06941,-0.7989868992236504,-0.8737800933249288,-0.405289,3.5930843310788094,-0.6926853308495264,2.900399000229283,7.948075007392282,47688450.04435369,3.6911843310788095,-0.6440853308495266,3.047099000229283,8.253420054590805,52986956.75047297,3.7217843310788097,-0.6215853308495266,3.100199000229283,8.36521477875258,59075146.76755073,3.6848843310788095,-0.6251853308495267,3.059699000229283,8.27988647976481,64319814.15210901,3.5804843310788095,-0.6548853308495267,2.925599000229283,8.000160098391495,68361528.04395732,3.408584331078809,-0.7106853308495268,2.6978990002292824,7.5350582162734305,70825945.47514288
Austin Reaves,LAL,2025,25,G,30,2.6,-0.0,2.1937336921691895,-1.1783422231674194,2.42503,-0.0317574,2.776706103857337,2.9345489156146423,2.42503,0.005310172162718285,-1.607811631562142,-0.0317574,2.7120950064906597,-0.5447529531331413,2.1673420533575185,6.4995356284031764,38997213.77041906,2.81019500649066,-0.49615295313314145,2.314042053357518,6.779113147003338,43521906.40376143,2.84079500649066,-0.4736529531331415,2.3671420533575187,6.881580974310495,48597724.84058072,2.80389500649066,-0.47725295313314153,2.326642053357518,6.803366410211841,52849910.94780763,2.6994950064906598,-0.5069529531331416,2.192542053357518,6.547194395471381,55945907.05319088,2.5275950064906594,-0.5627529531331417,1.9648420533575177,6.122087511729913,57544696.252430595
Jarrett Allen,CLE,2025,25,G,30,1.5,1.6,0.8740381002426147,1.7503395080566406,2.49948,1.36049,1.6725403901597409,1.233153391356953,2.49948,1.0777062673445434,1.8177770821052852,1.36049,1.8017245938388982,1.4186577831499427,3.220382376988841,8.620739330389272,51724435.982335635,1.899824593838898,1.4672577831499425,3.3670823769888405,8.93733204510781,57377671.729592144,1.930424593838898,1.4897577831499427,3.4201823769888406,9.05319801088726,63933684.35288583,1.8935245938388978,1.4861577831499426,3.3796823769888404,8.964764527614822,69640083.80341747,1.7891245938388978,1.4564577831499426,3.2455823769888403,8.674756536054499,74125968.09571645,1.6172245938388974,1.4006577831499425,3.01788237698884,8.192196617847085,77002732.3377793
Jayson Tatum,BOS,2025,25,G,30,2.7,1.7,3.6376218795776367,-0.23113830387592316,3.44709,0.954571,2.877084805102573,4.796057671583846,3.44709,1.1447310232934071,-0.49989641466680956,0.954571,3.706744158895473,0.5331352028755325,4.239879361771005,10.927516067907046,65565096.40744228,3.804844158895473,0.5817352028755323,4.386579361771005,11.279944903984804,72417246.28358245,3.835444158895473,0.6042352028755323,4.439679361771005,11.408782226575262,80568820.08407451,3.798544158895473,0.6006352028755323,4.399179361771005,11.310455335565615,87861879.13774082,3.694144158895473,0.5709352028755322,4.265079361771005,10.987689171719868,93890023.72612976,3.5222441588954725,0.5151352028755322,4.037379361771005,10.44950631667882,98220364.51276156
De'aaron Fox,SAS,2025,25,G,30,2.7,0.9,1.9720162153244019,0.18950150907039642,1.87962,0.359295,2.877084805102573,2.6487033576987242,1.87962,0.6085329757024948,-0.007886996099555121,0.359295,2.4684693876004324,0.31998032653431324,2.7884497141347455,7.718529990821709,46311179.944930255,2.566569387600432,0.36858032653431305,2.935149714134745,8.019939932509919,51488014.36671368,2.5971693876004323,0.3910803265343129,2.9882497141347453,8.130310293327472,57416251.29147862,2.560269387600432,0.38748032653431286,2.947749714134745,8.046068373161567,62503468.33639371,2.455869387600432,0.3577803265343128,2.813649714134745,7.769939112776203,66394285.11745494,2.2839693876004317,0.3019803265343127,2.5859497141347445,7.310945093812182,68719389.2500797
Kristaps Porzingis,GSW,2025,25,G,30,0.5,0.4,0.6382764577865601,0.7169052362442017,2.00026,0.425749,0.6687533777073806,0.9292016272377839,2.00026,0.2734091959581746,0.6090008808216474,0.425749,1.1994050016483881,0.43605302559327397,1.6354580272416621,5.529124145708026,33174744.874248154,1.297505001648388,0.4846530255932737,1.7821580272416617,5.790005522197488,37171835.45250787,1.3281050016483875,0.5071530255932738,1.8352580272416614,5.885706034262118,41564856.01395909,1.2912050016483874,0.5035530255932738,1.7947580272416612,5.812652981789119,45153850.89313425,1.1868050016483873,0.4738530255932737,1.6606580272416611,5.57357130554249,47626278.27728671,1.014905001648387,0.4180530255932736,1.4329580272416607,5.17748358716303,48665870.88217784
Malik Williams,ATL,2025,25,G,30,,,-3.627730369567871,-0.411374032497406,-2.60317,-0.532927,,-4.570676501412817,-2.60317,,-0.7107125887777892,-0.532927,-3.586923250706408,-0.6218197943888946,-4.208743045095303,-0.6691921969425431,-4015153.1816552584,-3.4888232507064085,-0.5732197943888947,-4.062043045095304,-0.6137390875319702,-3940204.9419552484,-3.458223250706409,-0.5507197943888947,-4.008943045095304,-0.5923960463731937,-4183500.8794874935,-3.495123250706409,-0.5543197943888948,-4.049443045095304,-0.6087357735790156,-4728781.2363165105,-3.599523250706409,-0.5840197943888948,-4.183543045095304,-0.6600333283854334,-5639997.991720098,-3.7714232507064094,-0.6398197943888949,-4.411243045095304,-0.7372661291516486,-6929949.200815765
Hunter Sallis,PHI,2025,25,G,30,-3.4,-1.8,-1.9921395778656006,-0.5389454960823059,,,-3.246015970856824,-2.4620183611997035,,-1.2011354349168348,-0.8599289960040597,,-2.854017166028264,-1.0305322154604473,-3.884549381488711,-0.5397520085722141,-3238512.0514332843,-2.755917166028264,-0.9819322154604474,-3.7378493814887115,-0.4729032367454554,-3036038.779905824,-2.7253171660282645,-0.9594322154604474,-3.684749381488712,-0.4474353852642572,-3159788.690736185,-2.7622171660282646,-0.9630322154604475,-3.725249381488712,-0.46692115424141767,-3627136.9103781814,-2.8666171660282647,-0.9927322154604475,-3.859349381488712,-0.5286356029129367,-4517201.799603104,-3.038517166028265,-1.0485322154604475,-4.087049381488713,-0.623556149638017,-5861129.746757834
Nikola Djurisic,ATL,2025,25,G,30,,,-1.560750961303711,-0.26341840624809265,-2.42165,-0.552692,,-1.9058577845301774,-2.42165,,-0.5376534550386618,-0.552692,-2.1637538922650887,-0.5451727275193309,-2.7089266197844197,0.14087903057248283,845274.183434897,-2.0656538922650887,-0.496572727519331,-2.5622266197844197,0.24905186768826093,1598912.9905586352,-2.035053892265089,-0.47407272751933105,-2.50912661978442,0.28947750967284747,2044290.173309649,-2.071953892265089,-0.4776727275193311,-2.54962661978442,0.2585832564134422,2008726.4524709021,-2.176353892265089,-0.5073727275193312,-2.6837266197844203,0.15909404867404542,1359461.8278006923,-2.3482538922650895,-0.5631727275193312,-2.9114266197844207,3.2468095457938166e-05,305.18457755498997
Tyreke Key,TOR,2025,25,G,30,,,-0.9346784949302673,-0.787469744682312,-2.53864,-0.887436,,-1.0987043025717291,-2.53864,,-1.1506201462237304,-0.887436,-1.8186721512858646,-1.0190280731118653,-2.8377002243977296,0.05017459015105306,301047.54090631835,-1.7205721512858647,-0.9704280731118654,-2.69100022439773,0.15382093371984576,987530.3944814098,-1.689972151285865,-0.9479280731118654,-2.6379002243977303,0.192608151659818,1360198.7670216348,-1.7268721512858651,-0.9515280731118655,-2.6784002243977305,0.1629635438581691,1265933.4013990297,-1.8312721512858652,-0.9812280731118656,-2.8125002243977306,0.06761205107890027,577746.3287102245,-2.003172151285866,-1.0370280731118657,-3.0402002243977315,-0.08442374503719045,-793542.8487994628
Colby Jones,DET,2025,25,G,30,-1.8,-0.9,-1.6619035005569458,0.3381076753139496,,,-1.6399567509330475,-2.036267008146292,,-0.5979126313770582,0.16593305421111315,,-1.8381118795396698,-0.21598978858297252,-2.0541016681226423,0.6635933075257615,3981559.845154569,-1.74001187953967,-0.1673897885829727,-1.9074016681226427,0.7947837570396876,5102511.720194794,-1.7094118795396702,-0.14488978858297274,-1.854301668122643,0.8435409274383272,5957086.0295694675,-1.7463118795396704,-0.1484897885829728,-1.8948016681226432,0.8062921186088816,6263438.435777515,-1.8507118795396704,-0.17818978858297285,-2.0289016681226433,0.6857622713153491,5859852.3236350855,-2.022611879539671,-0.23398978858297292,-2.2566016681226437,0.4909739671985302,4614920.606109865
Thomas Sorber,OKC,2025,25,G,30,,,-1.0231225490570068,-0.07042181491851807,-2.57093,-0.139742,,-1.212729323765262,-2.57093,,-0.31191129330552136,-0.139742,-1.8918296618826311,-0.2258266466527607,-2.1176563085353917,0.6083587617130883,3650152.57027853,-1.7937296618826313,-0.17722664665276078,-1.970956308535392,0.7373152155990047,4733563.68414561,-1.7631296618826315,-0.1547266466527608,-1.9178563085353924,0.7852637618132726,5545532.685925332,-1.8000296618826317,-0.15832664665276086,-1.9583563085353926,0.7486317002430933,5815520.773828399,-1.9044296618826317,-0.18802664665276092,-2.0924563085353927,0.630143971652466,5384592.8406497575,-2.076329661882632,-0.243826646652761,-2.320156308535393,0.4388231576821908,4124727.9247432225
Eli John Ndiaye,ATL,2025,25,G,30,,,-2.2286834716796875,-0.02678040787577629,-2.45003,-0.648194,,-2.766978629831233,-2.45003,,-0.26086528519193264,-0.648194,-2.608504314915616,-0.45452964259596634,-3.0630339575115824,-0.09898452046380438,-593907.1227828263,-2.5104043149156166,-0.4059296425959665,-2.916333957511583,-0.003258834951611611,-20921.720389346545,-2.479804314915617,-0.3834296425959665,-2.8632339575115835,0.03266139632983683,230654.7808813077,-2.516704314915617,-0.38702964259596656,-2.9037339575115837,0.005203473267740244,40421.62103845978,-2.621104314915617,-0.4167296425959666,-3.037833957511584,-0.08290766337390106,-708447.6416832522,-2.7930043149156174,-0.4725296425959667,-3.2655339575115843,-0.22264943195428627,-2092798.2339418177
Tamar Bates,DEN,2025,25,G,30,,,-1.4867358207702637,0.08267831802368164,-1.86034,-0.766966,,-1.8104349994566347,-1.86034,,-0.13283478872112542,-0.766966,-1.8353874997283173,-0.4499003943605627,-2.28528789408888,0.46731517671646633,2803891.060298798,-1.7372874997283174,-0.40130039436056286,-2.1385878940888805,0.5903792484441193,3790234.7750112456,-1.7066874997283177,-0.3788003943605629,-2.085487894088881,0.6361949692145991,4492808.872593499,-1.7435874997283178,-0.38240039436056295,-2.1259878940888806,0.601189638915106,4670161.353020328,-1.8479874997283179,-0.412100394360563,-2.2600878940888807,0.48808819830963945,4170723.416319837,-2.019887499728318,-0.4679003943605631,-2.487787894088881,0.3059132290389992,2875438.1264431127
Jahmyl Telfort,LAC,2025,25,G,30,-3.6,-1.5,-2.0034053325653076,-0.43203115463256836,,,-3.4467733733472956,-2.4765425474898803,,-1.0000611670702426,-0.7348745875667413,,-2.961657960418588,-0.867467877318492,-3.82912583773708,-0.515102490556479,-3090614.9433388743,-2.8635579604185883,-0.8188678773184921,-3.6824258377370804,-0.44630553754852165,-2865281.5510615087,-2.8329579604185886,-0.7963678773184921,-3.6293258377370807,-0.42013251619191916,-2966975.829347334,-2.8698579604185888,-0.7999678773184922,-3.669825837737081,-0.44015612659947223,-3419220.822650021,-2.974257960418589,-0.8296678773184922,-3.803925837737081,-0.5036514280071802,-4303711.525349916,-3.146157960418589,-0.8854678773184923,-4.0316258377370815,-0.6015958387742427,-5654713.321666949
Damian Lillard,POR,2025,25,G,30,,,0.2723340690135956,-0.679228663444519,2.36593,-0.144576,,0.4574165078485768,2.36593,,-1.0240138911669994,-0.144576,1.4116732539242884,-0.5842949455834997,0.8273783083407887,4.184523851227928,25107143.107367568,1.5097732539242885,-0.5356949455834998,0.9740783083407887,4.417000589639285,28357143.78548421,1.540373253924288,-0.5131949455834999,1.0271783083407882,4.502419668289142,31796087.697457924,1.5034732539242879,-0.5167949455834999,0.986678308340788,4.4372083870646994,34469122.19239601,1.3990732539242878,-0.5464949455835,0.8525783083407878,4.224091686729958,36094947.94494124,1.2271732539242874,-0.6022949455835,0.6248783083407874,3.8720921489257143,36395815.339854546
Kyrie Irving,DAL,2025,25,G,30,,,0.9360945820808411,-0.5414466261863708,3.29501,0.376724,,1.3131586752244246,3.29501,,-0.8628544907632044,0.376724,2.3040843376122124,-0.2430652453816022,2.06101909223061,6.300130762951575,37800784.57770945,2.402184337612213,-0.19446524538160237,2.2077190922306107,6.575970945791957,42217733.47198436,2.432784337612213,-0.1719652453816024,2.260819092230611,6.677085995124713,47153581.297570735,2.395884337612213,-0.17556524538160245,2.2203190922306106,6.599903210837043,51269368.122424334,2.291484337612213,-0.2052652453816025,2.0862190922306105,6.347147533692948,54236502.61835693,2.1195843376122125,-0.2610652453816026,1.85851909223061,5.927841545333226,55718877.01787367
Nigel Hayes-davis,PHX,2025,25,G,30,-4.0,-1.7,,,-3.94072,-0.760409,-3.8482881783282403,,-3.94072,-1.1341106789679705,,-0.760409,-3.89450408916412,-0.9472598394839853,-4.841763928648105,-0.8493429847749583,-5096057.90864975,-3.7964040891641204,-0.8986598394839854,-4.695063928648106,-0.8161410576087005,-5239625.589847857,-3.7658040891641207,-0.8761598394839855,-4.6419639286481065,-0.8028521253604441,-5669741.709295457,-3.802704089164121,-0.8797598394839855,-4.682463928648106,-0.8130488881429873,-6315926.372872355,-3.907104089164121,-0.9094598394839856,-4.816563928648106,-0.8440064051923307,-7212051.612496573,-4.079004089164121,-0.9652598394839856,-5.044263928648107,-0.8867020948676758,-8334575.848154809
Jimmy Wiseman,IND,2025,25,G,30,-3.4,-2.3,-2.23901629447937,0.31714293360710144,,,-3.246015970856824,-2.7803000492342207,,-1.536259214661155,0.14141124229476137,,-3.0131580100455224,-0.6974239861831968,-3.7105819962287194,-0.4599096274755397,-2759457.764853238,-2.915058010045523,-0.6488239861831969,-3.56388199622872,-0.38694576514455964,-2484191.812228073,-2.884458010045523,-0.626323986183197,-3.51078199622872,-0.3592644759961892,-2537125.7294850885,-2.921358010045523,-0.629923986183197,-3.5512819962287203,-0.38043846014322685,-2955322.0460846154,-3.0257580100455232,-0.6596239861831971,-3.6853819962287204,-0.4477427768216722,-3825970.9827967267,-3.1976580100455236,-0.7154239861831971,-3.913081996228721,-0.5521548443907273,-5189991.607257219
Drew Peterson,CHA,2025,25,G,30,-2.9,-1.2,-1.735266923904419,-0.42380911111831665,,,-2.7441224646306437,-2.1308495777109844,,-0.7989868992236504,-0.7252575167988873,,-2.4374860211708143,-0.7621222080112688,-3.199608229182083,-0.1834678834739,-1100807.3008434,-2.3393860211708146,-0.713522208011269,-3.0529082291820835,-0.0925428910948773,-594125.3608291124,-2.308786021170815,-0.691022208011269,-2.999808229182084,-0.05836033401500529,-412140.67881396745,-2.345686021170815,-0.6946222080112691,-3.040308229182084,-0.08449291234708559,-656357.8416946304,-2.450086021170815,-0.7243222080112691,-3.174408229182084,-0.16821568532711742,-1437406.3954339253,-2.6219860211708155,-0.7801222080112692,-3.4021082291820846,-0.3005060713143014,-2824613.4284523465
Cody Martin,IND,2025,25,G,30,-2.8,1.1,-1.7793419361114502,1.2714718580245972,,,-2.643743763385408,-2.1876725518569935,,0.7425824876002232,1.2576603579829289,,-2.415708157621201,1.000121422791576,-1.415586734829625,1.2722250912200745,7633350.547320447,-2.3176081576212013,1.0487214227915758,-1.2688867348296256,1.4258598431505023,9154020.193026226,-2.2870081576212016,1.071221422791576,-1.2157867348296256,1.4827410248532753,10471117.11751383,-2.3239081576212017,1.067621422791576,-1.2562867348296258,1.4392959362155924,11180738.691709965,-2.428308157621202,1.0379214227915758,-1.390386734829626,1.298249518001454,11093568.096312787,-2.600208157621202,0.9821214227915757,-1.6180867348296264,1.06862435185166,10044558.10496542
Dante Exum,WAS,2025,25,G,30,,,-0.7570116519927979,-0.1902729868888855,-1.45756,-0.521103,,-0.8696502894856395,-1.45756,,-0.4520975134892722,-0.521103,-1.1636051447428197,-0.4866002567446361,-1.6502054014874559,1.0372339033525648,6223403.420115389,-1.0655051447428199,-0.4380002567446362,-1.503505401487456,1.1826216245050796,7592430.829322611,-1.0349051447428201,-0.41550025674463625,-1.4504054014874563,1.2365176846379324,8732287.88891308,-1.0718051447428203,-0.4191002567446363,-1.4909054014874565,1.195349383638324,9285713.081979232,-1.1762051447428203,-0.44880025674463636,-1.6250054014874566,1.0618416622702533,9073458.240932563,-1.3481051447428207,-0.5046002567446364,-1.852705401487457,0.8450171021745215,7942756.842265666
Monte Morris,IND,2025,25,G,30,-3.1,0.2,-0.5022884011268616,-0.2816797196865082,,,-2.9448798671211156,-0.5412525880770973,,0.1393596840604464,-0.5590131502709716,,-1.7430662275991065,-0.20982673310526262,-1.952892960704369,0.7535503401738267,4521302.04104296,-1.6449662275991066,-0.1612267331052628,-1.8061929607043694,0.888298355404758,5702875.441698547,-1.6143662275991069,-0.13872673310526284,-1.7530929607043697,0.9383432336396142,6626579.915962957,-1.651266227599107,-0.1423267331052629,-1.79359296070437,0.9001122747655964,6992252.172834108,-1.755666227599107,-0.17202673310526295,-1.92769296070437,0.776330419546704,6633758.961634979,-1.9275662275991075,-0.22782673310526302,-2.1553929607043703,0.5760202496237362,5414315.008783801
Nic Claxton,BKN,2025,25,G,30,-2.7,-0.5,,,-0.108492,0.239588,-2.5433650621401718,,-0.108492,-0.329813607581602,,0.239588,-1.325928531070086,-0.045112803790801,-1.371041334860887,1.3183310512599395,7909986.307559637,-1.227828531070086,0.003487196209198906,-1.2243413348608871,1.4735316090564985,9460072.930142721,-1.1972285310700863,0.02598719620919887,-1.1712413348608874,1.530979554845785,10811777.616320936,-1.2341285310700865,0.022387196209198823,-1.2117413348608876,1.4871021885149982,11552107.22082221,-1.3385285310700865,-0.007312803790801237,-1.3458413348608878,1.344624450828139,11489842.824815467,-1.510428531070087,-0.06311280379080131,-1.5735413348608882,1.1125689234260063,10457616.072259067
Nate Williams,GSW,2025,25,G,30,-2.3,-2.8,,,-1.61961,-1.18874,-2.1418502571592275,,-1.61961,-1.8713829944054752,,-1.18874,-1.8807301285796139,-1.5300614972027375,-3.4107916257823514,-0.30530508532356165,-1831830.5119413699,-1.782630128579614,-1.4814614972027376,-3.264091625782352,-0.2218033555363706,-1423977.5425434993,-1.7520301285796143,-1.4589614972027376,-3.210991625782352,-0.1903077462658129,-1343953.304129171,-1.7889301285796144,-1.4625614972027376,-3.251491625782352,-0.2143909576246874,-1665431.8370200973,-1.8933301285796145,-1.4922614972027377,-3.385591625782352,-0.2913280488489952,-2489404.003975642,-2.065230128579615,-1.5480614972027378,-3.613291625782353,-0.41209643829793596,-3873509.5379030937
Garrison Mathews,IND,2025,25,G,30,-1.3,-0.2,-0.6191078424453735,-0.08502393215894699,,,-1.1380632447068675,-0.6918601037962666,,-0.12873933973500984,-0.32899093957816544,,-0.914961674251567,-0.22886513965658764,-1.1438268139081547,1.5609032792120274,9365419.675272165,-0.8168616742515672,-0.18026513965658775,-0.9971268139081549,1.724090606237903,11068661.692047337,-0.7862616742515676,-0.15776513965658778,-0.9440268139081553,1.7844294684966961,12601640.90652367,-0.8231616742515677,-0.16136513965658783,-0.9845268139081556,1.7383471658756073,13503828.453954896,-0.9275616742515678,-0.1910651396565879,-1.1186268139081557,1.5885686391386367,13574350.792812437,-1.0994616742515682,-0.24686513965658796,-1.3463268139081561,1.3441164699265837,12634052.329637265
Jake Toppin,ATL,2025,25,G,30,-3.4,-1.2,-1.9379888772964478,-0.26846760511398315,,,-3.246015970856824,-2.392205473934334,,-0.7989868992236504,-0.5435593472575571,,-2.819110722395579,-0.6712731232406037,-3.490383845636183,-0.3484512057293497,-2090707.234376098,-2.7210107223955795,-0.6226731232406039,-3.3436838456361833,-0.26774720510909766,-1718937.056800407,-2.6904107223955798,-0.6001731232406039,-3.2905838456361836,-0.2372642708130762,-1675560.280481944,-2.72731072239558,-0.603773123240604,-3.3310838456361838,-0.2605751029540841,-2024199.5147679164,-2.83171072239558,-0.633473123240604,-3.465183845636184,-0.33495476076812253,-2862195.1298588235,-3.0036107223955804,-0.6892731232406041,-3.6928838456361843,-0.45138066261439114,-4242762.468618548
Tyrese Haliburton,IND,2025,25,G,30,,,2.4256153106689453,0.17128203809261322,3.73735,0.218715,,3.23349842358198,3.73735,,-0.029197749495896236,0.218715,3.48542421179099,0.09475862525205188,3.580182837043042,9.406409227200976,56438455.36320586,3.58352421179099,0.14335862525205179,3.726882837043042,9.73564921125338,62502867.9362467,3.61412421179099,0.16585862525205175,3.7799828370430415,9.856093022988034,69603728.92834151,3.57722421179099,0.1622586252520517,3.7394828370430417,9.764167962292136,75850009.56467777,3.4728242117909898,0.13255862525205164,3.6053828370430416,9.462598969929688,80858097.45002861,3.3009242117909894,0.07675862525205157,3.377682837043041,8.960408627541486,84223558.02356604
Jules Bernard,MIN,2025,25,G,30,,,-1.3085533380508423,-0.5846755504608154,-1.32247,-0.958531,,-1.5807162063845321,-1.32247,,-0.9134180305018255,-0.958531,-1.4515931031922662,-0.9359745152509127,-2.387567618443179,0.3845654031131559,2307392.4186789356,-1.3534931031922663,-0.8873745152509128,-2.240867618443179,0.5040342620356126,3235899.9622686333,-1.3228931031922666,-0.8648745152509129,-2.1877676184431794,0.5485486481097329,3873850.5529509345,-1.3597931031922668,-0.8684745152509129,-2.2282676184431796,0.5145358612227171,3997017.477150312,-1.4641931031922668,-0.898174515250913,-2.3623676184431797,0.4047208421385655,3458347.690490886,-1.6360931031922672,-0.953974515250913,-2.59006761844318,0.2281261724980774,2144276.9771714737
David Jones Garcia,SAS,2025,25,G,30,-2.9,-1.2,,,-1.48861,-0.625148,-2.7441224646306437,,-1.48861,-0.7989868992236504,,-0.625148,-2.116366232315322,-0.7120674496118252,-2.828433681927147,0.056569003249204934,339414.0194952296,-2.018266232315322,-0.6634674496118254,-2.6817336819271476,0.16054107307860815,1030673.6891646645,-1.9876662323153225,-0.6409674496118254,-2.628633681927148,0.19944619193499757,1408489.007444953,-2.0245662323153226,-0.6445674496118254,-2.669133681927148,0.16971165970557295,1318354.114924832,-2.1289662323153227,-0.6742674496118255,-2.803233681927148,0.07406241715433506,632864.8358321363,-2.300866232315323,-0.7300674496118256,-3.0309336819271486,-0.07847895407791668,-737664.6553923676
Bones Hyland,MIN,2025,25,G,30,-0.2,0.3,,,-0.10102,-0.33486,-0.03389753100927151,,-0.10102,0.2063844400093105,,-0.33486,-0.06745876550463575,-0.06423777999534475,-0.1316965454999805,2.791725469848736,16750352.819092415,0.030641234495364156,-0.01563777999534488,0.015003454500019275,2.99048997235568,19198945.622523468,0.061241234495363894,0.006862220004655084,0.06810345450001898,3.0637064625493386,21635895.038523432,0.02434123449536374,0.0032622200046550365,0.027603454500018776,3.007802240316912,23365209.36322984,-0.08005876550463631,-0.026437779995345023,-0.10649654549998133,2.8255022464224,24143973.20572434,-0.2519587655046367,-0.0822377799953451,-0.3341965454999818,2.5258290625066024,23741585.841270197
Terry Rozier,MIA,2025,25,G,30,,,-1.550811767578125,-0.6994647979736328,-1.52416,-1.02425,,-1.8930438448437115,-1.52416,,-1.0476834737345166,-1.02425,-1.7086019224218556,-1.0359667368672585,-2.744568659289114,0.11537611775578385,692256.7065347031,-1.6105019224218557,-0.9873667368672586,-2.5978686592891145,0.2222961091326863,1427141.020631846,-1.579901922421856,-0.9648667368672587,-2.5447686592891148,0.2622682670768209,1852138.5020965093,-1.6168019224218562,-0.9684667368672587,-2.585268659289115,0.2317198914753869,1800046.460959101,-1.7212019224218562,-0.9981667368672588,-2.719368659289115,0.13337592309238608,1139699.9303429013,-1.8931019224218566,-1.0539667368672587,-2.9470686592891155,-0.023741056431384088,-223154.5822300363
Georges Niang,MEM,2025,25,G,30,,,-0.8863173127174377,-0.7018077969551086,0.391832,-1.82923,,-1.0363554552556606,0.391832,,-1.0504240073956201,-1.82923,-0.32226172762783034,-1.43982700369781,-1.7620887313256404,0.9298175041111495,5578905.024666897,-0.2241617276278305,-1.3912270036978103,-1.6153887313256408,1.0712724381676715,6877569.053036451,-0.19356172762783075,-1.3687270036978103,-1.562288731325641,1.123744974136944,7935887.0073551,-0.2304617276278309,-1.3723270036978104,-1.6027887313256413,1.083662411906168,8418106.348169496,-0.33486172762783095,-1.4020270036978104,-1.7368887313256414,0.9537496922393428,8149810.195179031,-0.5067617276278313,-1.4578270036978105,-1.9645887313256418,0.7430293967772681,6984121.161654663
Fred Vanvleet,HOU,2025,25,G,30,,,-0.237359881401062,1.180335283279419,0.349138,1.43231,,-0.19969791405438586,0.349138,,1.1510607167447169,1.43231,0.07472004297280707,1.2916853583723584,1.3664054013451654,5.064060426893845,30384362.56136307,0.17282004297280684,1.3402853583723584,1.5131054013451652,5.315484391838629,34125409.795604,0.20342004297280658,1.3627853583723586,1.5662054013451652,5.407761669049664,38189612.90682873,0.16652004297280643,1.3591853583723585,1.525705401345165,5.337319558414154,41461365.79367284,0.06212004297280638,1.3294853583723585,1.3916054013451649,5.1068830006960955,43638417.37860816,-0.10977995702719401,1.2736853583723584,1.1639054013451644,4.72547457753629,44417202.251993075
Jackson Rowe,GSW,2025,25,G,30,,,-1.3505150079727173,-0.3392919600009918,,,,-1.6348145892481378,,,-0.6264004112649837,,-1.6348145892481378,-0.6264004112649837,-2.2612150005131215,0.48715584425874536,2922935.065552472,-1.536714589248138,-0.5778004112649838,-2.114515000513122,0.611066097140954,3923044.3436449245,-1.5061145892481382,-0.5553004112649839,-2.061415000513122,0.65718810434161,4641062.392860451,-1.5430145892481384,-0.5589004112649839,-2.1019150005131224,0.621949165747914,4831425.509362947,-1.6474145892481384,-0.588600411264984,-2.2360150005131225,0.5080742221238664,4341504.389532883,-1.8193145892481388,-0.644400411264984,-2.463715000513123,0.32458585511026694,3050951.885997768
Alex Toohey,GSW,2025,25,G,30,,,-2.223402738571167,-0.05821625888347626,,,,-2.7601705327741533,,,-0.297634830775672,,-2.7601705327741533,-0.297634830775672,-3.057805363549825,-0.09566134198047734,-573968.051882864,-2.6620705327741536,-0.24903483077567212,-2.911105363549826,0.00024813272437458346,1593.0120904848259,-2.631470532774154,-0.22653483077567216,-2.858005363549826,0.036234888928319255,255890.7856117906,-2.668370532774154,-0.2301348307756722,-2.8985053635498264,0.008726226518556457,67787.07284145028,-2.772770532774154,-0.25983483077567227,-3.0326053635498265,-0.07955291374091444,-679781.2389743889,-2.9446705327741545,-0.31563483077567234,-3.260305363549827,-0.2195799502092931,-2063946.5727511558
Bub Carrington,WAS,2025,25,G,30,,,,,-1.12399,-1.41731,,,-1.12399,,,-1.41731,-1.12399,-1.41731,-2.5413,0.26490288219044933,1589417.293142696,-1.0258900000000002,-1.36871,-2.3946000000000005,0.37896792691379927,2432974.090786591,-0.9952900000000005,-1.3462100000000001,-2.341500000000001,0.4215263311612491,2976818.950660742,-1.0321900000000006,-1.3498100000000002,-2.3820000000000006,0.389005394819999,3021871.708040717,-1.1365900000000007,-1.3795100000000002,-2.5161000000000007,0.28413005865404933,2427897.0338000255,-1.308490000000001,-1.4353100000000003,-2.743800000000001,0.11592290430419896,1089619.889311213
Gabe Mcglothan,IND,2025,25,G,30,,,-1.338632345199585,-0.08987920731306076,,,,-1.6194950645167134,,,-0.3346700052111287,,-1.6194950645167134,-0.3346700052111287,-1.954165069727842,0.752404424476583,4514426.546859498,-1.5213950645167136,-0.28607000521112885,-1.8074650697278425,0.8871077240741893,5695231.588556295,-1.4907950645167138,-0.2635700052111289,-1.7543650697278428,0.9371364168957566,6618057.376117833,-1.527695064516714,-0.26717000521112894,-1.794865069727843,0.8989178028284847,6982973.275932237,-1.632095064516714,-0.296870005211129,-1.928965069727843,0.7751768226363733,6623901.452964265,-1.8039950645167144,-0.35267000521112907,-2.1566650697278433,0.574936057960223,5404124.125390392
Alex Sarr,WAS,2025,25,G,30,,,,,-0.0956364,-0.623091,,,-0.0956364,,,-0.623091,-0.0956364,-0.623091,-0.7187273999999999,2.0479574011425665,12287744.406855399,0.002463599999999788,-0.5744910000000001,-0.5720274000000003,2.2260873071205522,14291480.511713946,0.03306359999999953,-0.5519910000000001,-0.5189274000000006,2.291834832926429,16184937.590126444,-0.003836400000000628,-0.5555910000000002,-0.5594274000000008,2.2416272784473956,17413409.024435062,-0.10823640000000068,-0.5852910000000002,-0.6935274000000009,2.0781895844474527,17758171.56289518,-0.28013640000000106,-0.6410910000000003,-0.9212274000000014,1.8105443325674,17018251.2859426
Kevon Harris,HOU,2025,25,G,30,,,-1.498344898223877,-0.5614456534385681,,,,-1.8254018088793318,,,-0.8862467362602324,,-1.8254018088793318,-0.8862467362602324,-2.711648545139564,0.13892067879221978,833524.0727533187,-1.727301808879332,-0.8376467362602326,-2.5649485451395644,0.24699783808960882,1585726.1205352887,-1.6967018088793322,-0.8151467362602326,-2.5118485451395647,0.2873888482258215,2029540.0461707518,-1.7336018088793324,-0.8187467362602326,-2.552348545139565,0.2565210090880572,1992706.5027978467,-1.8380018088793324,-0.8484467362602327,-2.686448545139565,0.1571192614403166,1342587.2313927347,-2.0099018088793326,-0.9042467362602328,-2.9141485451395654,-0.0017938130766008032,-16860.985477396942
Jaden Springer,NOP,2025,25,G,30,,,-1.0549710988998413,0.6173447370529175,,,,-1.2537895352929755,,,0.49254803491468946,,-1.2537895352929755,0.49254803491468946,-0.7612415003782861,1.9972985631011817,11983791.37860709,-1.1556895352929757,0.5411480349146893,-0.6145415003782864,2.1739340649922743,13956656.697250402,-1.125089535292976,0.5636480349146894,-0.5614415003782866,2.2391406715274345,15812811.422326744,-1.161989535292976,0.5600480349146894,-0.6019415003782868,2.189345682593862,17007275.131525643,-1.2663895352929762,0.5303480349146893,-0.7360415003782869,2.0272740389555586,17323097.208356034,-1.4382895352929765,0.4745480349146892,-0.9637415003782873,1.761948322253323,16561472.017883206
Kyle Mangas,SAS,2025,25,G,30,,,-1.5563088655471802,-0.7051534652709961,,,,-1.9001308866874314,,,-1.0543373324593812,,-1.9001308866874314,-1.0543373324593812,-2.9544682191468126,-0.02863846529226002,-171830.79175356013,-1.8020308866874315,-1.0057373324593812,-2.807768219146813,0.0709033913646906,455199.77256131364,-1.7714308866874318,-0.9832373324593813,-2.7546682191468133,0.10820493612798383,764143.2589358218,-1.808330886687432,-0.9868373324593813,-2.795168219146813,0.07969346888481947,619074.8049910547,-1.912730886687432,-1.0165373324593814,-2.929268219146813,-0.011906069600802649,-101737.60286025068,-2.0846308866874326,-1.0723373324593815,-3.156968219146814,-0.15757109768808314,-1481092.9992832872
